DATE,DEXBZUS
2007-02-05,2.0925
2007-02-06,2.0852
2007-02-07,2.0850
2007-02-08,2.0970
2007-02-09,2.0993
2007-02-12,2.1135
2007-02-13,2.1080
2007-02-14,2.0980
2007-02-15,2.0870
2007-02-16,2.0898
2007-02-19,.
2007-02-20,2.0810
2007-02-21,2.0791
2007-02-22,2.0740
2007-02-23,2.0870
2007-02-26,2.0828
2007-02-27,2.1045
2007-02-28,2.1200
2007-03-01,2.1230
2007-03-02,2.1210
2007-03-05,2.1385
2007-03-06,2.1235
2007-03-07,2.1140
2007-03-08,2.1034
2007-03-09,2.0955
2007-03-12,2.0915
2007-03-13,2.0885
2007-03-14,2.1060
2007-03-15,2.0900
2007-03-16,2.0900
2007-03-19,2.0790
2007-03-20,2.0753
2007-03-21,2.0720
2007-03-22,2.0555
2007-03-23,2.0670
2007-03-26,2.0610
2007-03-27,2.0612
2007-03-28,2.0740
2007-03-29,2.0540
2007-03-30,2.0580
2007-04-02,2.0465
2007-04-03,2.0370
2007-04-04,2.0308
2007-04-05,2.0304
2007-04-06,2.0306
2007-04-09,2.0215
2007-04-10,2.0310
2007-04-11,2.0305
2007-04-12,2.0367
2007-04-13,2.0192
2007-04-16,2.0316
2007-04-17,2.0317
2007-04-18,2.0380
2007-04-19,2.0310
2007-04-20,2.0240
2007-04-23,2.0231
2007-04-24,2.0359
2007-04-25,2.0221
2007-04-26,2.0210
2007-04-27,2.0305
2007-04-30,2.0308
2007-05-01,2.0330
2007-05-02,2.0243
2007-05-03,2.0220
2007-05-04,2.0283
2007-05-07,2.0235
2007-05-08,2.0245
2007-05-09,2.0220
2007-05-10,2.0167
2007-05-11,2.0173
2007-05-14,2.0103
2007-05-15,1.9888
2007-05-16,1.9636
2007-05-17,1.9541
2007-05-18,1.9631
2007-05-21,1.9426
2007-05-22,1.9376
2007-05-23,1.9415
2007-05-24,1.9650
2007-05-25,1.9456
2007-05-28,.
2007-05-29,1.9420
2007-05-30,1.9498
2007-05-31,1.9225
2007-06-01,1.9010
2007-06-04,1.9182
2007-06-05,1.9401
2007-06-06,1.9680
2007-06-07,1.9673
2007-06-08,1.9666
2007-06-11,1.9430
2007-06-12,1.9390
2007-06-13,1.9467
2007-06-14,1.9310
2007-06-15,1.9098
2007-06-18,1.9029
2007-06-19,1.9017
2007-06-20,1.9175
2007-06-21,1.9190
2007-06-22,1.9230
2007-06-25,1.9362
2007-06-26,1.9430
2007-06-27,1.9500
2007-06-28,1.9239
2007-06-29,1.9301
2007-07-02,1.9160
2007-07-03,1.9142
2007-07-04,.
2007-07-05,1.9134
2007-07-06,1.9015
2007-07-09,1.8980
2007-07-10,1.8910
2007-07-11,1.8890
2007-07-12,1.8758
2007-07-13,1.8713
2007-07-16,1.8694
2007-07-17,1.8639
2007-07-18,1.8573
2007-07-19,1.8538
2007-07-20,1.8619
2007-07-23,1.8413
2007-07-24,1.8490
2007-07-25,1.8705
2007-07-26,1.8953
2007-07-27,1.9170
2007-07-30,1.8865
2007-07-31,1.8690
2007-08-01,1.8810
2007-08-02,1.8692
2007-08-03,1.8781
2007-08-06,1.8985
2007-08-07,1.9070
2007-08-08,1.8851
2007-08-09,1.9144
2007-08-10,1.9423
2007-08-13,1.9380
2007-08-14,1.9752
2007-08-15,1.9963
2007-08-16,2.1050
2007-08-17,2.0320
2007-08-20,2.0370
2007-08-21,2.0286
2007-08-22,2.0131
2007-08-23,1.9992
2007-08-24,1.9745
2007-08-27,1.9550
2007-08-28,1.9876
2007-08-29,1.9741
2007-08-30,1.9665
2007-08-31,1.9672
2007-09-03,1.9672
2007-09-04,1.9465
2007-09-05,1.9678
2007-09-06,1.9490
2007-09-07,1.9595
2007-09-10,1.9600
2007-09-11,1.9305
2007-09-12,1.9095
2007-09-13,1.8979
2007-09-14,1.8945
2007-09-17,1.9129
2007-09-18,1.9005
2007-09-19,1.8700
2007-09-20,1.8560
2007-09-21,1.8620
2007-09-24,1.8700
2007-09-25,1.8650
2007-09-26,1.8530
2007-09-27,1.8380
2007-09-28,1.8360
2007-10-01,1.8179
2007-10-02,1.8220
2007-10-03,1.8270
2007-10-04,1.8288
2007-10-05,1.8057
2007-10-08,1.8057
2007-10-09,1.8010
2007-10-10,1.8015
2007-10-11,1.7897
2007-10-12,1.7998
2007-10-15,1.8068
2007-10-16,1.8229
2007-10-17,1.8060
2007-10-18,1.8048
2007-10-19,1.7963
2007-10-22,1.8187
2007-10-23,1.7970
2007-10-24,1.8033
2007-10-25,1.7931
2007-10-26,1.7779
2007-10-29,1.7555
2007-10-30,1.7502
2007-10-31,1.7386
2007-11-01,1.7473
2007-11-02,1.7550
2007-11-05,1.7540
2007-11-06,1.7298
2007-11-07,1.7304
2007-11-08,1.7352
2007-11-09,1.7505
2007-11-12,.
2007-11-13,1.7682
2007-11-14,1.7335
2007-11-15,1.7448
2007-11-16,1.7422
2007-11-19,1.7610
2007-11-20,1.7570
2007-11-21,1.7859
2007-11-22,1.7859
2007-11-23,1.8020
2007-11-26,1.8302
2007-11-27,1.8380
2007-11-28,1.7976
2007-11-29,1.7760
2007-11-30,1.7800
2007-12-03,1.7840
2007-12-04,1.8204
2007-12-05,1.7928
2007-12-06,1.7868
2007-12-07,1.7620
2007-12-10,1.7625
2007-12-11,1.7580
2007-12-12,1.7583
2007-12-13,1.7760
2007-12-14,1.7959
2007-12-17,1.8158
2007-12-18,1.8092
2007-12-19,1.8025
2007-12-20,1.8021
2007-12-21,1.7906
2007-12-24,1.7915
2007-12-25,.
2007-12-26,1.7735
2007-12-27,1.7655
2007-12-28,1.7771
2007-12-31,1.7790
2008-01-01,.
2008-01-02,1.7681
2008-01-03,1.7496
2008-01-04,1.7607
2008-01-07,1.7679
2008-01-08,1.7565
2008-01-09,1.7725
2008-01-10,1.7640
2008-01-11,1.7490
2008-01-14,1.7346
2008-01-15,1.7481
2008-01-16,1.7685
2008-01-17,1.7769
2008-01-18,1.7930
2008-01-21,.
2008-01-22,1.8013
2008-01-23,1.8175
2008-01-24,1.7848
2008-01-25,1.7860
2008-01-28,1.7828
2008-01-29,1.7728
2008-01-30,1.7778
2008-01-31,1.7578
2008-02-01,1.7438
2008-02-04,1.7455
2008-02-05,1.7605
2008-02-06,1.7508
2008-02-07,1.7610
2008-02-08,1.7655
2008-02-11,1.7605
2008-02-12,1.7450
2008-02-13,1.7458
2008-02-14,1.7463
2008-02-15,1.7513
2008-02-18,.
2008-02-19,1.7315
2008-02-20,1.7340
2008-02-21,1.7070
2008-02-22,1.7086
2008-02-25,1.7052
2008-02-26,1.6860
2008-02-27,1.6671
2008-02-28,1.6800
2008-02-29,1.6845
2008-03-03,1.6779
2008-03-04,1.6818
2008-03-05,1.6673
2008-03-06,1.6690
2008-03-07,1.6873
2008-03-10,1.7037
2008-03-11,1.7011
2008-03-12,1.6802
2008-03-13,1.6994
2008-03-14,1.7040
2008-03-17,1.7221
2008-03-18,1.7060
2008-03-19,1.6996
2008-03-20,1.7392
2008-03-21,1.7308
2008-03-24,1.7303
2008-03-25,1.7403
2008-03-26,1.7353
2008-03-27,1.7313
2008-03-28,1.7393
2008-03-31,1.7441
2008-04-01,1.7410
2008-04-02,1.7241
2008-04-03,1.7211
2008-04-04,1.7100
2008-04-07,1.6985
2008-04-08,1.6983
2008-04-09,1.6914
2008-04-10,1.6775
2008-04-11,1.6810
2008-04-14,1.6795
2008-04-15,1.6845
2008-04-16,1.6720
2008-04-17,1.6625
2008-04-18,1.6640
2008-04-21,1.6660
2008-04-22,1.6547
2008-04-23,1.6571
2008-04-24,1.6690
2008-04-25,1.6686
2008-04-28,1.6778
2008-04-29,1.7060
2008-04-30,1.6950
2008-05-01,1.6618
2008-05-02,1.6463
2008-05-05,1.6599
2008-05-06,1.6605
2008-05-07,1.6743
2008-05-08,1.6790
2008-05-09,1.6880
2008-05-12,1.6670
2008-05-13,1.6600
2008-05-14,1.6618
2008-05-15,1.6518
2008-05-16,1.6430
2008-05-19,1.6470
2008-05-20,1.6539
2008-05-21,1.6500
2008-05-22,1.6563
2008-05-23,1.6550
2008-05-26,.
2008-05-27,1.6709
2008-05-28,1.6684
2008-05-29,1.6476
2008-05-30,1.6252
2008-06-02,1.6305
2008-06-03,1.6227
2008-06-04,1.6293
2008-06-05,1.6345
2008-06-06,1.6261
2008-06-09,1.6226
2008-06-10,1.6403
2008-06-11,1.6405
2008-06-12,1.6392
2008-06-13,1.6316
2008-06-16,1.6249
2008-06-17,1.6128
2008-06-18,1.6088
2008-06-19,1.6036
2008-06-20,1.6018
2008-06-23,1.6137
2008-06-24,1.6030
2008-06-25,1.5996
2008-06-26,1.5925
2008-06-27,1.6038
2008-06-30,1.5945
2008-07-01,1.6090
2008-07-02,1.6003
2008-07-03,1.6061
2008-07-04,.
2008-07-07,1.5999
2008-07-08,1.6110
2008-07-09,1.6067
2008-07-10,1.6082
2008-07-11,1.6030
2008-07-14,1.5928
2008-07-15,1.5935
2008-07-16,1.5954
2008-07-17,1.5877
2008-07-18,1.5898
2008-07-21,1.5842
2008-07-22,1.5841
2008-07-23,1.5838
2008-07-24,1.5775
2008-07-25,1.5728
2008-07-28,1.5752
2008-07-29,1.5715
2008-07-30,1.5605
2008-07-31,1.5660
2008-08-01,1.5580
2008-08-04,1.5683
2008-08-05,1.5734
2008-08-06,1.5801
2008-08-07,1.5897
2008-08-08,1.6107
2008-08-11,1.6089
2008-08-12,1.6223
2008-08-13,1.6240
2008-08-14,1.6225
2008-08-15,1.6361
2008-08-18,1.6303
2008-08-19,1.6380
2008-08-20,1.6240
2008-08-21,1.6135
2008-08-22,1.6184
2008-08-25,1.6269
2008-08-26,1.6390
2008-08-27,1.6220
2008-08-28,1.6265
2008-08-29,1.6349
2008-09-01,.
2008-09-02,1.6573
2008-09-03,1.6741
2008-09-04,1.6968
2008-09-05,1.7339
2008-09-08,1.7429
2008-09-09,1.7569
2008-09-10,1.7823
2008-09-11,1.8163
2008-09-12,1.7810
2008-09-15,1.8050
2008-09-16,1.8281
2008-09-17,1.8785
2008-09-18,1.9095
2008-09-19,1.8230
2008-09-22,1.7985
2008-09-23,1.8167
2008-09-24,1.8432
2008-09-25,1.8327
2008-09-26,1.8540
2008-09-29,1.9115
2008-09-30,1.9225
2008-10-01,1.9350
2008-10-02,1.9958
2008-10-03,2.0080
2008-10-06,2.1646
2008-10-07,2.2310
2008-10-08,2.4060
2008-10-09,2.2000
2008-10-10,2.2972
2008-10-13,.
2008-10-14,2.0855
2008-10-15,2.1650
2008-10-16,2.1925
2008-10-17,2.1200
2008-10-20,2.1060
2008-10-21,2.2130
2008-10-22,2.3760
2008-10-23,2.2770
2008-10-24,2.3881
2008-10-27,2.2550
2008-10-28,2.1862
2008-10-29,2.1260
2008-10-30,2.1310
2008-10-31,2.1230
2008-11-03,2.1736
2008-11-04,2.0995
2008-11-05,2.1210
2008-11-06,2.1865
2008-11-07,2.1523
2008-11-10,2.1700
2008-11-11,.
2008-11-12,2.2785
2008-11-13,2.3325
2008-11-14,2.2756
2008-11-17,2.3035
2008-11-18,2.2985
2008-11-19,2.3894
2008-11-20,2.3950
2008-11-21,2.4560
2008-11-24,2.3213
2008-11-25,2.3012
2008-11-26,2.3060
2008-11-27,.
2008-11-28,2.3074
2008-12-01,2.3625
2008-12-02,2.3780
2008-12-03,2.3955
2008-12-04,2.4790
2008-12-05,2.6187
2008-12-08,2.4625
2008-12-09,2.4835
2008-12-10,2.4330
2008-12-11,2.2905
2008-12-12,2.3990
2008-12-15,2.3585
2008-12-16,2.3670
2008-12-17,2.3690
2008-12-18,2.3560
2008-12-19,2.3785
2008-12-22,2.4050
2008-12-23,2.3752
2008-12-24,2.3750
2008-12-25,.
2008-12-26,2.3727
2008-12-29,2.3975
2008-12-30,2.3291
2008-12-31,2.3130
2009-01-01,.
2009-01-02,2.3230
2009-01-05,2.2640
2009-01-06,2.1895
2009-01-07,2.2209
2009-01-08,2.2650
2009-01-09,2.2888
2009-01-12,2.3194
2009-01-13,2.2945
2009-01-14,2.3537
2009-01-15,2.3698
2009-01-16,2.3380
2009-01-19,.
2009-01-20,2.3617
2009-01-21,2.3525
2009-01-22,2.3515
2009-01-23,2.3467
2009-01-26,2.3123
2009-01-27,2.3183
2009-01-28,2.2890
2009-01-29,2.2871
2009-01-30,2.3130
2009-02-02,2.3262
2009-02-03,2.3151
2009-02-04,2.2910
2009-02-05,2.2966
2009-02-06,2.2620
2009-02-09,2.2375
2009-02-10,2.2663
2009-02-11,2.2649
2009-02-12,2.2940
2009-02-13,2.2765
2009-02-16,.
2009-02-17,2.3192
2009-02-18,2.3572
2009-02-19,2.3554
2009-02-20,2.3898
2009-02-23,2.3880
2009-02-24,2.3830
2009-02-25,2.3880
2009-02-26,2.3508
2009-02-27,2.3750
2009-03-02,2.4365
2009-03-03,2.4420
2009-03-04,2.3738
2009-03-05,2.3860
2009-03-06,2.3735
2009-03-09,2.3698
2009-03-10,2.3472
2009-03-11,2.3357
2009-03-12,2.3265
2009-03-13,2.3125
2009-03-16,2.2635
2009-03-17,2.2792
2009-03-18,2.3033
2009-03-19,2.2516
2009-03-20,2.2500
2009-03-23,2.2709
2009-03-24,2.2548
2009-03-25,2.2383
2009-03-26,2.2371
2009-03-27,2.2761
2009-03-30,2.3251
2009-03-31,2.3007
2009-04-01,2.2860
2009-04-02,2.2400
2009-04-03,2.2024
2009-04-06,2.2274
2009-04-07,2.2255
2009-04-08,2.1950
2009-04-09,2.1774
2009-04-10,2.1700
2009-04-13,2.1745
2009-04-14,2.1778
2009-04-15,2.1955
2009-04-16,2.1756
2009-04-17,2.1856
2009-04-20,2.2322
2009-04-21,2.2390
2009-04-22,2.2045
2009-04-23,2.2185
2009-04-24,2.1960
2009-04-27,2.1963
2009-04-28,2.2060
2009-04-29,2.1617
2009-04-30,2.1724
2009-05-01,2.1730
2009-05-04,2.1363
2009-05-05,2.1495
2009-05-06,2.1199
2009-05-07,2.1052
2009-05-08,2.0742
2009-05-11,2.0528
2009-05-12,2.0687
2009-05-13,2.1010
2009-05-14,2.0939
2009-05-15,2.0815
2009-05-18,2.0798
2009-05-19,2.0489
2009-05-20,2.0205
2009-05-21,2.0332
2009-05-22,2.0274
2009-05-25,.
2009-05-26,2.0221
2009-05-27,2.0148
2009-05-28,2.0074
2009-05-29,1.9678
2009-06-01,1.9452
2009-06-02,1.9402
2009-06-03,1.9474
2009-06-04,1.9457
2009-06-05,1.9606
2009-06-08,1.9779
2009-06-09,1.9448
2009-06-10,1.9494
2009-06-11,1.9487
2009-06-12,1.9214
2009-06-15,1.9480
2009-06-16,1.9475
2009-06-17,1.9855
2009-06-18,1.9611
2009-06-19,1.9540
2009-06-22,2.0138
2009-06-23,2.0026
2009-06-24,1.9650
2009-06-25,1.9632
2009-06-26,1.9444
2009-06-29,1.9570
2009-06-30,1.9653
2009-07-01,1.9299
2009-07-02,1.9565
2009-07-03,1.9509
2009-07-06,1.9727
2009-07-07,1.9667
2009-07-08,2.0035
2009-07-09,1.9910
2009-07-10,2.0141
2009-07-13,1.9897
2009-07-14,1.9721
2009-07-15,1.9358
2009-07-16,1.9362
2009-07-17,1.9278
2009-07-20,1.9056
2009-07-21,1.9085
2009-07-22,1.9046
2009-07-23,1.8870
2009-07-24,1.8958
2009-07-27,1.8857
2009-07-28,1.8785
2009-07-29,1.8987
2009-07-30,1.8780
2009-07-31,1.8653
2009-08-03,1.8353
2009-08-04,1.8326
2009-08-05,1.8291
2009-08-06,1.8304
2009-08-07,1.8211
2009-08-10,1.8435
2009-08-11,1.8530
2009-08-12,1.8318
2009-08-13,1.8340
2009-08-14,1.8440
2009-08-17,1.8665
2009-08-18,1.8683
2009-08-19,1.8325
2009-08-20,1.8453
2009-08-21,1.8297
2009-08-24,1.8333
2009-08-25,1.8300
2009-08-26,1.8672
2009-08-27,1.8810
2009-08-28,1.8730
2009-08-31,1.8700
2009-09-01,1.8936
2009-09-02,1.8936
2009-09-03,1.8730
2009-09-04,1.8458
2009-09-07,.
2009-09-08,1.8245
2009-09-09,1.8295
2009-09-10,1.8206
2009-09-11,1.8129
2009-09-14,1.8161
2009-09-15,1.8058
2009-09-16,1.7983
2009-09-17,1.8097
2009-09-18,1.8080
2009-09-21,1.8137
2009-09-22,1.8028
2009-09-23,1.7877
2009-09-24,1.8025
2009-09-25,1.8002
2009-09-28,1.7886
2009-09-29,1.7905
2009-09-30,1.7743
2009-10-01,1.7810
2009-10-02,1.7814
2009-10-05,1.7702
2009-10-06,1.7493
2009-10-07,1.7613
2009-10-08,1.7450
2009-10-09,1.7395
2009-10-12,.
2009-10-13,1.7310
2009-10-14,1.7055
2009-10-15,1.7010
2009-10-16,1.7070
2009-10-19,1.7085
2009-10-20,1.7555
2009-10-21,1.7335
2009-10-22,1.7258
2009-10-23,1.7143
2009-10-26,1.7166
2009-10-27,1.7308
2009-10-28,1.7541
2009-10-29,1.7380
2009-10-30,1.7445
2009-11-02,1.7485
2009-11-03,1.7530
2009-11-04,1.7229
2009-11-05,1.7222
2009-11-06,1.7165
2009-11-09,1.6995
2009-11-10,1.7088
2009-11-11,.
2009-11-12,1.7350
2009-11-13,1.7270
2009-11-16,1.7102
2009-11-17,1.7205
2009-11-18,1.7078
2009-11-19,1.7325
2009-11-20,1.7340
2009-11-23,1.7255
2009-11-24,1.7308
2009-11-25,1.7271
2009-11-26,.
2009-11-27,1.7369
2009-11-30,1.7505
2009-12-01,1.7253
2009-12-02,1.7195
2009-12-03,1.7050
2009-12-04,1.7234
2009-12-07,1.7265
2009-12-08,1.7500
2009-12-09,1.7630
2009-12-10,1.7723
2009-12-11,1.7605
2009-12-14,1.7465
2009-12-15,1.7510
2009-12-16,1.7469
2009-12-17,1.7905
2009-12-18,1.7890
2009-12-21,1.7820
2009-12-22,1.7827
2009-12-23,1.7605
2009-12-24,1.7618
2009-12-25,.
2009-12-28,1.7385
2009-12-29,1.7380
2009-12-30,1.7423
2009-12-31,1.7425
2010-01-01,.
2010-01-04,1.7200
2010-01-05,1.7296
2010-01-06,1.7292
2010-01-07,1.7409
2010-01-08,1.7342
2010-01-11,1.7330
2010-01-12,1.7407
2010-01-13,1.7480
2010-01-14,1.7684
2010-01-15,1.7681
2010-01-18,.
2010-01-19,1.7767
2010-01-20,1.7920
2010-01-21,1.8021
2010-01-22,1.8210
2010-01-25,1.8200
2010-01-26,1.8466
2010-01-27,1.8529
2010-01-28,1.8525
2010-01-29,1.8755
2010-02-01,1.8645
2010-02-02,1.8325
2010-02-03,1.8507
2010-02-04,1.8865
2010-02-05,1.8845
2010-02-08,1.8648
2010-02-09,1.8450
2010-02-10,1.8575
2010-02-11,1.8551
2010-02-12,1.8624
2010-02-15,.
2010-02-16,1.8394
2010-02-17,1.8355
2010-02-18,1.8229
2010-02-19,1.8050
2010-02-22,1.8080
2010-02-23,1.8225
2010-02-24,1.8203
2010-02-25,1.8400
2010-02-26,1.8010
2010-03-01,1.7971
2010-03-02,1.7822
2010-03-03,1.7763
2010-03-04,1.7895
2010-03-05,1.7781
2010-03-08,1.7870
2010-03-09,1.7894
2010-03-10,1.7685
2010-03-11,1.7698
2010-03-12,1.7630
2010-03-15,1.7660
2010-03-16,1.7620
2010-03-17,1.7655
2010-03-18,1.7895
2010-03-19,1.7988
2010-03-22,1.8022
2010-03-23,1.7815
2010-03-24,1.7882
2010-03-25,1.8050
2010-03-26,1.8207
2010-03-29,1.8080
2010-03-30,1.7970
2010-03-31,1.7821
2010-04-01,1.7659
2010-04-02,1.7640
2010-04-05,1.7585
2010-04-06,1.7593
2010-04-07,1.7635
2010-04-08,1.7780
2010-04-09,1.7709
2010-04-12,1.7575
2010-04-13,1.7583
2010-04-14,1.7445
2010-04-15,1.7428
2010-04-16,1.7610
2010-04-19,1.7622
2010-04-20,1.7509
2010-04-21,1.7497
2010-04-22,1.7690
2010-04-23,1.7633
2010-04-26,1.7450
2010-04-27,1.7652
2010-04-28,1.7622
2010-04-29,1.7305
2010-04-30,1.7270
2010-05-03,1.7360
2010-05-04,1.7515
2010-05-05,1.7819
2010-05-06,1.8365
2010-05-07,1.8360
2010-05-10,1.7783
2010-05-11,1.7764
2010-05-12,1.7734
2010-05-13,1.7721
2010-05-14,1.8035
2010-05-17,1.8204
2010-05-18,1.7980
2010-05-19,1.8498
2010-05-20,1.8885
2010-05-21,1.8499
2010-05-24,1.8520
2010-05-25,1.8785
2010-05-26,1.8560
2010-05-27,1.8274
2010-05-28,1.8170
2010-05-31,.
2010-06-01,1.8235
2010-06-02,1.8287
2010-06-03,1.8170
2010-06-04,1.8420
2010-06-07,1.8651
2010-06-08,1.8608
2010-06-09,1.8380
2010-06-10,1.8140
2010-06-11,1.8045
2010-06-14,1.8017
2010-06-15,1.7902
2010-06-16,1.7854
2010-06-17,1.7819
2010-06-18,1.7723
2010-06-21,1.7624
2010-06-22,1.7670
2010-06-23,1.7870
2010-06-24,1.7915
2010-06-25,1.7820
2010-06-28,1.7773
2010-06-29,1.8060
2010-06-30,1.7941
2010-07-01,1.8010
2010-07-02,1.7765
2010-07-05,.
2010-07-06,1.7628
2010-07-07,1.7706
2010-07-08,1.7595
2010-07-09,1.7587
2010-07-12,1.7648
2010-07-13,1.7510
2010-07-14,1.7603
2010-07-15,1.7715
2010-07-16,1.7858
2010-07-19,1.7857
2010-07-20,1.7789
2010-07-21,1.7735
2010-07-22,1.7639
2010-07-23,1.7618
2010-07-26,1.7680
2010-07-27,1.7640
2010-07-28,1.7623
2010-07-29,1.7678
2010-07-30,1.7585
2010-08-02,1.7460
2010-08-03,1.7568
2010-08-04,1.7582
2010-08-05,1.7565
2010-08-06,1.7585
2010-08-09,1.7540
2010-08-10,1.7613
2010-08-11,1.7670
2010-08-12,1.7685
2010-08-13,1.7718
2010-08-16,1.7580
2010-08-17,1.7513
2010-08-18,1.7513
2010-08-19,1.7626
2010-08-20,1.7615
2010-08-23,1.7640
2010-08-24,1.7622
2010-08-25,1.7680
2010-08-26,1.7590
2010-08-27,1.7493
2010-08-30,1.7570
2010-08-31,1.7529
2010-09-01,1.7406
2010-09-02,1.7339
2010-09-03,1.7238
2010-09-06,.
2010-09-07,1.7280
2010-09-08,1.7230
2010-09-09,1.7256
2010-09-10,1.7183
2010-09-13,1.7165
2010-09-14,1.7037
2010-09-15,1.7176
2010-09-16,1.7198
2010-09-17,1.7145
2010-09-20,1.7158
2010-09-21,1.7276
2010-09-22,1.7226
2010-09-23,1.7187
2010-09-24,1.7119
2010-09-27,1.7089
2010-09-28,1.7071
2010-09-29,1.7039
2010-09-30,1.6960
2010-10-01,1.6810
2010-10-04,1.6887
2010-10-05,1.6733
2010-10-06,1.6721
2010-10-07,1.6798
2010-10-08,1.6748
2010-10-11,.
2010-10-12,1.6697
2010-10-13,1.6574
2010-10-14,1.6633
2010-10-15,1.6576
2010-10-18,1.6632
2010-10-19,1.6914
2010-10-20,1.6749
2010-10-21,1.6930
2010-10-22,1.6948
2010-10-25,1.7078
2010-10-26,1.7053
2010-10-27,1.7164
2010-10-28,1.7119
2010-10-29,1.6982
2010-11-01,1.7042
2010-11-02,1.7033
2010-11-03,1.6985
2010-11-04,1.6790
2010-11-05,1.6831
2010-11-08,1.6974
2010-11-09,1.6987
2010-11-10,1.7090
2010-11-11,.
2010-11-12,1.7200
2010-11-15,1.7216
2010-11-16,1.7378
2010-11-17,1.7227
2010-11-18,1.7137
2010-11-19,1.7204
2010-11-22,1.7223
2010-11-23,1.7378
2010-11-24,1.7230
2010-11-25,.
2010-11-26,1.7268
2010-11-29,1.7282
2010-11-30,1.7146
2010-12-01,1.7030
2010-12-02,1.7015
2010-12-03,1.6859
2010-12-06,1.6848
2010-12-07,1.6809
2010-12-08,1.6901
2010-12-09,1.7064
2010-12-10,1.7183
2010-12-13,1.7054
2010-12-14,1.6945
2010-12-15,1.6979
2010-12-16,1.7048
2010-12-17,1.7134
2010-12-20,1.7081
2010-12-21,1.6970
2010-12-22,1.6958
2010-12-23,1.6938
2010-12-24,.
2010-12-27,1.6897
2010-12-28,1.6898
2010-12-29,1.6810
2010-12-30,1.6631
2010-12-31,.
2011-01-03,1.6452
2011-01-04,1.6687
2011-01-05,1.6694
2011-01-06,1.6880
2011-01-07,1.6850
2011-01-10,1.6921
2011-01-11,1.6899
2011-01-12,1.6761
2011-01-13,1.6666
2011-01-14,1.6819
2011-01-17,.
2011-01-18,1.6725
2011-01-19,1.6704
2011-01-20,1.6735
2011-01-21,1.6705
2011-01-24,1.6695
2011-01-25,1.6700
2011-01-26,1.6682
2011-01-27,1.6746
2011-01-28,1.6845
2011-01-31,1.6739
2011-02-01,1.6620
2011-02-02,1.6641
2011-02-03,1.6676
2011-02-04,1.6745
2011-02-07,1.6780
2011-02-08,1.6679
2011-02-09,1.6621
2011-02-10,1.6670
2011-02-11,1.6655
2011-02-14,1.6665
2011-02-15,1.6680
2011-02-16,1.6724
2011-02-17,1.6605
2011-02-18,1.6645
2011-02-21,.
2011-02-22,1.6660
2011-02-23,1.6737
2011-02-24,1.6617
2011-02-25,1.6597
2011-02-28,1.6598
2011-03-01,1.6600
2011-03-02,1.6600
2011-03-03,1.6550
2011-03-04,1.6432
2011-03-07,1.6532
2011-03-08,1.6542
2011-03-09,1.6553
2011-03-10,1.6589
2011-03-11,1.6612
2011-03-14,1.6658
2011-03-15,1.6673
2011-03-16,1.6685
2011-03-17,1.6723
2011-03-18,1.6727
2011-03-21,1.6638
2011-03-22,1.6632
2011-03-23,1.6609
2011-03-24,1.6565
2011-03-25,1.6560
2011-03-28,1.6591
2011-03-29,1.6559
2011-03-30,1.6274
2011-03-31,1.6287
2011-04-01,1.6156
2011-04-04,1.6099
2011-04-05,1.6083
2011-04-06,1.6021
2011-04-07,1.5925
2011-04-08,1.5765
2011-04-11,1.5790
2011-04-12,1.5895
2011-04-13,1.5923
2011-04-14,1.5825
2011-04-15,1.5721
2011-04-18,1.5950
2011-04-19,1.5800
2011-04-20,1.5683
2011-04-21,1.5635
2011-04-22,1.5660
2011-04-25,1.5701
2011-04-26,1.5636
2011-04-27,1.5685
2011-04-28,1.5870
2011-04-29,1.5670
2011-05-02,1.5745
2011-05-03,1.5835
2011-05-04,1.6030
2011-05-05,1.6172
2011-05-06,1.6037
2011-05-09,1.6210
2011-05-10,1.6069
2011-05-11,1.6190
2011-05-12,1.6192
2011-05-13,1.6382
2011-05-16,1.6266
2011-05-17,1.6335
2011-05-18,1.6115
2011-05-19,1.6179
2011-05-20,1.6155
2011-05-23,1.6345
2011-05-24,1.6287
2011-05-25,1.6264
2011-05-26,1.6232
2011-05-27,1.5985
2011-05-30,.
2011-05-31,1.5833
2011-06-01,1.5831
2011-06-02,1.5813
2011-06-03,1.5722
2011-06-06,1.5799
2011-06-07,1.5748
2011-06-08,1.5810
2011-06-09,1.5832
2011-06-10,1.5974
2011-06-13,1.5892
2011-06-14,1.5808
2011-06-15,1.5940
2011-06-16,1.6106
2011-06-17,1.5960
2011-06-20,1.5932
2011-06-21,1.5882
2011-06-22,1.5872
2011-06-23,1.5904
2011-06-24,1.5949
2011-06-27,1.5941
2011-06-28,1.5790
2011-06-29,1.5690
2011-06-30,1.5595
2011-07-01,1.5558
2011-07-04,.
2011-07-05,1.5636
2011-07-06,1.5655
2011-07-07,1.5543
2011-07-08,1.5631
2011-07-11,1.5776
2011-07-12,1.5760
2011-07-13,1.5708
2011-07-14,1.5733
2011-07-15,1.5740
2011-07-18,1.5833
2011-07-19,1.5675
2011-07-20,1.5655
2011-07-21,1.5538
2011-07-22,1.5509
2011-07-25,1.5402
2011-07-26,1.5375
2011-07-27,1.5660
2011-07-28,1.5620
2011-07-29,1.5495
2011-08-01,1.5610
2011-08-02,1.5651
2011-08-03,1.5645
2011-08-04,1.5790
2011-08-05,1.5993
2011-08-08,1.5990
2011-08-09,1.6290
2011-08-10,1.6240
2011-08-11,1.6277
2011-08-12,1.6125
2011-08-15,1.5937
2011-08-16,1.5871
2011-08-17,1.5841
2011-08-18,1.6046
2011-08-19,1.5986
2011-08-22,1.6058
2011-08-23,1.5991
2011-08-24,1.6051
2011-08-25,1.6115
2011-08-26,1.6055
2011-08-29,1.5957
2011-08-30,1.5867
2011-08-31,1.5841
2011-09-01,1.6005
2011-09-02,1.6345
2011-09-05,.
2011-09-06,1.6610
2011-09-07,1.6543
2011-09-08,1.6545
2011-09-09,1.6798
2011-09-12,1.6964
2011-09-13,1.7132
2011-09-14,1.7280
2011-09-15,1.7115
2011-09-16,1.7097
2011-09-19,1.7866
2011-09-20,1.7891
2011-09-21,1.8355
2011-09-22,1.8787
2011-09-23,1.8585
2011-09-26,1.8452
2011-09-27,1.8067
2011-09-28,1.8150
2011-09-29,1.8261
2011-09-30,1.8485
2011-10-03,1.8815
2011-10-04,1.8810
2011-10-05,1.8356
2011-10-06,1.8081
2011-10-07,1.7662
2011-10-10,.
2011-10-11,1.7529
2011-10-12,1.7745
2011-10-13,1.7450
2011-10-14,1.7373
2011-10-17,1.7491
2011-10-18,1.7568
2011-10-19,1.7655
2011-10-20,1.7983
2011-10-21,1.7702
2011-10-24,1.7522
2011-10-25,1.7611
2011-10-26,1.7645
2011-10-27,1.7207
2011-10-28,1.6916
2011-10-31,1.6933
2011-11-01,1.7525
2011-11-02,1.7355
2011-11-03,1.7433
2011-11-04,1.7545
2011-11-07,1.7516
2011-11-08,1.7388
2011-11-09,1.7596
2011-11-10,1.7627
2011-11-11,.
2011-11-14,1.7623
2011-11-15,1.7711
2011-11-16,1.7723
2011-11-17,1.7671
2011-11-18,1.7817
2011-11-21,1.8064
2011-11-22,1.8141
2011-11-23,1.8606
2011-11-24,.
2011-11-25,1.8865
2011-11-28,1.8545
2011-11-29,1.8461
2011-11-30,1.8072
2011-12-01,1.7965
2011-12-02,1.8002
2011-12-05,1.7841
2011-12-06,1.7940
2011-12-07,1.7908
2011-12-08,1.8137
2011-12-09,1.8072
2011-12-12,1.8385
2011-12-13,1.8527
2011-12-14,1.8812
2011-12-15,1.8603
2011-12-16,1.8548
2011-12-19,1.8662
2011-12-20,1.8459
2011-12-21,1.8574
2011-12-22,1.8523
2011-12-23,1.8595
2011-12-26,.
2011-12-27,1.8591
2011-12-28,1.8779
2011-12-29,1.8662
2011-12-30,1.8627
2012-01-02,.
2012-01-03,1.8338
2012-01-04,1.8205
2012-01-05,1.8399
2012-01-06,1.8487
2012-01-09,1.8411
2012-01-10,1.8041
2012-01-11,1.8057
2012-01-12,1.7825
2012-01-13,1.7945
2012-01-16,.
2012-01-17,1.7778
2012-01-18,1.7688
2012-01-19,1.7593
2012-01-20,1.7629
2012-01-23,1.7534
2012-01-24,1.7637
2012-01-25,1.7613
2012-01-26,1.7392
2012-01-27,1.7401
2012-01-30,1.7507
2012-01-31,1.7527
2012-02-01,1.7383
2012-02-02,1.7233
2012-02-03,1.7232
2012-02-06,1.7154
2012-02-07,1.7214
2012-02-08,1.7185
2012-02-09,1.7200
2012-02-10,1.7260
2012-02-13,1.7202
2012-02-14,1.7159
2012-02-15,1.7173
2012-02-16,1.7221
2012-02-17,1.7135
2012-02-20,.
2012-02-21,1.7171
2012-02-22,1.7074
2012-02-23,1.7096
2012-02-24,1.7065
2012-02-27,1.7058
2012-02-28,1.6997
2012-02-29,1.7148
2012-03-01,1.7108
2012-03-02,1.7263
2012-03-05,1.7353
2012-03-06,1.7584
2012-03-07,1.7626
2012-03-08,1.7747
2012-03-09,1.7865
2012-03-12,1.8202
2012-03-13,1.7969
2012-03-14,1.8175
2012-03-15,1.8052
2012-03-16,1.8025
2012-03-19,1.8073
2012-03-20,1.8214
2012-03-21,1.8265
2012-03-22,1.8230
2012-03-23,1.8158
2012-03-26,1.8155
2012-03-27,1.8112
2012-03-28,1.8253
2012-03-29,1.8332
2012-03-30,1.8205
2012-04-02,1.8257
2012-04-03,1.8232
2012-04-04,1.8293
2012-04-05,1.8296
2012-04-06,1.8218
2012-04-09,1.8218
2012-04-10,1.8340
2012-04-11,1.8311
2012-04-12,1.8261
2012-04-13,1.8363
2012-04-16,1.8384
2012-04-17,1.8503
2012-04-18,1.8703
2012-04-19,1.8846
2012-04-20,1.8662
2012-04-23,1.8854
2012-04-24,1.8765
2012-04-25,1.8828
2012-04-26,1.8865
2012-04-27,1.8843
2012-04-30,1.8930
2012-05-01,1.9037
2012-05-02,1.9151
2012-05-03,1.9275
2012-05-04,1.9258
2012-05-07,1.9240
2012-05-08,1.9365
2012-05-09,1.9560
2012-05-10,1.9545
2012-05-11,1.9404
2012-05-14,1.9884
2012-05-15,1.9935
2012-05-16,2.0000
2012-05-17,1.9940
2012-05-18,2.0190
2012-05-21,2.0455
2012-05-22,2.0460
2012-05-23,2.0675
2012-05-24,2.0306
2012-05-25,1.9917
2012-05-28,.
2012-05-29,1.9973
2012-05-30,2.0095
2012-05-31,2.0160
2012-06-01,2.0325
2012-06-04,2.0439
2012-06-05,2.0299
2012-06-06,2.0170
2012-06-07,2.0325
2012-06-08,2.0257
2012-06-11,2.0369
2012-06-12,2.0586
2012-06-13,2.0628
2012-06-14,2.0724
2012-06-15,2.0397
2012-06-18,2.0660
2012-06-19,2.0352
2012-06-20,2.0306
2012-06-21,2.0446
2012-06-22,2.0573
2012-06-25,2.0745
2012-06-26,2.0735
2012-06-27,2.0791
2012-06-28,2.0904
2012-06-29,2.0090
2012-07-02,1.9887
2012-07-03,1.9968
2012-07-04,.
2012-07-05,2.0271
2012-07-06,2.0369
2012-07-09,2.0311
2012-07-10,2.0343
2012-07-11,2.0367
2012-07-12,2.0477
2012-07-13,2.0376
2012-07-16,2.0391
2012-07-17,2.0327
2012-07-18,2.0214
2012-07-19,2.0212
2012-07-20,2.0217
2012-07-23,2.0393
2012-07-24,2.0428
2012-07-25,2.0381
2012-07-26,2.0268
2012-07-27,2.0138
2012-07-30,2.0354
2012-07-31,2.0514
2012-08-01,2.0384
2012-08-02,2.0514
2012-08-03,2.0237
2012-08-06,2.0260
2012-08-07,2.0270
2012-08-08,2.0228
2012-08-09,2.0175
2012-08-10,2.0150
2012-08-13,2.0279
2012-08-14,2.0256
2012-08-15,2.0230
2012-08-16,2.0203
2012-08-17,2.0176
2012-08-20,2.0196
2012-08-21,2.0171
2012-08-22,2.0206
2012-08-23,2.0242
2012-08-24,2.0213
2012-08-27,2.0301
2012-08-28,2.0492
2012-08-29,2.0480
2012-08-30,2.0463
2012-08-31,2.0301
2012-09-03,.
2012-09-04,2.0420
2012-09-05,2.0385
2012-09-06,2.0330
2012-09-07,2.0274
2012-09-10,2.0225
2012-09-11,2.0209
2012-09-12,2.0191
2012-09-13,2.0250
2012-09-14,2.0172
2012-09-17,2.0300
2012-09-18,2.0251
2012-09-19,2.0218
2012-09-20,2.0237
2012-09-21,2.0230
2012-09-24,2.0245
2012-09-25,2.0244
2012-09-26,2.0338
2012-09-27,2.0307
2012-09-28,2.0277
2012-10-01,2.0254
2012-10-02,2.0260
2012-10-03,2.0244
2012-10-04,2.0210
2012-10-05,2.0273
2012-10-08,.
2012-10-09,2.0354
2012-10-10,2.0399
2012-10-11,2.0360
2012-10-12,2.0436
2012-10-15,2.0355
2012-10-16,2.0326
2012-10-17,2.0323
2012-10-18,2.0280
2012-10-19,2.0269
2012-10-22,2.0240
2012-10-23,2.0284
2012-10-24,2.0267
2012-10-25,2.0254
2012-10-26,2.0250
2012-10-29,2.0295
2012-10-30,2.0310
2012-10-31,2.0298
2012-11-01,2.0304
2012-11-02,2.0304
2012-11-05,2.0344
2012-11-06,2.0330
2012-11-07,2.0335
2012-11-08,2.0397
2012-11-09,2.0475
2012-11-12,.
2012-11-13,2.0638
2012-11-14,2.0680
2012-11-15,2.0663
2012-11-16,2.0781
2012-11-19,2.0725
2012-11-20,2.0800
2012-11-21,2.0962
2012-11-22,.
2012-11-23,2.0872
2012-11-26,2.0838
2012-11-27,2.0750
2012-11-28,2.0900
2012-11-29,2.1028
2012-11-30,2.1118
2012-12-03,2.1141
2012-12-04,2.1133
2012-12-05,2.1005
2012-12-06,2.0790
2012-12-07,2.0800
2012-12-10,2.0815
2012-12-11,2.0785
2012-12-12,2.0791
2012-12-13,2.0790
2012-12-14,2.0827
2012-12-17,2.0930
2012-12-18,2.0852
2012-12-19,2.0747
2012-12-20,2.0596
2012-12-21,2.0767
2012-12-24,2.0790
2012-12-25,.
2012-12-26,2.0495
2012-12-27,2.0517
2012-12-28,2.0445
2012-12-31,2.0476
2013-01-01,.
2013-01-02,2.0425
2013-01-03,2.0360
2013-01-04,2.0350
2013-01-07,2.0260
2013-01-08,2.0393
2013-01-09,2.0384
2013-01-10,2.0325
2013-01-11,2.0375
2013-01-14,2.0301
2013-01-15,2.0375
2013-01-16,2.0405
2013-01-17,2.0425
2013-01-18,2.0441
2013-01-21,.
2013-01-22,2.0478
2013-01-23,2.0375
2013-01-24,2.0285
2013-01-25,2.0290
2013-01-28,2.0028
2013-01-29,1.9893
2013-01-30,1.9860
2013-01-31,1.9875
2013-02-01,1.9810
2013-02-04,1.9913
2013-02-05,1.9840
2013-02-06,1.9847
2013-02-07,1.9708
2013-02-08,1.9725
2013-02-11,1.9724
2013-02-12,1.9680
2013-02-13,1.9663
2013-02-14,1.9590
2013-02-15,1.9615
2013-02-18,.
2013-02-19,1.9564
2013-02-20,1.9605
2013-02-21,1.9727
2013-02-22,1.9710
2013-02-25,1.9688
2013-02-26,1.9905
2013-02-27,1.9776
2013-02-28,1.9767
2013-03-01,1.9829
2013-03-04,1.9798
2013-03-05,1.9654
2013-03-06,1.9667
2013-03-07,1.9595
2013-03-08,1.9480
2013-03-11,1.9593
2013-03-12,1.9620
2013-03-13,1.9615
2013-03-14,1.9665
2013-03-15,1.9755
2013-03-18,1.9865
2013-03-19,1.9874
2013-03-20,1.9865
2013-03-21,1.9934
2013-03-22,2.0170
2013-03-25,2.0136
2013-03-26,2.0067
2013-03-27,2.0133
2013-03-28,2.0160
2013-03-29,2.0210
2013-04-01,2.0180
2013-04-02,2.0175
2013-04-03,2.0235
2013-04-04,2.0180
2013-04-05,1.9925
2013-04-08,1.9890
2013-04-09,1.9865
2013-04-10,1.9765
2013-04-11,1.9720
2013-04-12,1.9690
2013-04-15,1.9755
2013-04-16,1.9965
2013-04-17,2.0000
2013-04-18,2.0180
2013-04-19,2.0075
2013-04-22,2.0138
2013-04-23,2.0145
2013-04-24,2.0225
2013-04-25,2.0115
2013-04-26,2.0016
2013-04-29,2.0015
2013-04-30,1.9990
2013-05-01,2.0065
2013-05-02,2.0128
2013-05-03,2.0098
2013-05-06,2.0120
2013-05-07,2.0086
2013-05-08,2.0003
2013-05-09,2.0010
2013-05-10,2.0275
2013-05-13,2.0163
2013-05-14,2.0054
2013-05-15,2.0280
2013-05-16,2.0244
2013-05-17,2.0364
2013-05-20,2.0357
2013-05-21,2.0373
2013-05-22,2.0398
2013-05-23,2.0526
2013-05-24,2.0516
2013-05-27,.
2013-05-28,2.0679
2013-05-29,2.0973
2013-05-30,2.1095
2013-05-31,2.1217
2013-06-03,2.1365
2013-06-04,2.1409
2013-06-05,2.1261
2013-06-06,2.1270
2013-06-07,2.1340
2013-06-10,2.1365
2013-06-11,2.1428
2013-06-12,2.1470
2013-06-13,2.1459
2013-06-14,2.1392
2013-06-17,2.1576
2013-06-18,2.1640
2013-06-19,2.1743
2013-06-20,2.2655
2013-06-21,2.2680
2013-06-24,2.2479
2013-06-25,2.2207
2013-06-26,2.1994
2013-06-27,2.1864
2013-06-28,2.2075
2013-07-01,2.2280
2013-07-02,2.2395
2013-07-03,2.2608
2013-07-04,.
2013-07-05,2.2635
2013-07-08,2.2605
2013-07-09,2.2620
2013-07-10,2.2732
2013-07-11,2.2670
2013-07-12,2.2677
2013-07-15,2.2450
2013-07-16,2.2439
2013-07-17,2.2315
2013-07-18,2.2282
2013-07-19,2.2345
2013-07-22,2.2317
2013-07-23,2.2212
2013-07-24,2.2388
2013-07-25,2.2586
2013-07-26,2.2525
2013-07-29,2.2605
2013-07-30,2.2730
2013-07-31,2.2987
2013-08-01,2.2980
2013-08-02,2.2875
2013-08-05,2.3016
2013-08-06,2.2924
2013-08-07,2.2985
2013-08-08,2.2748
2013-08-09,2.2710
2013-08-12,2.2730
2013-08-13,2.3063
2013-08-14,2.3130
2013-08-15,2.3417
2013-08-16,2.3585
2013-08-19,2.4021
2013-08-20,2.3959
2013-08-21,2.4226
2013-08-22,2.4464
2013-08-23,2.3679
2013-08-26,2.3858
2013-08-27,2.3925
2013-08-28,2.3298
2013-08-29,2.3572
2013-08-30,2.3809
2013-09-02,.
2013-09-03,2.3830
2013-09-04,2.3536
2013-09-05,2.3232
2013-09-06,2.2900
2013-09-09,2.2799
2013-09-10,2.2930
2013-09-11,2.2884
2013-09-12,2.2716
2013-09-13,2.2825
2013-09-16,2.2730
2013-09-17,2.2550
2013-09-18,2.2429
2013-09-19,2.2067
2013-09-20,2.2047
2013-09-23,2.1997
2013-09-24,2.1978
2013-09-25,2.2221
2013-09-26,2.2380
2013-09-27,2.2577
2013-09-30,2.2193
2013-10-01,2.2240
2013-10-02,2.2031
2013-10-03,2.2086
2013-10-04,2.2005
2013-10-07,2.2027
2013-10-08,2.2016
2013-10-09,2.2080
2013-10-10,2.1769
2013-10-11,2.1846
2013-10-14,.
2013-10-15,2.1765
2013-10-16,2.1567
2013-10-17,2.1615
2013-10-18,2.1630
2013-10-21,2.1728
2013-10-22,2.1673
2013-10-23,2.1805
2013-10-24,2.1948
2013-10-25,2.1870
2013-10-28,2.1828
2013-10-29,2.1785
2013-10-30,2.1860
2013-10-31,2.2235
2013-11-01,2.2585
2013-11-04,2.2425
2013-11-05,2.2850
2013-11-06,2.2865
2013-11-07,2.2995
2013-11-08,2.3201
2013-11-11,.
2013-11-12,2.3303
2013-11-13,2.3259
2013-11-14,2.3229
2013-11-15,2.3140
2013-11-18,2.2705
2013-11-19,2.2673
2013-11-20,2.2705
2013-11-21,2.3080
2013-11-22,2.2908
2013-11-25,2.2900
2013-11-26,2.2980
2013-11-27,2.3080
2013-11-28,.
2013-11-29,2.3345
2013-12-02,2.3530
2013-12-03,2.3664
2013-12-04,2.3784
2013-12-05,2.3620
2013-12-06,2.3338
2013-12-09,2.3197
2013-12-10,2.3106
2013-12-11,2.3308
2013-12-12,2.3390
2013-12-13,2.3370
2013-12-16,2.3215
2013-12-17,2.3181
2013-12-18,2.3462
2013-12-19,2.3535
2013-12-20,2.3741
2013-12-23,2.3685
2013-12-24,2.3570
2013-12-25,.
2013-12-26,2.3535
2013-12-27,2.3527
2013-12-30,2.3524
2013-12-31,2.3608
2014-01-01,.
2014-01-02,2.4015
2014-01-03,2.3831
2014-01-06,2.3744
2014-01-07,2.3732
2014-01-08,2.3883
2014-01-09,2.4017
2014-01-10,2.3645
2014-01-13,2.3540
2014-01-14,2.3557
2014-01-15,2.3500
2014-01-16,2.3681
2014-01-17,2.3550
2014-01-20,.
2014-01-21,2.3620
2014-01-22,2.3739
2014-01-23,2.3895
2014-01-24,2.4008
2014-01-27,2.4185
2014-01-28,2.4262
2014-01-29,2.4361
2014-01-30,2.4133
2014-01-31,2.4116
2014-02-03,2.4373
2014-02-04,2.4060
2014-02-05,2.3970
2014-02-06,2.3858
2014-02-07,2.3820
2014-02-10,2.3925
2014-02-11,2.4083
2014-02-12,2.4121
2014-02-13,2.4135
2014-02-14,2.3859
2014-02-17,.
2014-02-18,2.3902
2014-02-19,2.3895
2014-02-20,2.3713
2014-02-21,2.3565
2014-02-24,2.3300
2014-02-25,2.3338
2014-02-26,2.3495
2014-02-27,2.3315
2014-02-28,2.3321
2014-03-03,2.3411
2014-03-04,2.3406
2014-03-05,2.3281
2014-03-06,2.3051
2014-03-07,2.3383
2014-03-10,2.3440
2014-03-11,2.3495
2014-03-12,2.3617
2014-03-13,2.3560
2014-03-14,2.3584
2014-03-17,2.3532
2014-03-18,2.3415
2014-03-19,2.3310
2014-03-20,2.3339
2014-03-21,2.3215
2014-03-24,2.3220
2014-03-25,2.3092
2014-03-26,2.3060
2014-03-27,2.2671
2014-03-28,2.2627
2014-03-31,2.2552
2014-04-01,2.2626
2014-04-02,2.2704
2014-04-03,2.2795
2014-04-04,2.2403
2014-04-07,2.2209
2014-04-08,2.1940
2014-04-09,2.2154
2014-04-10,2.1954
2014-04-11,2.2075
2014-04-14,2.2096
2014-04-15,2.2355
2014-04-16,2.2355
2014-04-17,2.2488
2014-04-18,2.2370
2014-04-21,2.2360
2014-04-22,2.2425
2014-04-23,2.2372
2014-04-24,2.2231
2014-04-25,2.2357
2014-04-28,2.2310
2014-04-29,2.2205
2014-04-30,2.2360
2014-05-01,2.2335
2014-05-02,2.2177
2014-05-05,2.2324
2014-05-06,2.2278
2014-05-07,2.2231
2014-05-08,2.2048
2014-05-09,2.2150
2014-05-12,2.2190
2014-05-13,2.2095
2014-05-14,2.2043
2014-05-15,2.2250
2014-05-16,2.2115
2014-05-19,2.2040
2014-05-20,2.2100
2014-05-21,2.2075
2014-05-22,2.2180
2014-05-23,2.2154
2014-05-26,.
2014-05-27,2.2371
2014-05-28,2.2388
2014-05-29,2.2188
2014-05-30,2.2365
2014-06-02,2.2685
2014-06-03,2.2695
2014-06-04,2.2846
2014-06-05,2.2620
2014-06-06,2.2421
2014-06-09,2.2292
2014-06-10,2.2271
2014-06-11,2.2296
2014-06-12,2.2310
2014-06-13,2.2305
2014-06-16,2.2339
2014-06-17,2.2561
2014-06-18,2.2526
2014-06-19,2.2527
2014-06-20,2.2360
2014-06-23,2.2175
2014-06-24,2.2202
2014-06-25,2.2073
2014-06-26,2.2056
2014-06-27,2.1974
2014-06-30,2.2030
2014-07-01,2.2015
2014-07-02,2.2169
2014-07-03,2.2163
2014-07-04,.
2014-07-07,2.2192
2014-07-08,2.2134
2014-07-09,2.2129
2014-07-10,2.2223
2014-07-11,2.2200
2014-07-14,2.2135
2014-07-15,2.2237
2014-07-16,2.2235
2014-07-17,2.2446
2014-07-18,2.2326
2014-07-21,2.2194
2014-07-22,2.2070
2014-07-23,2.2184
2014-07-24,2.2172
2014-07-25,2.2286
2014-07-28,2.2298
2014-07-29,2.2290
2014-07-30,2.2533
2014-07-31,2.2696
2014-08-01,2.2674
2014-08-04,2.2591
2014-08-05,2.2770
2014-08-06,2.2754
2014-08-07,2.2884
2014-08-08,2.2960
2014-08-11,2.2740
2014-08-12,2.2739
2014-08-13,2.2762
2014-08-14,2.2709
2014-08-15,2.2736
2014-08-18,2.2595
2014-08-19,2.2555
2014-08-20,2.2537
2014-08-21,2.2555
2014-08-22,2.2784
2014-08-25,2.2823
2014-08-26,2.2725
2014-08-27,2.2594
2014-08-28,2.2521
2014-08-29,2.2381
2014-09-01,.
2014-09-02,2.2513
2014-09-03,2.2308
2014-09-04,2.2399
2014-09-05,2.2440
2014-09-08,2.2498
2014-09-09,2.2825
2014-09-10,2.2956
2014-09-11,2.2882
2014-09-12,2.3301
2014-09-15,2.3451
2014-09-16,2.3227
2014-09-17,2.3458
2014-09-18,2.3602
2014-09-19,2.3747
2014-09-22,2.3862
2014-09-23,2.4100
2014-09-24,2.4022
2014-09-25,2.4179
2014-09-26,2.4243
2014-09-29,2.4458
2014-09-30,2.4484
2014-10-01,2.4746
2014-10-02,2.4881
2014-10-03,2.4870
2014-10-06,2.4086
2014-10-07,2.3901
2014-10-08,2.4274
2014-10-09,2.3922
2014-10-10,2.4096
2014-10-13,.
2014-10-14,2.3943
2014-10-15,2.4393
2014-10-16,2.4742
2014-10-17,2.4328
2014-10-20,2.4555
2014-10-21,2.4687
2014-10-22,2.4711
2014-10-23,2.5029
2014-10-24,2.4657
2014-10-27,2.5429
2014-10-28,2.4705
2014-10-29,2.4349
2014-10-30,2.4058
2014-10-31,2.4535
2014-11-03,2.4964
2014-11-04,2.5178
2014-11-05,2.5070
2014-11-06,2.5541
2014-11-07,2.5705
2014-11-10,2.5402
2014-11-11,.
2014-11-12,2.5496
2014-11-13,2.5922
2014-11-14,2.6030
2014-11-17,2.6016
2014-11-18,2.5954
2014-11-19,2.5744
2014-11-20,2.5718
2014-11-21,2.5247
2014-11-24,2.5478
2014-11-25,2.5300
2014-11-26,2.5006
2014-11-27,.
2014-11-28,2.5720
2014-12-01,2.5620
2014-12-02,2.5737
2014-12-03,2.5549
2014-12-04,2.5781
2014-12-05,2.6010
2014-12-08,2.6142
2014-12-09,2.5941
2014-12-10,2.6106
2014-12-11,2.6445
2014-12-12,2.6720
2014-12-15,2.6917
2014-12-16,2.7306
2014-12-17,2.6910
2014-12-18,2.6454
2014-12-19,2.6538
2014-12-22,2.6532
2014-12-23,2.6996
2014-12-24,2.6950
2014-12-25,.
2014-12-26,.
2014-12-29,2.6974
2014-12-30,2.6605
2014-12-31,2.6563
2015-01-01,.
2015-01-02,2.6967
2015-01-05,2.7284
2015-01-06,2.7013
2015-01-07,2.7000
2015-01-08,2.6635
2015-01-09,2.6375
2015-01-12,2.6673
2015-01-13,2.6366
2015-01-14,2.6145
2015-01-15,2.6324
2015-01-16,2.6225
2015-01-19,.
2015-01-20,2.6148
2015-01-21,2.5982
2015-01-22,2.5644
2015-01-23,2.5805
2015-01-26,2.5820
2015-01-27,2.5737
2015-01-28,2.5825
2015-01-29,2.6113
2015-01-30,2.6843
2015-02-02,2.7086
2015-02-03,2.7016
2015-02-04,2.7403
2015-02-05,2.7306
2015-02-06,2.7681
2015-02-09,2.7872
2015-02-10,2.8304
2015-02-11,2.8724
2015-02-12,2.8225
2015-02-13,2.8273
2015-02-16,.
2015-02-17,2.8290
2015-02-18,2.8467
2015-02-19,2.8578
2015-02-20,2.8773
2015-02-23,2.8688
2015-02-24,2.8462
2015-02-25,2.8656
2015-02-26,2.8806
2015-02-27,2.8618
2015-03-02,2.8765
2015-03-03,2.8967
2015-03-04,2.9790
2015-03-05,2.9961
2015-03-06,3.0601
2015-03-09,3.1015
2015-03-10,3.1273
2015-03-11,3.0881
2015-03-12,3.1247
2015-03-13,3.2605
2015-03-16,3.2204
2015-03-17,3.2632
2015-03-18,3.2747
2015-03-19,3.2931
2015-03-20,3.2206
2015-03-23,3.1596
2015-03-24,3.1534
2015-03-25,3.1609
2015-03-26,3.1768
2015-03-27,3.2412
2015-03-30,3.2515
2015-03-31,3.1843
2015-04-01,3.1547
2015-04-02,3.1373
2015-04-03,3.1200
2015-04-06,3.0961
2015-04-07,3.1105
2015-04-08,3.0852
2015-04-09,3.0345
2015-04-10,3.0784
2015-04-13,3.1157
2015-04-14,3.0779
2015-04-15,3.0571
2015-04-16,3.0180
2015-04-17,3.0639
2015-04-20,3.0446
2015-04-21,3.0330
2015-04-22,2.9988
2015-04-23,2.9807
2015-04-24,2.9631
2015-04-27,2.9049
2015-04-28,2.9002
2015-04-29,2.9393
2015-04-30,3.0121
2015-05-01,3.0145
2015-05-04,3.0720
2015-05-05,3.0585
2015-05-06,3.0485
2015-05-07,3.0390
2015-05-08,2.9808
2015-05-11,3.0385
2015-05-12,3.0223
2015-05-13,3.0265
2015-05-14,2.9910
2015-05-15,2.9779
2015-05-18,3.0120
2015-05-19,3.0175
2015-05-20,3.0308
2015-05-21,3.0431
2015-05-22,3.0705
2015-05-25,.
2015-05-26,3.1489
2015-05-27,3.1708
2015-05-28,3.1755
2015-05-29,3.1855
2015-06-01,3.1655
2015-06-02,3.1391
2015-06-03,3.1103
2015-06-04,3.1446
2015-06-05,3.1604
2015-06-08,3.1226
2015-06-09,3.0950
2015-06-10,3.1013
2015-06-11,3.1419
2015-06-12,3.1011
2015-06-15,3.0958
2015-06-16,3.1052
2015-06-17,3.0946
2015-06-18,3.0405
2015-06-19,3.0887
2015-06-22,3.0833
2015-06-23,3.0913
2015-06-24,3.0884
2015-06-25,3.1144
2015-06-26,3.1223
2015-06-29,3.1403
2015-06-30,3.1106
2015-07-01,3.1269
2015-07-02,3.1110
2015-07-03,.
2015-07-06,3.1454
2015-07-07,3.1905
2015-07-08,3.2319
2015-07-09,3.2130
2015-07-10,3.1834
2015-07-13,3.1507
2015-07-14,3.1197
2015-07-15,3.1531
2015-07-16,3.1340
2015-07-17,3.1915
2015-07-20,3.2123
2015-07-21,3.1725
2015-07-22,3.2232
2015-07-23,3.2862
2015-07-24,3.3302
2015-07-27,3.3560
2015-07-28,3.3941
2015-07-29,3.3308
2015-07-30,3.3696
2015-07-31,3.4078
2015-08-03,3.4487
2015-08-04,3.4693
2015-08-05,3.4884
2015-08-06,3.5684
2015-08-07,3.5281
2015-08-10,3.4699
2015-08-11,3.5086
2015-08-12,3.4725
2015-08-13,3.5147
2015-08-14,3.4625
2015-08-17,3.4728
2015-08-18,3.4623
2015-08-19,3.5021
2015-08-20,3.4617
2015-08-21,3.4970
2015-08-24,3.5539
2015-08-25,3.5456
2015-08-26,3.6333
2015-08-27,3.5499
2015-08-28,3.5938
2015-08-31,3.6206
2015-09-01,3.6715
2015-09-02,3.7389
2015-09-03,3.7546
2015-09-04,3.8094
2015-09-07,.
2015-09-08,3.8081
2015-09-09,3.7900
2015-09-10,3.8587
2015-09-11,3.8757
2015-09-14,3.8391
2015-09-15,3.8655
2015-09-16,3.8255
2015-09-17,3.8930
2015-09-18,3.9210
2015-09-21,3.9911
2015-09-22,4.0490
2015-09-23,4.1093
2015-09-24,4.1638
2015-09-25,3.9489
2015-09-28,4.0070
2015-09-29,4.0921
2015-09-30,3.9554
2015-10-01,4.0003
2015-10-02,3.9712
2015-10-05,3.8924
2015-10-06,3.8406
2015-10-07,3.8123
2015-10-08,3.8295
2015-10-09,3.7339
2015-10-12,.
2015-10-13,3.8314
2015-10-14,3.8366
2015-10-15,3.8420
2015-10-16,3.8527
2015-10-19,3.9005
2015-10-20,3.8845
2015-10-21,3.9514
2015-10-22,3.9249
2015-10-23,3.8964
2015-10-26,3.8788
2015-10-27,3.9002
2015-10-28,3.8594
2015-10-29,3.8971
2015-10-30,3.8439
2015-11-02,3.8503
2015-11-03,3.7578
2015-11-04,3.7946
2015-11-05,3.7809
2015-11-06,3.8055
2015-11-09,3.7855
2015-11-10,3.7978
2015-11-11,.
2015-11-12,3.7898
2015-11-13,3.8235
2015-11-16,3.8460
2015-11-17,3.8123
2015-11-18,3.7914
2015-11-19,3.7365
2015-11-20,3.7048
2015-11-23,3.7239
2015-11-24,3.7064
2015-11-25,3.7508
2015-11-26,.
2015-11-27,3.7736
2015-11-30,3.8982
2015-12-01,3.8491
2015-12-02,3.8633
2015-12-03,3.7762
2015-12-04,3.7426
2015-12-07,3.7595
2015-12-08,3.8032
2015-12-09,3.7264
2015-12-10,3.7787
2015-12-11,3.8791
2015-12-14,3.8972
2015-12-15,3.9000
2015-12-16,3.9421
2015-12-17,3.9053
2015-12-18,3.9336
2015-12-21,4.0231
2015-12-22,3.9980
2015-12-23,3.9672
2015-12-24,3.9358
2015-12-25,.
2015-12-28,3.8590
2015-12-29,3.8917
2015-12-30,3.9880
2015-12-31,3.9593
2016-01-01,.
2016-01-04,4.0613
2016-01-05,4.0108
2016-01-06,4.0163
2016-01-07,4.0504
2016-01-08,4.0480
2016-01-11,4.0464
2016-01-12,4.0454
2016-01-13,3.9893
2016-01-14,4.0032
2016-01-15,4.0480
2016-01-18,.
2016-01-19,4.0420
2016-01-20,4.1103
2016-01-21,4.1299
2016-01-22,4.1061
2016-01-25,4.0887
2016-01-26,4.0701
2016-01-27,4.0557
2016-01-28,4.0979
2016-01-29,4.0364
2016-02-01,3.9866
2016-02-02,3.9885
2016-02-03,3.9478
2016-02-04,3.8785
2016-02-05,3.9101
2016-02-08,3.8979
2016-02-09,3.8863
2016-02-10,3.9366
2016-02-11,3.9704
2016-02-12,3.9764
2016-02-15,.
2016-02-16,4.0564
2016-02-17,3.9856
2016-02-18,4.0191
2016-02-19,4.0428
2016-02-22,3.9330
2016-02-23,3.9740
2016-02-24,3.9774
2016-02-25,3.9290
2016-02-26,4.0120
2016-02-29,3.9793
2016-03-01,3.9475
2016-03-02,3.8948
2016-03-03,3.8246
2016-03-04,3.7280
2016-03-07,3.7745
2016-03-08,3.7721
2016-03-09,3.6902
2016-03-10,3.6698
2016-03-11,3.6166
2016-03-14,3.6265
2016-03-15,3.7298
2016-03-16,3.7998
2016-03-17,3.6201
2016-03-18,3.6050
2016-03-21,3.6064
2016-03-22,3.5921
2016-03-23,3.6735
2016-03-24,3.7043
2016-03-25,3.7028
2016-03-28,3.6390
2016-03-29,3.6726
2016-03-30,3.6145
2016-03-31,3.5500
2016-04-01,3.5410
2016-04-04,3.5994
2016-04-05,3.6659
2016-04-06,3.6538
2016-04-07,3.7106
2016-04-08,3.6288
2016-04-11,3.5160
2016-04-12,3.5520
2016-04-13,3.5606
2016-04-14,3.5035
2016-04-15,3.5362
2016-04-18,3.5977
2016-04-19,3.5420
2016-04-20,3.5444
2016-04-21,3.5444
2016-04-22,3.5864
2016-04-25,3.5482
2016-04-26,3.5269
2016-04-27,3.5375
2016-04-28,3.4824
2016-04-29,3.4547
2016-05-02,3.5050
2016-05-03,3.5652
2016-05-04,3.5339
2016-05-05,3.5260
2016-05-06,3.5255
2016-05-09,3.5560
2016-05-10,3.4742
2016-05-11,3.4594
2016-05-12,3.4942
2016-05-13,3.5075
2016-05-16,3.5034
2016-05-17,3.4942
2016-05-18,3.5268
2016-05-19,3.6051
2016-05-20,3.5386
2016-05-23,3.5753
2016-05-24,3.5518
2016-05-25,3.6072
2016-05-26,3.5775
2016-05-27,3.6122
2016-05-30,.
2016-05-31,3.6074
2016-06-01,3.6030
2016-06-02,3.5978
2016-06-03,3.5332
2016-06-06,3.5094
2016-06-07,3.4604
2016-06-08,3.3770
2016-06-09,3.3934
2016-06-10,3.4298
2016-06-13,3.4599
2016-06-14,3.4959
2016-06-15,3.4715
2016-06-16,3.4952
2016-06-17,3.4301
2016-06-20,3.3937
2016-06-21,3.4038
2016-06-22,3.3794
2016-06-23,3.3440
2016-06-24,3.3895
2016-06-27,3.4025
2016-06-28,3.3074
2016-06-29,3.2386
2016-06-30,3.2003
2016-07-01,3.2448
2016-07-04,.
2016-07-05,3.2964
2016-07-06,3.3217
2016-07-07,3.3436
2016-07-08,3.2835
2016-07-11,3.3095
2016-07-12,3.2740
2016-07-13,3.2895
2016-07-14,3.2350
2016-07-15,3.2731
2016-07-18,3.2523
2016-07-19,3.2754
2016-07-20,3.2468
2016-07-21,3.2692
2016-07-22,3.2856
2016-07-25,3.2870
2016-07-26,3.2770
2016-07-27,3.2867
2016-07-28,3.2737
2016-07-29,3.2380
2016-08-01,3.2650
2016-08-02,3.2521
2016-08-03,3.2595
2016-08-04,3.2000
2016-08-05,3.1873
2016-08-08,3.1841
2016-08-09,3.1325
2016-08-10,3.1292
2016-08-11,3.1369
2016-08-12,3.1648
2016-08-15,3.1717
2016-08-16,3.1782
2016-08-17,3.2273
2016-08-18,3.2290
2016-08-19,3.2219
2016-08-22,3.2209
2016-08-23,3.2196
2016-08-24,3.2360
2016-08-25,3.2291
2016-08-26,3.2085
2016-08-29,3.2436
2016-08-30,3.2525
2016-08-31,3.2470
2016-09-01,3.2460
2016-09-02,3.2480
2016-09-05,.
2016-09-06,3.2217
2016-09-07,3.2223
2016-09-08,3.1962
2016-09-09,3.2687
2016-09-12,3.2762
2016-09-13,3.3144
2016-09-14,3.3196
2016-09-15,3.3274
2016-09-16,3.2923
2016-09-19,3.2565
2016-09-20,3.2633
2016-09-21,3.2393
2016-09-22,3.2092
2016-09-23,3.2270
2016-09-26,3.2345
2016-09-27,3.2364
2016-09-28,3.2468
2016-09-29,3.2276
2016-09-30,3.2434
2016-10-03,3.2333
2016-10-04,3.2339
2016-10-05,3.2326
2016-10-06,3.2309
2016-10-07,3.2296
2016-10-10,.
2016-10-11,3.2111
2016-10-12,3.2111
2016-10-13,3.1990
2016-10-14,3.1975
2016-10-17,3.1985
2016-10-18,3.1787
2016-10-19,3.1677
2016-10-20,3.1548
2016-10-21,3.1590
2016-10-24,3.1255
2016-10-25,3.1142
2016-10-26,3.1320
2016-10-27,3.1494
2016-10-28,3.1833
2016-10-31,3.1658
2016-11-01,3.2342
2016-11-02,3.2364
2016-11-03,3.2386
2016-11-04,3.2411
2016-11-07,3.1978
2016-11-08,3.1801
2016-11-09,3.2163
2016-11-10,3.3653
2016-11-11,.
2016-11-14,3.4485
2016-11-15,3.4479
2016-11-16,3.4198
2016-11-17,3.4134
2016-11-18,3.3894
2016-11-21,3.3585
2016-11-22,3.3595
2016-11-23,3.3945
2016-11-24,.
2016-11-25,3.4229
2016-11-28,3.3871
2016-11-29,3.4011
2016-11-30,3.3854
2016-12-01,3.4717
2016-12-02,3.4576
2016-12-05,3.4314
2016-12-06,3.4269
2016-12-07,3.3977
2016-12-08,3.3798
2016-12-09,3.3595
2016-12-12,3.3505
2016-12-13,3.3308
2016-12-14,3.3332
2016-12-15,3.3933
2016-12-16,3.3860
2016-12-19,3.3725
2016-12-20,3.3631
2016-12-21,3.3335
2016-12-22,3.3153
2016-12-23,3.2687
2016-12-26,.
2016-12-27,3.2800
2016-12-28,3.2830
2016-12-29,3.2456
2016-12-30,3.2532
2017-01-02,.
2017-01-03,3.2526
2017-01-04,3.2139
2017-01-05,3.2051
2017-01-06,3.2113
2017-01-09,3.1916
2017-01-10,3.1971
2017-01-11,3.2024
2017-01-12,3.1821
2017-01-13,3.2077
2017-01-16,.
2017-01-17,3.2077
2017-01-18,3.2242
2017-01-19,3.2024
2017-01-20,.
2017-01-23,3.1685
2017-01-24,3.1695
2017-01-25,3.1697
2017-01-26,3.1892
2017-01-27,3.1537
2017-01-30,3.1152
2017-01-31,3.1477
2017-02-01,3.1530
2017-02-02,3.1245
2017-02-03,3.1157
