DATE,DEXCAUS
2007-02-05,1.1816
2007-02-06,1.1819
2007-02-07,1.1851
2007-02-08,1.1852
2007-02-09,1.1736
2007-02-12,1.1746
2007-02-13,1.1686
2007-02-14,1.1660
2007-02-15,1.1642
2007-02-16,1.1638
2007-02-19,.
2007-02-20,1.1697
2007-02-21,1.1609
2007-02-22,1.1616
2007-02-23,1.1586
2007-02-26,1.1601
2007-02-27,1.1639
2007-02-28,1.1700
2007-03-01,1.1711
2007-03-02,1.1752
2007-03-05,1.1810
2007-03-06,1.1759
2007-03-07,1.1785
2007-03-08,1.1802
2007-03-09,1.1712
2007-03-12,1.1689
2007-03-13,1.1687
2007-03-14,1.1755
2007-03-15,1.1757
2007-03-16,1.1738
2007-03-19,1.1750
2007-03-20,1.1638
2007-03-21,1.1578
2007-03-22,1.1574
2007-03-23,1.1601
2007-03-26,1.1627
2007-03-27,1.1584
2007-03-28,1.1579
2007-03-29,1.1577
2007-03-30,1.1530
2007-04-02,1.1556
2007-04-03,1.1573
2007-04-04,1.1583
2007-04-05,1.1509
2007-04-06,1.1511
2007-04-09,1.1522
2007-04-10,1.1479
2007-04-11,1.1449
2007-04-12,1.1362
2007-04-13,1.1379
2007-04-16,1.1309
2007-04-17,1.1293
2007-04-18,1.1288
2007-04-19,1.1286
2007-04-20,1.1227
2007-04-23,1.1225
2007-04-24,1.1228
2007-04-25,1.1146
2007-04-26,1.1202
2007-04-27,1.1152
2007-04-30,1.1068
2007-05-01,1.1088
2007-05-02,1.1087
2007-05-03,1.1069
2007-05-04,1.1069
2007-05-07,1.1024
2007-05-08,1.1048
2007-05-09,1.1063
2007-05-10,1.1073
2007-05-11,1.1136
2007-05-14,1.1067
2007-05-15,1.0976
2007-05-16,1.1028
2007-05-17,1.0976
2007-05-18,1.0883
2007-05-21,1.0854
2007-05-22,1.0854
2007-05-23,1.0816
2007-05-24,1.0841
2007-05-25,1.0794
2007-05-28,.
2007-05-29,1.0719
2007-05-30,1.0753
2007-05-31,1.0701
2007-06-01,1.0602
2007-06-04,1.0579
2007-06-05,1.0605
2007-06-06,1.0586
2007-06-07,1.0611
2007-06-08,1.0622
2007-06-11,1.0614
2007-06-12,1.0636
2007-06-13,1.0668
2007-06-14,1.0684
2007-06-15,1.0678
2007-06-18,1.0720
2007-06-19,1.0638
2007-06-20,1.0646
2007-06-21,1.0727
2007-06-22,1.0676
2007-06-25,1.0712
2007-06-26,1.0692
2007-06-27,1.0716
2007-06-28,1.0626
2007-06-29,1.0634
2007-07-02,1.0553
2007-07-03,1.0593
2007-07-04,.
2007-07-05,1.0567
2007-07-06,1.0478
2007-07-09,1.0479
2007-07-10,1.0520
2007-07-11,1.0557
2007-07-12,1.0467
2007-07-13,1.0476
2007-07-16,1.0430
2007-07-17,1.0435
2007-07-18,1.0435
2007-07-19,1.0425
2007-07-20,1.0440
2007-07-23,1.0450
2007-07-24,1.0372
2007-07-25,1.0423
2007-07-26,1.0504
2007-07-27,1.0590
2007-07-30,1.0689
2007-07-31,1.0656
2007-08-01,1.0565
2007-08-02,1.0528
2007-08-03,1.0526
2007-08-06,1.0513
2007-08-07,1.0553
2007-08-08,1.0497
2007-08-09,1.0566
2007-08-10,1.0538
2007-08-13,1.0508
2007-08-14,1.0635
2007-08-15,1.0746
2007-08-16,1.0754
2007-08-17,1.0635
2007-08-20,1.0580
2007-08-21,1.0601
2007-08-22,1.0620
2007-08-23,1.0566
2007-08-24,1.0525
2007-08-27,1.0515
2007-08-28,1.0616
2007-08-29,1.0592
2007-08-30,1.0567
2007-08-31,1.0560
2007-09-03,1.0560
2007-09-04,1.0493
2007-09-05,1.0508
2007-09-06,1.0534
2007-09-07,1.0546
2007-09-10,1.0532
2007-09-11,1.0430
2007-09-12,1.0372
2007-09-13,1.0324
2007-09-14,1.0292
2007-09-17,1.0307
2007-09-18,1.0234
2007-09-19,1.0147
2007-09-20,1.0011
2007-09-21,1.0008
2007-09-24,1.0011
2007-09-25,1.0005
2007-09-26,1.0045
2007-09-27,1.0031
2007-09-28,0.9959
2007-10-01,0.9929
2007-10-02,1.0002
2007-10-03,0.9961
2007-10-04,0.9980
2007-10-05,0.9815
2007-10-08,0.9815
2007-10-09,0.9846
2007-10-10,0.9813
2007-10-11,0.9744
2007-10-12,0.9737
2007-10-15,0.9756
2007-10-16,0.9778
2007-10-17,0.9736
2007-10-18,0.9733
2007-10-19,0.9637
2007-10-22,0.9811
2007-10-23,0.9673
2007-10-24,0.9710
2007-10-25,0.9673
2007-10-26,0.9619
2007-10-29,0.9547
2007-10-30,0.9534
2007-10-31,0.9496
2007-11-01,0.9497
2007-11-02,0.9360
2007-11-05,0.9337
2007-11-06,0.9243
2007-11-07,0.9168
2007-11-08,0.9303
2007-11-09,0.9385
2007-11-12,.
2007-11-13,0.9639
2007-11-14,0.9608
2007-11-15,0.9804
2007-11-16,0.9727
2007-11-19,0.9839
2007-11-20,0.9848
2007-11-21,0.9894
2007-11-22,0.9894
2007-11-23,0.9887
2007-11-26,0.9877
2007-11-27,0.9968
2007-11-28,0.9907
2007-11-29,0.9928
2007-11-30,1.0007
2007-12-03,1.0000
2007-12-04,1.0106
2007-12-05,1.0127
2007-12-06,1.0125
2007-12-07,1.0051
2007-12-10,1.0103
2007-12-11,1.0107
2007-12-12,1.0107
2007-12-13,1.0216
2007-12-14,1.0135
2007-12-17,1.0072
2007-12-18,1.0105
2007-12-19,1.0056
2007-12-20,0.9983
2007-12-21,0.9943
2007-12-24,0.9871
2007-12-25,.
2007-12-26,0.9834
2007-12-27,0.9808
2007-12-28,0.9784
2007-12-31,0.9881
2008-01-01,.
2008-01-02,0.9922
2008-01-03,0.9905
2008-01-04,0.9988
2008-01-07,1.0050
2008-01-08,0.9985
2008-01-09,1.0083
2008-01-10,1.0139
2008-01-11,1.0198
2008-01-14,1.0210
2008-01-15,1.0167
2008-01-16,1.0238
2008-01-17,1.0290
2008-01-18,1.0294
2008-01-21,.
2008-01-22,1.0248
2008-01-23,1.0282
2008-01-24,1.0071
2008-01-25,1.0044
2008-01-28,1.0042
2008-01-29,0.9978
2008-01-30,0.9936
2008-01-31,1.0018
2008-02-01,0.9939
2008-02-04,0.9927
2008-02-05,1.0043
2008-02-06,1.0023
2008-02-07,1.0115
2008-02-08,0.9994
2008-02-11,1.0018
2008-02-12,0.9963
2008-02-13,0.9992
2008-02-14,0.9967
2008-02-15,1.0013
2008-02-18,.
2008-02-19,1.0159
2008-02-20,1.0188
2008-02-21,1.0083
2008-02-22,1.0155
2008-02-25,0.9982
2008-02-26,0.9861
2008-02-27,0.9776
2008-02-28,0.9717
2008-02-29,0.9796
2008-03-03,0.9867
2008-03-04,0.9954
2008-03-05,0.9897
2008-03-06,0.9847
2008-03-07,0.9916
2008-03-10,0.9975
2008-03-11,0.9953
2008-03-12,0.9895
2008-03-13,0.9841
2008-03-14,0.9867
2008-03-17,0.9977
2008-03-18,0.9938
2008-03-19,1.0027
2008-03-20,1.0265
2008-03-21,1.0239
2008-03-24,1.0203
2008-03-25,1.0176
2008-03-26,1.0180
2008-03-27,1.0146
2008-03-28,1.0180
2008-03-31,1.0275
2008-04-01,1.0268
2008-04-02,1.0173
2008-04-03,1.0079
2008-04-04,1.0088
2008-04-07,1.0108
2008-04-08,1.0151
2008-04-09,1.0192
2008-04-10,1.0178
2008-04-11,1.0216
2008-04-14,1.0207
2008-04-15,1.0181
2008-04-16,1.0021
2008-04-17,1.0107
2008-04-18,1.0084
2008-04-21,1.0066
2008-04-22,1.0033
2008-04-23,1.0194
2008-04-24,1.0131
2008-04-25,1.0163
2008-04-28,1.0158
2008-04-29,1.0128
2008-04-30,1.0092
2008-05-01,1.0187
2008-05-02,1.0182
2008-05-05,1.0125
2008-05-06,1.0036
2008-05-07,1.0020
2008-05-08,1.0149
2008-05-09,1.0062
2008-05-12,1.0037
2008-05-13,0.9996
2008-05-14,1.0018
2008-05-15,0.9996
2008-05-16,0.9966
2008-05-19,0.9914
2008-05-20,0.9928
2008-05-21,0.9840
2008-05-22,0.9861
2008-05-23,0.9883
2008-05-26,.
2008-05-27,0.9932
2008-05-28,0.9913
2008-05-29,0.9871
2008-05-30,0.9938
2008-06-02,1.0011
2008-06-03,1.0051
2008-06-04,1.0145
2008-06-05,1.0195
2008-06-06,1.0187
2008-06-09,1.0223
2008-06-10,1.0241
2008-06-11,1.0170
2008-06-12,1.0230
2008-06-13,1.0282
2008-06-16,1.0210
2008-06-17,1.0201
2008-06-18,1.0186
2008-06-19,1.0130
2008-06-20,1.0173
2008-06-23,1.0161
2008-06-24,1.0135
2008-06-25,1.0134
2008-06-26,1.0121
2008-06-27,1.0120
2008-06-30,1.0185
2008-07-01,1.0220
2008-07-02,1.0127
2008-07-03,1.0204
2008-07-04,.
2008-07-07,1.0174
2008-07-08,1.0205
2008-07-09,1.0108
2008-07-10,1.0103
2008-07-11,1.0093
2008-07-14,1.0060
2008-07-15,1.0015
2008-07-16,1.0020
2008-07-17,1.0018
2008-07-18,1.0053
2008-07-21,1.0019
2008-07-22,1.0083
2008-07-23,1.0088
2008-07-24,1.0114
2008-07-25,1.0167
2008-07-28,1.0220
2008-07-29,1.0260
2008-07-30,1.0240
2008-07-31,1.0261
2008-08-01,1.0251
2008-08-04,1.0355
2008-08-05,1.0425
2008-08-06,1.0470
2008-08-07,1.0510
2008-08-08,1.0677
2008-08-11,1.0673
2008-08-12,1.0641
2008-08-13,1.0658
2008-08-14,1.0621
2008-08-15,1.0609
2008-08-18,1.0603
2008-08-19,1.0606
2008-08-20,1.0627
2008-08-21,1.0454
2008-08-22,1.0456
2008-08-25,1.0463
2008-08-26,1.0486
2008-08-27,1.0483
2008-08-28,1.0527
2008-08-29,1.0631
2008-09-01,.
2008-09-02,1.0698
2008-09-03,1.0610
2008-09-04,1.0640
2008-09-05,1.0637
2008-09-08,1.0694
2008-09-09,1.0677
2008-09-10,1.0735
2008-09-11,1.0797
2008-09-12,1.0606
2008-09-15,1.0670
2008-09-16,1.0737
2008-09-17,1.0788
2008-09-18,1.0696
2008-09-19,1.0469
2008-09-22,1.0383
2008-09-23,1.0355
2008-09-24,1.0351
2008-09-25,1.0338
2008-09-26,1.0352
2008-09-29,1.0393
2008-09-30,1.0597
2008-10-01,1.0607
2008-10-02,1.0769
2008-10-03,1.0815
2008-10-06,1.1027
2008-10-07,1.1055
2008-10-08,1.1246
2008-10-09,1.1483
2008-10-10,1.1900
2008-10-13,.
2008-10-14,1.1599
2008-10-15,1.1804
2008-10-16,1.1953
2008-10-17,1.1820
2008-10-20,1.1977
2008-10-21,1.2208
2008-10-22,1.2496
2008-10-23,1.2573
2008-10-24,1.2735
2008-10-27,1.2935
2008-10-28,1.2942
2008-10-29,1.2302
2008-10-30,1.2229
2008-10-31,1.2158
2008-11-03,1.1866
2008-11-04,1.1502
2008-11-05,1.1590
2008-11-06,1.1816
2008-11-07,1.1830
2008-11-10,1.1948
2008-11-11,.
2008-11-12,1.2296
2008-11-13,1.2311
2008-11-14,1.2241
2008-11-17,1.2213
2008-11-18,1.2237
2008-11-19,1.2370
2008-11-20,1.2850
2008-11-21,1.2849
2008-11-24,1.2246
2008-11-25,1.2214
2008-11-26,1.2338
2008-11-27,.
2008-11-28,1.2360
2008-12-01,1.2370
2008-12-02,1.2422
2008-12-03,1.2573
2008-12-04,1.2540
2008-12-05,1.2971
2008-12-08,1.2570
2008-12-09,1.2602
2008-12-10,1.2553
2008-12-11,1.2181
2008-12-12,1.2453
2008-12-15,1.2350
2008-12-16,1.2238
2008-12-17,1.2058
2008-12-18,1.1962
2008-12-19,1.2273
2008-12-22,1.2188
2008-12-23,1.2160
2008-12-24,1.2125
2008-12-25,.
2008-12-26,1.2207
2008-12-29,1.2162
2008-12-30,1.2215
2008-12-31,1.2240
2009-01-01,.
2009-01-02,1.2101
2009-01-05,1.1920
2009-01-06,1.1822
2009-01-07,1.1850
2009-01-08,1.1890
2009-01-09,1.1920
2009-01-12,1.2075
2009-01-13,1.2255
2009-01-14,1.2373
2009-01-15,1.2623
2009-01-16,1.2540
2009-01-19,.
2009-01-20,1.2604
2009-01-21,1.2749
2009-01-22,1.2624
2009-01-23,1.2478
2009-01-26,1.2200
2009-01-27,1.2292
2009-01-28,1.2096
2009-01-29,1.2187
2009-01-30,1.2365
2009-02-02,1.2408
2009-02-03,1.2334
2009-02-04,1.2268
2009-02-05,1.2307
2009-02-06,1.2388
2009-02-09,1.2190
2009-02-10,1.2332
2009-02-11,1.2418
2009-02-12,1.2478
2009-02-13,1.2435
2009-02-16,.
2009-02-17,1.2606
2009-02-18,1.2592
2009-02-19,1.2590
2009-02-20,1.2543
2009-02-23,1.2508
2009-02-24,1.2468
2009-02-25,1.2558
2009-02-26,1.2455
2009-02-27,1.2710
2009-03-02,1.2891
2009-03-03,1.2937
2009-03-04,1.2768
2009-03-05,1.2875
2009-03-06,1.2865
2009-03-09,1.2995
2009-03-10,1.2796
2009-03-11,1.2808
2009-03-12,1.2909
2009-03-13,1.2752
2009-03-16,1.2723
2009-03-17,1.2717
2009-03-18,1.2715
2009-03-19,1.2336
2009-03-20,1.2370
2009-03-23,1.2322
2009-03-24,1.2263
2009-03-25,1.2245
2009-03-26,1.2327
2009-03-27,1.2392
2009-03-30,1.2582
2009-03-31,1.2606
2009-04-01,1.2640
2009-04-02,1.2380
2009-04-03,1.2335
2009-04-06,1.2427
2009-04-07,1.2339
2009-04-08,1.2353
2009-04-09,1.2273
2009-04-10,1.2273
2009-04-13,1.2210
2009-04-14,1.2093
2009-04-15,1.2040
2009-04-16,1.2062
2009-04-17,1.2146
2009-04-20,1.2338
2009-04-21,1.2373
2009-04-22,1.2361
2009-04-23,1.2291
2009-04-24,1.2095
2009-04-27,1.2106
2009-04-28,1.2238
2009-04-29,1.2008
2009-04-30,1.1939
2009-05-01,1.1868
2009-05-04,1.1779
2009-05-05,1.1758
2009-05-06,1.1726
2009-05-07,1.1714
2009-05-08,1.1580
2009-05-11,1.1591
2009-05-12,1.1671
2009-05-13,1.1686
2009-05-14,1.1726
2009-05-15,1.1756
2009-05-18,1.1656
2009-05-19,1.1567
2009-05-20,1.1434
2009-05-21,1.1412
2009-05-22,1.1234
2009-05-25,.
2009-05-26,1.1199
2009-05-27,1.1120
2009-05-28,1.1123
2009-05-29,1.0957
2009-06-01,1.0870
2009-06-02,1.0828
2009-06-03,1.0973
2009-06-04,1.0997
2009-06-05,1.1144
2009-06-08,1.1228
2009-06-09,1.1042
2009-06-10,1.1100
2009-06-11,1.0977
2009-06-12,1.1170
2009-06-15,1.1338
2009-06-16,1.1325
2009-06-17,1.1371
2009-06-18,1.1273
2009-06-19,1.1287
2009-06-22,1.1547
2009-06-23,1.1557
2009-06-24,1.1462
2009-06-25,1.1576
2009-06-26,1.1527
2009-06-29,1.1580
2009-06-30,1.1626
2009-07-01,1.1446
2009-07-02,1.1600
2009-07-03,1.1625
2009-07-06,1.1608
2009-07-07,1.1630
2009-07-08,1.1650
2009-07-09,1.1623
2009-07-10,1.1649
2009-07-13,1.1541
2009-07-14,1.1401
2009-07-15,1.1192
2009-07-16,1.1172
2009-07-17,1.1168
2009-07-20,1.1065
2009-07-21,1.1077
2009-07-22,1.0980
2009-07-23,1.0867
2009-07-24,1.0843
2009-07-27,1.0833
2009-07-28,1.0802
2009-07-29,1.0881
2009-07-30,1.0814
2009-07-31,1.0791
2009-08-03,1.0650
2009-08-04,1.0685
2009-08-05,1.0722
2009-08-06,1.0760
2009-08-07,1.0838
2009-08-10,1.0848
2009-08-11,1.0987
2009-08-12,1.0875
2009-08-13,1.0881
2009-08-14,1.0973
2009-08-17,1.1077
2009-08-18,1.1097
2009-08-19,1.0968
2009-08-20,1.0902
2009-08-21,1.0799
2009-08-24,1.0740
2009-08-25,1.0727
2009-08-26,1.0988
2009-08-27,1.0961
2009-08-28,1.0875
2009-08-31,1.0967
2009-09-01,1.1028
2009-09-02,1.1060
2009-09-03,1.1034
2009-09-04,1.0894
2009-09-07,.
2009-09-08,1.0762
2009-09-09,1.0783
2009-09-10,1.0811
2009-09-11,1.0742
2009-09-14,1.0859
2009-09-15,1.0760
2009-09-16,1.0662
2009-09-17,1.0615
2009-09-18,1.0721
2009-09-21,1.0775
2009-09-22,1.0683
2009-09-23,1.0722
2009-09-24,1.0864
2009-09-25,1.0918
2009-09-28,1.0860
2009-09-29,1.0872
2009-09-30,1.0719
2009-10-01,1.0773
2009-10-02,1.0843
2009-10-05,1.0755
2009-10-06,1.0570
2009-10-07,1.0619
2009-10-08,1.0533
2009-10-09,1.0425
2009-10-12,.
2009-10-13,1.0297
2009-10-14,1.0289
2009-10-15,1.0304
2009-10-16,1.0389
2009-10-19,1.0307
2009-10-20,1.0494
2009-10-21,1.0413
2009-10-22,1.0476
2009-10-23,1.0507
2009-10-26,1.0618
2009-10-27,1.0644
2009-10-28,1.0757
2009-10-29,1.0702
2009-10-30,1.0767
2009-11-02,1.0742
2009-11-03,1.0701
2009-11-04,1.0644
2009-11-05,1.0649
2009-11-06,1.0717
2009-11-09,1.0563
2009-11-10,1.0516
2009-11-11,.
2009-11-12,1.0513
2009-11-13,1.0500
2009-11-16,1.0458
2009-11-17,1.0589
2009-11-18,1.0496
2009-11-19,1.0634
2009-11-20,1.0698
2009-11-23,1.0550
2009-11-24,1.0608
2009-11-25,1.0499
2009-11-26,.
2009-11-27,1.0620
2009-11-30,1.0570
2009-12-01,1.0430
2009-12-02,1.0465
2009-12-03,1.0539
2009-12-04,1.0515
2009-12-07,1.0508
2009-12-08,1.0599
2009-12-09,1.0550
2009-12-10,1.0518
2009-12-11,1.0583
2009-12-14,1.0590
2009-12-15,1.0622
2009-12-16,1.0579
2009-12-17,1.0713
2009-12-18,1.0679
2009-12-21,1.0592
2009-12-22,1.0555
2009-12-23,1.0476
2009-12-24,1.0485
2009-12-25,.
2009-12-28,1.0430
2009-12-29,1.0400
2009-12-30,1.0523
2009-12-31,1.0461
2010-01-01,.
2010-01-04,1.0377
2010-01-05,1.0371
2010-01-06,1.0333
2010-01-07,1.0351
2010-01-08,1.0345
2010-01-11,1.0317
2010-01-12,1.0374
2010-01-13,1.0319
2010-01-14,1.0260
2010-01-15,1.0287
2010-01-18,.
2010-01-19,1.0325
2010-01-20,1.0477
2010-01-21,1.0483
2010-01-22,1.0561
2010-01-25,1.0582
2010-01-26,1.0669
2010-01-27,1.0657
2010-01-28,1.0584
2010-01-29,1.0652
2010-02-01,1.0651
2010-02-02,1.0607
2010-02-03,1.0608
2010-02-04,1.0735
2010-02-05,1.0727
2010-02-08,1.0692
2010-02-09,1.0690
2010-02-10,1.0667
2010-02-11,1.0522
2010-02-12,1.0529
2010-02-15,.
2010-02-16,1.0427
2010-02-17,1.0455
2010-02-18,1.0450
2010-02-19,1.0419
2010-02-22,1.0428
2010-02-23,1.0517
2010-02-24,1.0551
2010-02-25,1.0675
2010-02-26,1.0520
2010-03-01,1.0421
2010-03-02,1.0325
2010-03-03,1.0286
2010-03-04,1.0307
2010-03-05,1.0284
2010-03-08,1.0286
2010-03-09,1.0249
2010-03-10,1.0241
2010-03-11,1.0262
2010-03-12,1.0187
2010-03-15,1.0216
2010-03-16,1.0147
2010-03-17,1.0110
2010-03-18,1.0139
2010-03-19,1.0153
2010-03-22,1.0193
2010-03-23,1.0176
2010-03-24,1.0268
2010-03-25,1.0188
2010-03-26,1.0283
2010-03-29,1.0201
2010-03-30,1.0189
2010-03-31,1.0156
2010-04-01,1.0073
2010-04-02,1.0110
2010-04-05,1.0025
2010-04-06,1.0001
2010-04-07,1.0028
2010-04-08,1.0019
2010-04-09,1.0055
2010-04-12,1.0015
2010-04-13,1.0029
2010-04-14,0.9960
2010-04-15,1.0013
2010-04-16,1.0145
2010-04-19,1.0199
2010-04-20,0.9984
2010-04-21,0.9983
2010-04-22,1.0014
2010-04-23,1.0026
2010-04-26,1.0009
2010-04-27,1.0169
2010-04-28,1.0125
2010-04-29,1.0052
2010-04-30,1.0112
2010-05-03,1.0134
2010-05-04,1.0215
2010-05-05,1.0264
2010-05-06,1.0437
2010-05-07,1.0423
2010-05-10,1.0245
2010-05-11,1.0193
2010-05-12,1.0197
2010-05-13,1.0148
2010-05-14,1.0343
2010-05-17,1.0400
2010-05-18,1.0329
2010-05-19,1.0510
2010-05-20,1.0656
2010-05-21,1.0564
2010-05-24,1.0587
2010-05-25,1.0776
2010-05-26,1.0647
2010-05-27,1.0491
2010-05-28,1.0497
2010-05-31,.
2010-06-01,1.0476
2010-06-02,1.0404
2010-06-03,1.0413
2010-06-04,1.0516
2010-06-07,1.0537
2010-06-08,1.0517
2010-06-09,1.0395
2010-06-10,1.0336
2010-06-11,1.0329
2010-06-14,1.0251
2010-06-15,1.0287
2010-06-16,1.0236
2010-06-17,1.0283
2010-06-18,1.0237
2010-06-21,1.0197
2010-06-22,1.0201
2010-06-23,1.0390
2010-06-24,1.0429
2010-06-25,1.0369
2010-06-28,1.0337
2010-06-29,1.0531
2010-06-30,1.0606
2010-07-01,1.0622
2010-07-02,1.0647
2010-07-05,.
2010-07-06,1.0497
2010-07-07,1.0525
2010-07-08,1.0410
2010-07-09,1.0328
2010-07-12,1.0377
2010-07-13,1.0281
2010-07-14,1.0304
2010-07-15,1.0401
2010-07-16,1.0536
2010-07-19,1.0557
2010-07-20,1.0526
2010-07-21,1.0422
2010-07-22,1.0373
2010-07-23,1.0376
2010-07-26,1.0312
2010-07-27,1.0357
2010-07-28,1.0356
2010-07-29,1.0368
2010-07-30,1.0293
2010-08-02,1.0227
2010-08-03,1.0219
2010-08-04,1.0184
2010-08-05,1.0154
2010-08-06,1.0272
2010-08-09,1.0266
2010-08-10,1.0347
2010-08-11,1.0455
2010-08-12,1.0433
2010-08-13,1.0400
2010-08-16,1.0429
2010-08-17,1.0311
2010-08-18,1.0286
2010-08-19,1.0397
2010-08-20,1.0499
2010-08-23,1.0512
2010-08-24,1.0563
2010-08-25,1.0640
2010-08-26,1.0545
2010-08-27,1.0547
2010-08-30,1.0561
2010-08-31,1.0640
2010-09-01,1.0497
2010-09-02,1.0520
2010-09-03,1.0411
2010-09-06,.
2010-09-07,1.0426
2010-09-08,1.0359
2010-09-09,1.0323
2010-09-10,1.0357
2010-09-13,1.0277
2010-09-14,1.0219
2010-09-15,1.0281
2010-09-16,1.0274
2010-09-17,1.0331
2010-09-20,1.0280
2010-09-21,1.0314
2010-09-22,1.0325
2010-09-23,1.0307
2010-09-24,1.0262
2010-09-27,1.0260
2010-09-28,1.0305
2010-09-29,1.0300
2010-09-30,1.0293
2010-10-01,1.0214
2010-10-04,1.0235
2010-10-05,1.0169
2010-10-06,1.0073
2010-10-07,1.0167
2010-10-08,1.0138
2010-10-11,.
2010-10-12,1.0111
2010-10-13,1.0028
2010-10-14,1.0036
2010-10-15,1.0108
2010-10-18,1.0145
2010-10-19,1.0298
2010-10-20,1.0245
2010-10-21,1.0232
2010-10-22,1.0262
2010-10-25,1.0197
2010-10-26,1.0220
2010-10-27,1.0321
2010-10-28,1.0194
2010-10-29,1.0187
2010-11-01,1.0133
2010-11-02,1.0098
2010-11-03,1.0090
2010-11-04,1.0022
2010-11-05,1.0012
2010-11-08,1.0021
2010-11-09,1.0013
2010-11-10,1.0016
2010-11-11,.
2010-11-12,1.0079
2010-11-15,1.0064
2010-11-16,1.0231
2010-11-17,1.0205
2010-11-18,1.0172
2010-11-19,1.0206
2010-11-22,1.0187
2010-11-23,1.0240
2010-11-24,1.0110
2010-11-25,.
2010-11-26,1.0188
2010-11-29,1.0227
2010-11-30,1.0266
2010-12-01,1.0160
2010-12-02,1.0045
2010-12-03,1.0059
2010-12-06,1.0056
2010-12-07,1.0093
2010-12-08,1.0100
2010-12-09,1.0098
2010-12-10,1.0091
2010-12-13,1.0046
2010-12-14,1.0039
2010-12-15,1.0033
2010-12-16,1.0056
2010-12-17,1.0125
2010-12-20,1.0176
2010-12-21,1.0173
2010-12-22,1.0143
2010-12-23,1.0095
2010-12-24,.
2010-12-27,1.0086
2010-12-28,1.0006
2010-12-29,1.0004
2010-12-30,1.0009
2010-12-31,.
2011-01-03,0.9903
2011-01-04,0.9985
2011-01-05,0.9946
2011-01-06,0.9953
2011-01-07,0.9932
2011-01-10,0.9923
2011-01-11,0.9901
2011-01-12,0.9864
2011-01-13,0.9866
2011-01-14,0.9902
2011-01-17,.
2011-01-18,0.9912
2011-01-19,0.9938
2011-01-20,1.0001
2011-01-21,0.9943
2011-01-24,0.9933
2011-01-25,0.9984
2011-01-26,0.9954
2011-01-27,0.9940
2011-01-28,0.9989
2011-01-31,1.0020
2011-02-01,0.9921
2011-02-02,0.9883
2011-02-03,0.9901
2011-02-04,0.9899
2011-02-07,0.9885
2011-02-08,0.9905
2011-02-09,0.9946
2011-02-10,0.9955
2011-02-11,0.9900
2011-02-14,0.9883
2011-02-15,0.9885
2011-02-16,0.9853
2011-02-17,0.9839
2011-02-18,0.9827
2011-02-21,.
2011-02-22,0.9860
2011-02-23,0.9922
2011-02-24,0.9842
2011-02-25,0.9808
2011-02-28,0.9737
2011-03-01,0.9742
2011-03-02,0.9733
2011-03-03,0.9746
2011-03-04,0.9715
2011-03-07,0.9737
2011-03-08,0.9712
2011-03-09,0.9686
2011-03-10,0.9729
2011-03-11,0.9732
2011-03-14,0.9758
2011-03-15,0.9831
2011-03-16,0.9921
2011-03-17,0.9886
2011-03-18,0.9846
2011-03-21,0.9772
2011-03-22,0.9769
2011-03-23,0.9820
2011-03-24,0.9748
2011-03-25,0.9779
2011-03-28,0.9757
2011-03-29,0.9758
2011-03-30,0.9715
2011-03-31,0.9717
2011-04-01,0.9629
2011-04-04,0.9677
2011-04-05,0.9635
2011-04-06,0.9587
2011-04-07,0.9593
2011-04-08,0.9564
2011-04-11,0.9547
2011-04-12,0.9624
2011-04-13,0.9638
2011-04-14,0.9626
2011-04-15,0.9615
2011-04-18,0.9689
2011-04-19,0.9572
2011-04-20,0.9523
2011-04-21,0.9518
2011-04-22,0.9535
2011-04-25,0.9541
2011-04-26,0.9508
2011-04-27,0.9550
2011-04-28,0.9513
2011-04-29,0.9486
2011-05-02,0.9492
2011-05-03,0.9489
2011-05-04,0.9579
2011-05-05,0.9667
2011-05-06,0.9616
2011-05-09,0.9660
2011-05-10,0.9611
2011-05-11,0.9581
2011-05-12,0.9656
2011-05-13,0.9708
2011-05-16,0.9701
2011-05-17,0.9772
2011-05-18,0.9722
2011-05-19,0.9703
2011-05-20,0.9735
2011-05-23,0.9791
2011-05-24,0.9773
2011-05-25,0.9765
2011-05-26,0.9809
2011-05-27,0.9771
2011-05-30,.
2011-05-31,0.9688
2011-06-01,0.9713
2011-06-02,0.9794
2011-06-03,0.9768
2011-06-06,0.9784
2011-06-07,0.9743
2011-06-08,0.9778
2011-06-09,0.9732
2011-06-10,0.9769
2011-06-13,0.9778
2011-06-14,0.9684
2011-06-15,0.9778
2011-06-16,0.9842
2011-06-17,0.9797
2011-06-20,0.9785
2011-06-21,0.9722
2011-06-22,0.9725
2011-06-23,0.9800
2011-06-24,0.9847
2011-06-27,0.9859
2011-06-28,0.9819
2011-06-29,0.9703
2011-06-30,0.9642
2011-07-01,0.9608
2011-07-04,.
2011-07-05,0.9608
2011-07-06,0.9656
2011-07-07,0.9585
2011-07-08,0.9627
2011-07-11,0.9663
2011-07-12,0.9667
2011-07-13,0.9582
2011-07-14,0.9584
2011-07-15,0.9542
2011-07-18,0.9616
2011-07-19,0.9505
2011-07-20,0.9479
2011-07-21,0.9449
2011-07-22,0.9500
2011-07-25,0.9448
2011-07-26,0.9448
2011-07-27,0.9474
2011-07-28,0.9483
2011-07-29,0.9539
2011-08-01,0.9593
2011-08-02,0.9577
2011-08-03,0.9632
2011-08-04,0.9765
2011-08-05,0.9843
2011-08-08,0.9889
2011-08-09,0.9893
2011-08-10,0.9909
2011-08-11,0.9891
2011-08-12,0.9879
2011-08-15,0.9838
2011-08-16,0.9816
2011-08-17,0.9818
2011-08-18,0.9899
2011-08-19,0.9848
2011-08-22,0.9901
2011-08-23,0.9876
2011-08-24,0.9878
2011-08-25,0.9842
2011-08-26,0.9854
2011-08-29,0.9778
2011-08-30,0.9791
2011-08-31,0.9783
2011-09-01,0.9751
2011-09-02,0.9815
2011-09-05,.
2011-09-06,0.9908
2011-09-07,0.9882
2011-09-08,0.9856
2011-09-09,0.9970
2011-09-12,0.9957
2011-09-13,0.9901
2011-09-14,0.9913
2011-09-15,0.9867
2011-09-16,0.9813
2011-09-19,0.9897
2011-09-20,0.9922
2011-09-21,0.9985
2011-09-22,1.0327
2011-09-23,1.0280
2011-09-26,1.0338
2011-09-27,1.0190
2011-09-28,1.0226
2011-09-29,1.0338
2011-09-30,1.0389
2011-10-03,1.0440
2011-10-04,1.0605
2011-10-05,1.0448
2011-10-06,1.0431
2011-10-07,1.0326
2011-10-10,.
2011-10-11,1.0287
2011-10-12,1.0163
2011-10-13,1.0238
2011-10-14,1.0148
2011-10-17,1.0153
2011-10-18,1.0165
2011-10-19,1.0136
2011-10-20,1.0216
2011-10-21,1.0090
2011-10-24,1.0040
2011-10-25,1.0143
2011-10-26,1.0100
2011-10-27,0.9942
2011-10-28,0.9957
2011-10-31,0.9932
2011-11-01,1.0200
2011-11-02,1.0125
2011-11-03,1.0128
2011-11-04,1.0179
2011-11-07,1.0173
2011-11-08,1.0139
2011-11-09,1.0176
2011-11-10,1.0188
2011-11-11,.
2011-11-14,1.0176
2011-11-15,1.0233
2011-11-16,1.0205
2011-11-17,1.0224
2011-11-18,1.0260
2011-11-21,1.0386
2011-11-22,1.0371
2011-11-23,1.0479
2011-11-24,.
2011-11-25,1.0487
2011-11-28,1.0327
2011-11-29,1.0296
2011-11-30,1.0199
2011-12-01,1.0172
2011-12-02,1.0165
2011-12-05,1.0140
2011-12-06,1.0116
2011-12-07,1.0106
2011-12-08,1.0190
2011-12-09,1.0202
2011-12-12,1.0273
2011-12-13,1.0283
2011-12-14,1.0403
2011-12-15,1.0338
2011-12-16,1.0388
2011-12-19,1.0364
2011-12-20,1.0284
2011-12-21,1.0286
2011-12-22,1.0213
2011-12-23,1.0208
2011-12-26,.
2011-12-27,1.0201
2011-12-28,1.0232
2011-12-29,1.0208
2011-12-30,1.0168
2012-01-02,.
2012-01-03,1.0089
2012-01-04,1.0134
2012-01-05,1.0197
2012-01-06,1.0231
2012-01-09,1.0272
2012-01-10,1.0161
2012-01-11,1.0192
2012-01-12,1.0197
2012-01-13,1.0246
2012-01-16,.
2012-01-17,1.0130
2012-01-18,1.0138
2012-01-19,1.0094
2012-01-20,1.0142
2012-01-23,1.0079
2012-01-24,1.0096
2012-01-25,1.0119
2012-01-26,0.9986
2012-01-27,1.0014
2012-01-30,1.0030
2012-01-31,1.0050
2012-02-01,0.9984
2012-02-02,0.9985
2012-02-03,0.9944
2012-02-06,0.9953
2012-02-07,0.9947
2012-02-08,0.9969
2012-02-09,0.9941
2012-02-10,1.0016
2012-02-13,0.9995
2012-02-14,0.9988
2012-02-15,0.9965
2012-02-16,0.9962
2012-02-17,0.9970
2012-02-20,.
2012-02-21,0.9956
2012-02-22,0.9999
2012-02-23,0.9983
2012-02-24,0.9988
2012-02-27,0.9982
2012-02-28,0.9956
2012-02-29,0.9866
2012-03-01,0.9848
2012-03-02,0.9887
2012-03-05,0.9936
2012-03-06,1.0013
2012-03-07,0.9994
2012-03-08,0.9920
2012-03-09,0.9894
2012-03-12,0.9934
2012-03-13,0.9905
2012-03-14,0.9914
2012-03-15,0.9928
2012-03-16,0.9912
2012-03-19,0.9878
2012-03-20,0.9933
2012-03-21,0.9928
2012-03-22,1.0002
2012-03-23,0.9983
2012-03-26,0.9922
2012-03-27,0.9928
2012-03-28,0.9983
2012-03-29,0.9998
2012-03-30,0.9990
2012-04-02,0.9916
2012-04-03,0.9909
2012-04-04,0.9961
2012-04-05,0.9927
2012-04-06,0.9971
2012-04-09,0.9971
2012-04-10,1.0027
2012-04-11,1.0040
2012-04-12,0.9951
2012-04-13,0.9978
2012-04-16,1.0025
2012-04-17,0.9878
2012-04-18,0.9902
2012-04-19,0.9927
2012-04-20,0.9912
2012-04-23,0.9935
2012-04-24,0.9882
2012-04-25,0.9848
2012-04-26,0.9840
2012-04-27,0.9807
2012-04-30,0.9886
2012-05-01,0.9839
2012-05-02,0.9890
2012-05-03,0.9869
2012-05-04,0.9955
2012-05-07,0.9938
2012-05-08,0.9997
2012-05-09,1.0014
2012-05-10,1.0015
2012-05-11,0.9967
2012-05-14,1.0018
2012-05-15,1.0029
2012-05-16,1.0099
2012-05-17,1.0162
2012-05-18,1.0211
2012-05-21,1.0223
2012-05-22,1.0191
2012-05-23,1.0274
2012-05-24,1.0274
2012-05-25,1.0285
2012-05-28,.
2012-05-29,1.0253
2012-05-30,1.0289
2012-05-31,1.0349
2012-06-01,1.0378
2012-06-04,1.0417
2012-06-05,1.0414
2012-06-06,1.0298
2012-06-07,1.0244
2012-06-08,1.0332
2012-06-11,1.0281
2012-06-12,1.0269
2012-06-13,1.0270
2012-06-14,1.0247
2012-06-15,1.0244
2012-06-18,1.0264
2012-06-19,1.0177
2012-06-20,1.0193
2012-06-21,1.0250
2012-06-22,1.0258
2012-06-25,1.0301
2012-06-26,1.0264
2012-06-27,1.0258
2012-06-28,1.0331
2012-06-29,1.0190
2012-07-02,1.0193
2012-07-03,1.0123
2012-07-04,.
2012-07-05,1.0130
2012-07-06,1.0198
2012-07-09,1.0210
2012-07-10,1.0202
2012-07-11,1.0195
2012-07-12,1.0215
2012-07-13,1.0151
2012-07-16,1.0156
2012-07-17,1.0141
2012-07-18,1.0112
2012-07-19,1.0076
2012-07-20,1.0113
2012-07-23,1.0172
2012-07-24,1.0207
2012-07-25,1.0181
2012-07-26,1.0101
2012-07-27,1.0059
2012-07-30,1.0033
2012-07-31,1.0014
2012-08-01,1.0017
2012-08-02,1.0061
2012-08-03,0.9986
2012-08-06,0.9988
2012-08-07,0.9964
2012-08-08,0.9946
2012-08-09,0.9923
2012-08-10,0.9917
2012-08-13,0.9933
2012-08-14,0.9914
2012-08-15,0.9890
2012-08-16,0.9881
2012-08-17,0.9883
2012-08-20,0.9890
2012-08-21,0.9864
2012-08-22,0.9928
2012-08-23,0.9928
2012-08-24,0.9919
2012-08-27,0.9892
2012-08-28,0.9864
2012-08-29,0.9873
2012-08-30,0.9925
2012-08-31,0.9862
2012-09-03,.
2012-09-04,0.9862
2012-09-05,0.9901
2012-09-06,0.9824
2012-09-07,0.9777
2012-09-10,0.9761
2012-09-11,0.9723
2012-09-12,0.9756
2012-09-13,0.9754
2012-09-14,0.9710
2012-09-17,0.9723
2012-09-18,0.9743
2012-09-19,0.9747
2012-09-20,0.9775
2012-09-21,0.9757
2012-09-24,0.9800
2012-09-25,0.9770
2012-09-26,0.9845
2012-09-27,0.9812
2012-09-28,0.9837
2012-10-01,0.9827
2012-10-02,0.9827
2012-10-03,0.9870
2012-10-04,0.9821
2012-10-05,0.9763
2012-10-08,.
2012-10-09,0.9787
2012-10-10,0.9786
2012-10-11,0.9785
2012-10-12,0.9797
2012-10-15,0.9783
2012-10-16,0.9854
2012-10-17,0.9795
2012-10-18,0.9811
2012-10-19,0.9930
2012-10-22,0.9938
2012-10-23,0.9934
2012-10-24,0.9945
2012-10-25,0.9942
2012-10-26,0.9990
2012-10-29,1.0003
2012-10-30,0.9992
2012-10-31,0.9994
2012-11-01,0.9973
2012-11-02,0.9962
2012-11-05,0.9965
2012-11-06,0.9936
2012-11-07,0.9971
2012-11-08,0.9985
2012-11-09,1.0007
2012-11-12,.
2012-11-13,1.0015
2012-11-14,1.0017
2012-11-15,1.0024
2012-11-16,1.0029
2012-11-19,0.9963
2012-11-20,0.9969
2012-11-21,0.9980
2012-11-22,.
2012-11-23,0.9927
2012-11-26,0.9949
2012-11-27,0.9936
2012-11-28,0.9927
2012-11-29,0.9928
2012-11-30,0.9931
2012-12-03,0.9929
2012-12-04,0.9926
2012-12-05,0.9913
2012-12-06,0.9909
2012-12-07,0.9890
2012-12-10,0.9871
2012-12-11,0.9867
2012-12-12,0.9854
2012-12-13,0.9845
2012-12-14,0.9860
2012-12-17,0.9841
2012-12-18,0.9852
2012-12-19,0.9868
2012-12-20,0.9882
2012-12-21,0.9941
2012-12-24,0.9913
2012-12-25,.
2012-12-26,0.9945
2012-12-27,0.9949
2012-12-28,0.9951
2012-12-31,0.9958
2013-01-01,.
2013-01-02,0.9859
2013-01-03,0.9853
2013-01-04,0.9856
2013-01-07,0.9859
2013-01-08,0.9871
2013-01-09,0.9867
2013-01-10,0.9859
2013-01-11,0.9842
2013-01-14,0.9841
2013-01-15,0.9839
2013-01-16,0.9850
2013-01-17,0.9853
2013-01-18,0.9937
2013-01-21,.
2013-01-22,0.9934
2013-01-23,0.9986
2013-01-24,1.0024
2013-01-25,1.0078
2013-01-28,1.0070
2013-01-29,1.0029
2013-01-30,1.0033
2013-01-31,0.9992
2013-02-01,0.9987
2013-02-04,0.9976
2013-02-05,0.9972
2013-02-06,0.9959
2013-02-07,0.9992
2013-02-08,1.0021
2013-02-11,1.0064
2013-02-12,1.0029
2013-02-13,1.0020
2013-02-14,1.0007
2013-02-15,1.0069
2013-02-18,.
2013-02-19,1.0117
2013-02-20,1.0162
2013-02-21,1.0184
2013-02-22,1.0222
2013-02-25,1.0264
2013-02-26,1.0279
2013-02-27,1.0249
2013-02-28,1.0286
2013-03-01,1.0285
2013-03-04,1.0298
2013-03-05,1.0289
2013-03-06,1.0314
2013-03-07,1.0303
2013-03-08,1.0273
2013-03-11,1.0268
2013-03-12,1.0259
2013-03-13,1.0272
2013-03-14,1.0263
2013-03-15,1.0202
2013-03-18,1.0218
2013-03-19,1.0272
2013-03-20,1.0268
2013-03-21,1.0239
2013-03-22,1.0224
2013-03-25,1.0217
2013-03-26,1.0167
2013-03-27,1.0169
2013-03-28,1.0155
2013-03-29,1.0174
2013-04-01,1.0166
2013-04-02,1.0147
2013-04-03,1.0134
2013-04-04,1.0139
2013-04-05,1.0190
2013-04-08,1.0199
2013-04-09,1.0162
2013-04-10,1.0148
2013-04-11,1.0107
2013-04-12,1.0134
2013-04-15,1.0208
2013-04-16,1.0226
2013-04-17,1.0263
2013-04-18,1.0257
2013-04-19,1.0264
2013-04-22,1.0262
2013-04-23,1.0259
2013-04-24,1.0270
2013-04-25,1.0193
2013-04-26,1.0170
2013-04-29,1.0138
2013-04-30,1.0072
2013-05-01,1.0083
2013-05-02,1.0083
2013-05-03,1.0077
2013-05-06,1.0074
2013-05-07,1.0051
2013-05-08,1.0023
2013-05-09,1.0026
2013-05-10,1.0123
2013-05-13,1.0108
2013-05-14,1.0149
2013-05-15,1.0173
2013-05-16,1.0162
2013-05-17,1.0268
2013-05-20,1.0272
2013-05-21,1.0277
2013-05-22,1.0331
2013-05-23,1.0315
2013-05-24,1.0322
2013-05-27,.
2013-05-28,1.0371
2013-05-29,1.0369
2013-05-30,1.0309
2013-05-31,1.0337
2013-06-03,1.0290
2013-06-04,1.0348
2013-06-05,1.0346
2013-06-06,1.0240
2013-06-07,1.0208
2013-06-10,1.0185
2013-06-11,1.0191
2013-06-12,1.0202
2013-06-13,1.0170
2013-06-14,1.0175
2013-06-17,1.0175
2013-06-18,1.0209
2013-06-19,1.0187
2013-06-20,1.0383
2013-06-21,1.0467
2013-06-24,1.0532
2013-06-25,1.0512
2013-06-26,1.0468
2013-06-27,1.0479
2013-06-28,1.0513
2013-07-01,1.0499
2013-07-02,1.0529
2013-07-03,1.0521
2013-07-04,.
2013-07-05,1.0566
2013-07-08,1.0578
2013-07-09,1.0530
2013-07-10,1.0510
2013-07-11,1.0389
2013-07-12,1.0393
2013-07-15,1.0412
2013-07-16,1.0388
2013-07-17,1.0423
2013-07-18,1.0395
2013-07-19,1.0362
2013-07-22,1.0336
2013-07-23,1.0305
2013-07-24,1.0298
2013-07-25,1.0283
2013-07-26,1.0292
2013-07-29,1.0259
2013-07-30,1.0292
2013-07-31,1.0287
2013-08-01,1.0338
2013-08-02,1.0379
2013-08-05,1.0394
2013-08-06,1.0378
2013-08-07,1.0415
2013-08-08,1.0347
2013-08-09,1.0302
2013-08-12,1.0297
2013-08-13,1.0345
2013-08-14,1.0319
2013-08-15,1.0339
2013-08-16,1.0344
2013-08-19,1.0334
2013-08-20,1.0374
2013-08-21,1.0442
2013-08-22,1.0511
2013-08-23,1.0512
2013-08-26,1.0513
2013-08-27,1.0504
2013-08-28,1.0491
2013-08-29,1.0526
2013-08-30,1.0554
2013-09-02,.
2013-09-03,1.0532
2013-09-04,1.0482
2013-09-05,1.0499
2013-09-06,1.0390
2013-09-09,1.0366
2013-09-10,1.0357
2013-09-11,1.0336
2013-09-12,1.0319
2013-09-13,1.0341
2013-09-16,1.0316
2013-09-17,1.0290
2013-09-18,1.0312
2013-09-19,1.0237
2013-09-20,1.0287
2013-09-23,1.0290
2013-09-24,1.0294
2013-09-25,1.0294
2013-09-26,1.0321
2013-09-27,1.0300
2013-09-30,1.0284
2013-10-01,1.0333
2013-10-02,1.0330
2013-10-03,1.0324
2013-10-04,1.0306
2013-10-07,1.0306
2013-10-08,1.0330
2013-10-09,1.0396
2013-10-10,1.0382
2013-10-11,1.0383
2013-10-14,.
2013-10-15,1.0372
2013-10-16,1.0345
2013-10-17,1.0285
2013-10-18,1.0287
2013-10-21,1.0296
2013-10-22,1.0282
2013-10-23,1.0384
2013-10-24,1.0421
2013-10-25,1.0449
2013-10-28,1.0443
2013-10-29,1.0445
2013-10-30,1.0454
2013-10-31,1.0429
2013-11-01,1.0442
2013-11-04,1.0414
2013-11-05,1.0447
2013-11-06,1.0418
2013-11-07,1.0441
2013-11-08,1.0486
2013-11-11,.
2013-11-12,1.0500
2013-11-13,1.0468
2013-11-14,1.0497
2013-11-15,1.0457
2013-11-18,1.0426
2013-11-19,1.0467
2013-11-20,1.0446
2013-11-21,1.0506
2013-11-22,1.0534
2013-11-25,1.0554
2013-11-26,1.0547
2013-11-27,1.0595
2013-11-28,.
2013-11-29,1.0597
2013-12-02,1.0632
2013-12-03,1.0660
2013-12-04,1.0696
2013-12-05,1.0638
2013-12-06,1.0663
2013-12-09,1.0641
2013-12-10,1.0622
2013-12-11,1.0605
2013-12-12,1.0641
2013-12-13,1.0594
2013-12-16,1.0577
2013-12-17,1.0611
2013-12-18,1.0645
2013-12-19,1.0677
2013-12-20,1.0679
2013-12-23,1.0602
2013-12-24,1.0618
2013-12-25,.
2013-12-26,1.0648
2013-12-27,1.0697
2013-12-30,1.0640
2013-12-31,1.0637
2014-01-01,.
2014-01-02,1.0634
2014-01-03,1.0612
2014-01-06,1.0658
2014-01-07,1.0742
2014-01-08,1.0802
2014-01-09,1.0850
2014-01-10,1.0915
2014-01-13,1.0868
2014-01-14,1.0934
2014-01-15,1.0932
2014-01-16,1.0926
2014-01-17,1.0959
2014-01-20,.
2014-01-21,1.0971
2014-01-22,1.1069
2014-01-23,1.1128
2014-01-24,1.1063
2014-01-27,1.1097
2014-01-28,1.1148
2014-01-29,1.1147
2014-01-30,1.1171
2014-01-31,1.1116
2014-02-03,1.1074
2014-02-04,1.1056
2014-02-05,1.1100
2014-02-06,1.1065
2014-02-07,1.1014
2014-02-10,1.1048
2014-02-11,1.1024
2014-02-12,1.0992
2014-02-13,1.0979
2014-02-14,1.0981
2014-02-17,.
2014-02-18,1.0952
2014-02-19,1.1045
2014-02-20,1.1104
2014-02-21,1.1128
2014-02-24,1.1058
2014-02-25,1.1085
2014-02-26,1.1117
2014-02-27,1.1137
2014-02-28,1.1075
2014-03-03,1.1090
2014-03-04,1.1113
2014-03-05,1.1050
2014-03-06,1.0965
2014-03-07,1.1088
2014-03-10,1.1104
2014-03-11,1.1085
2014-03-12,1.1130
2014-03-13,1.1059
2014-03-14,1.1087
2014-03-17,1.1052
2014-03-18,1.1089
2014-03-19,1.1177
2014-03-20,1.1251
2014-03-21,1.1191
2014-03-24,1.1218
2014-03-25,1.1176
2014-03-26,1.1143
2014-03-27,1.1056
2014-03-28,1.1066
2014-03-31,1.1053
2014-04-01,1.1026
2014-04-02,1.1030
2014-04-03,1.1035
2014-04-04,1.0978
2014-04-07,1.0971
2014-04-08,1.0919
2014-04-09,1.0902
2014-04-10,1.0912
2014-04-11,1.0960
2014-04-14,1.0968
2014-04-15,1.0980
2014-04-16,1.1027
2014-04-17,1.0997
2014-04-18,1.1024
2014-04-21,1.1020
2014-04-22,1.1025
2014-04-23,1.1034
2014-04-24,1.1026
2014-04-25,1.1041
2014-04-28,1.1032
2014-04-29,1.0963
2014-04-30,1.0956
2014-05-01,1.0965
2014-05-02,1.0973
2014-05-05,1.0955
2014-05-06,1.0890
2014-05-07,1.0895
2014-05-08,1.0856
2014-05-09,1.0899
2014-05-12,1.0886
2014-05-13,1.0892
2014-05-14,1.0887
2014-05-15,1.0887
2014-05-16,1.0883
2014-05-19,1.0861
2014-05-20,1.0900
2014-05-21,1.0935
2014-05-22,1.0897
2014-05-23,1.0870
2014-05-26,.
2014-05-27,1.0869
2014-05-28,1.0867
2014-05-29,1.0837
2014-05-30,1.0867
2014-06-02,1.0894
2014-06-03,1.0915
2014-06-04,1.0937
2014-06-05,1.0935
2014-06-06,1.0936
2014-06-09,1.0908
2014-06-10,1.0914
2014-06-11,1.0867
2014-06-12,1.0851
2014-06-13,1.0868
2014-06-16,1.0849
2014-06-17,1.0851
2014-06-18,1.0870
2014-06-19,1.0828
2014-06-20,1.0766
2014-06-23,1.0731
2014-06-24,1.0739
2014-06-25,1.0721
2014-06-26,1.0706
2014-06-27,1.0676
2014-06-30,1.0676
2014-07-01,1.0652
2014-07-02,1.0667
2014-07-03,1.0633
2014-07-04,.
2014-07-07,1.0662
2014-07-08,1.0674
2014-07-09,1.0648
2014-07-10,1.0658
2014-07-11,1.0720
2014-07-14,1.0721
2014-07-15,1.0766
2014-07-16,1.0749
2014-07-17,1.0753
2014-07-18,1.0737
2014-07-21,1.0736
2014-07-22,1.0744
2014-07-23,1.0739
2014-07-24,1.0741
2014-07-25,1.0814
2014-07-28,1.0800
2014-07-29,1.0851
2014-07-30,1.0908
2014-07-31,1.0889
2014-08-01,1.0918
2014-08-04,1.0916
2014-08-05,1.0969
2014-08-06,1.0926
2014-08-07,1.0922
2014-08-08,1.0982
2014-08-11,1.0933
2014-08-12,1.0944
2014-08-13,1.0929
2014-08-14,1.0910
2014-08-15,1.0910
2014-08-18,1.0888
2014-08-19,1.0929
2014-08-20,1.0944
2014-08-21,1.0949
2014-08-22,1.0949
2014-08-25,1.0980
2014-08-26,1.0950
2014-08-27,1.0890
2014-08-28,1.0857
2014-08-29,1.0858
2014-09-01,.
2014-09-02,1.0923
2014-09-03,1.0872
2014-09-04,1.0862
2014-09-05,1.0890
2014-09-08,1.0933
2014-09-09,1.1010
2014-09-10,1.0954
2014-09-11,1.1032
2014-09-12,1.1075
2014-09-15,1.1050
2014-09-16,1.0985
2014-09-17,1.0951
2014-09-18,1.0946
2014-09-19,1.0968
2014-09-22,1.1007
2014-09-23,1.1059
2014-09-24,1.1088
2014-09-25,1.1105
2014-09-26,1.1162
2014-09-29,1.1142
2014-09-30,1.1207
2014-10-01,1.1171
2014-10-02,1.1150
2014-10-03,1.1254
2014-10-06,1.1174
2014-10-07,1.1182
2014-10-08,1.1181
2014-10-09,1.1150
2014-10-10,1.1173
2014-10-13,.
2014-10-14,1.1235
2014-10-15,1.1291
2014-10-16,1.1265
2014-10-17,1.1247
2014-10-20,1.1276
2014-10-21,1.1219
2014-10-22,1.1218
2014-10-23,1.1236
2014-10-24,1.1211
2014-10-27,1.1247
2014-10-28,1.1176
2014-10-29,1.1135
2014-10-30,1.1191
2014-10-31,1.1272
2014-11-03,1.1319
2014-11-04,1.1396
2014-11-05,1.1377
2014-11-06,1.1423
2014-11-07,1.1360
2014-11-10,1.1344
2014-11-11,.
2014-11-12,1.1284
2014-11-13,1.1349
2014-11-14,1.1294
2014-11-17,1.1308
2014-11-18,1.1305
2014-11-19,1.1349
2014-11-20,1.1311
2014-11-21,1.1237
2014-11-24,1.1279
2014-11-25,1.1260
2014-11-26,1.1236
2014-11-27,.
2014-11-28,1.1426
2014-12-01,1.1343
2014-12-02,1.1397
2014-12-03,1.1359
2014-12-04,1.1374
2014-12-05,1.1423
2014-12-08,1.1473
2014-12-09,1.1422
2014-12-10,1.1479
2014-12-11,1.1534
2014-12-12,1.1538
2014-12-15,1.1629
2014-12-16,1.1624
2014-12-17,1.1629
2014-12-18,1.1594
2014-12-19,1.1626
2014-12-22,1.1644
2014-12-23,1.1626
2014-12-24,1.1621
2014-12-25,.
2014-12-26,.
2014-12-29,1.1631
2014-12-30,1.1597
2014-12-31,1.1601
2015-01-01,.
2015-01-02,1.1725
2015-01-05,1.1785
2015-01-06,1.1802
2015-01-07,1.1851
2015-01-08,1.1812
2015-01-09,1.1857
2015-01-12,1.1929
2015-01-13,1.1947
2015-01-14,1.1957
2015-01-15,1.1932
2015-01-16,1.1986
2015-01-19,.
2015-01-20,1.2085
2015-01-21,1.2377
2015-01-22,1.2370
2015-01-23,1.2400
2015-01-26,1.2409
2015-01-27,1.2402
2015-01-28,1.2452
2015-01-29,1.2644
2015-01-30,1.2716
2015-02-02,1.2577
2015-02-03,1.2452
2015-02-04,1.2550
2015-02-05,1.2419
2015-02-06,1.2524
2015-02-09,1.2448
2015-02-10,1.2528
2015-02-11,1.2635
2015-02-12,1.2464
2015-02-13,1.2449
2015-02-16,.
2015-02-17,1.2401
2015-02-18,1.2456
2015-02-19,1.2484
2015-02-20,1.2503
2015-02-23,1.2577
2015-02-24,1.2601
2015-02-25,1.2418
2015-02-26,1.2490
2015-02-27,1.2506
2015-03-02,1.2535
2015-03-03,1.2450
2015-03-04,1.2439
2015-03-05,1.2482
2015-03-06,1.2615
2015-03-09,1.2598
2015-03-10,1.2633
2015-03-11,1.2763
2015-03-12,1.2692
2015-03-13,1.2803
2015-03-16,1.2763
2015-03-17,1.2769
2015-03-18,1.2771
2015-03-19,1.2743
2015-03-20,1.2593
2015-03-23,1.2515
2015-03-24,1.2510
2015-03-25,1.2513
2015-03-26,1.2469
2015-03-27,1.2579
2015-03-30,1.2687
2015-03-31,1.2681
2015-04-01,1.2610
2015-04-02,1.2584
2015-04-03,1.2465
2015-04-06,1.2450
2015-04-07,1.2488
2015-04-08,1.2508
2015-04-09,1.2580
2015-04-10,1.2596
2015-04-13,1.2603
2015-04-14,1.2476
2015-04-15,1.2378
2015-04-16,1.2206
2015-04-17,1.2225
2015-04-20,1.2203
2015-04-21,1.2274
2015-04-22,1.2250
2015-04-23,1.2148
2015-04-24,1.2168
2015-04-27,1.2106
2015-04-28,1.2021
2015-04-29,1.1955
2015-04-30,1.2116
2015-05-01,1.2191
2015-05-04,1.2108
2015-05-05,1.2038
2015-05-06,1.2007
2015-05-07,1.2139
2015-05-08,1.2086
2015-05-11,1.2107
2015-05-12,1.1987
2015-05-13,1.1950
2015-05-14,1.1991
2015-05-15,1.2009
2015-05-18,1.2150
2015-05-19,1.2213
2015-05-20,1.2212
2015-05-21,1.2201
2015-05-22,1.2288
2015-05-25,.
2015-05-26,1.2428
2015-05-27,1.2483
2015-05-28,1.2474
2015-05-29,1.2466
2015-06-01,1.2547
2015-06-02,1.2425
2015-06-03,1.2437
2015-06-04,1.2477
2015-06-05,1.2488
2015-06-08,1.2435
2015-06-09,1.2316
2015-06-10,1.2267
2015-06-11,1.2314
2015-06-12,1.2306
2015-06-15,1.2321
2015-06-16,1.2328
2015-06-17,1.2307
2015-06-18,1.2206
2015-06-19,1.2273
2015-06-22,1.2286
2015-06-23,1.2326
2015-06-24,1.2413
2015-06-25,1.2346
2015-06-26,1.2358
2015-06-29,1.2380
2015-06-30,1.2473
2015-07-01,1.2559
2015-07-02,1.2566
2015-07-03,.
2015-07-06,1.2623
2015-07-07,1.2742
2015-07-08,1.2724
2015-07-09,1.2727
2015-07-10,1.2713
2015-07-13,1.2762
2015-07-14,1.2746
2015-07-15,1.2935
2015-07-16,1.2938
2015-07-17,1.2997
2015-07-20,1.2982
2015-07-21,1.2958
2015-07-22,1.3023
2015-07-23,1.3030
2015-07-24,1.3059
2015-07-27,1.3008
2015-07-28,1.2933
2015-07-29,1.2893
2015-07-30,1.3024
2015-07-31,1.3047
2015-08-03,1.3141
2015-08-04,1.3124
2015-08-05,1.3181
2015-08-06,1.3152
2015-08-07,1.3122
2015-08-10,1.3056
2015-08-11,1.3149
2015-08-12,1.2973
2015-08-13,1.3078
2015-08-14,1.3075
2015-08-17,1.3090
2015-08-18,1.3075
2015-08-19,1.3165
2015-08-20,1.3075
2015-08-21,1.3146
2015-08-24,1.3210
2015-08-25,1.3295
2015-08-26,1.3301
2015-08-27,1.3193
2015-08-28,1.3268
2015-08-31,1.3223
2015-09-01,1.3180
2015-09-02,1.3308
2015-09-03,1.3200
2015-09-04,1.3272
2015-09-07,.
2015-09-08,1.3193
2015-09-09,1.3221
2015-09-10,1.3218
2015-09-11,1.3274
2015-09-14,1.3265
2015-09-15,1.3261
2015-09-16,1.3180
2015-09-17,1.3186
2015-09-18,1.3146
2015-09-21,1.3249
2015-09-22,1.3276
2015-09-23,1.3313
2015-09-24,1.3348
2015-09-25,1.3322
2015-09-28,1.3360
2015-09-29,1.3414
2015-09-30,1.3396
2015-10-01,1.3240
2015-10-02,1.3213
2015-10-05,1.3084
2015-10-06,1.3056
2015-10-07,1.3038
2015-10-08,1.3017
2015-10-09,1.2945
2015-10-12,.
2015-10-13,1.2984
2015-10-14,1.2983
2015-10-15,1.2901
2015-10-16,1.2932
2015-10-19,1.2999
2015-10-20,1.2974
2015-10-21,1.3117
2015-10-22,1.3087
2015-10-23,1.3171
2015-10-26,1.3134
2015-10-27,1.3242
2015-10-28,1.3149
2015-10-29,1.3169
2015-10-30,1.3082
2015-11-02,1.3093
2015-11-03,1.3107
2015-11-04,1.3164
2015-11-05,1.3162
2015-11-06,1.3307
2015-11-09,1.3274
2015-11-10,1.3258
2015-11-11,.
2015-11-12,1.3309
2015-11-13,1.3332
2015-11-16,1.3352
2015-11-17,1.3324
2015-11-18,1.3351
2015-11-19,1.3266
2015-11-20,1.3337
2015-11-23,1.3358
2015-11-24,1.3308
2015-11-25,1.3298
2015-11-26,.
2015-11-27,1.3360
2015-11-30,1.3332
2015-12-01,1.3372
2015-12-02,1.3357
2015-12-03,1.3393
2015-12-04,1.3364
2015-12-07,1.3508
2015-12-08,1.3594
2015-12-09,1.3595
2015-12-10,1.3598
2015-12-11,1.3695
2015-12-14,1.3732
2015-12-15,1.3729
2015-12-16,1.3805
2015-12-17,1.3970
2015-12-18,1.3876
2015-12-21,1.3989
2015-12-22,1.3929
2015-12-23,1.3860
2015-12-24,1.3847
2015-12-25,.
2015-12-28,1.3893
2015-12-29,1.3848
2015-12-30,1.3883
2015-12-31,1.3839
2016-01-01,.
2016-01-04,1.3970
2016-01-05,1.3991
2016-01-06,1.4084
2016-01-07,1.4061
2016-01-08,1.4150
2016-01-11,1.4203
2016-01-12,1.4293
2016-01-13,1.4294
2016-01-14,1.4374
2016-01-15,1.4531
2016-01-18,.
2016-01-19,1.4513
2016-01-20,1.4592
2016-01-21,1.4244
2016-01-22,1.4153
2016-01-25,1.4248
2016-01-26,1.4062
2016-01-27,1.4040
2016-01-28,1.4077
2016-01-29,1.4074
2016-02-01,1.4005
2016-02-02,1.4039
2016-02-03,1.3843
2016-02-04,1.3724
2016-02-05,1.3875
2016-02-08,1.3921
2016-02-09,1.3860
2016-02-10,1.3969
2016-02-11,1.3933
2016-02-12,1.3834
2016-02-15,.
2016-02-16,1.3857
2016-02-17,1.3682
2016-02-18,1.3718
2016-02-19,1.3798
2016-02-22,1.3684
2016-02-23,1.3791
2016-02-24,1.3765
2016-02-25,1.3572
2016-02-26,1.3546
2016-02-29,1.3522
2016-03-01,1.3404
2016-03-02,1.3466
2016-03-03,1.3405
2016-03-04,1.3337
2016-03-07,1.3300
2016-03-08,1.3388
2016-03-09,1.3233
2016-03-10,1.3372
2016-03-11,1.3211
2016-03-14,1.3291
2016-03-15,1.3355
2016-03-16,1.3364
2016-03-17,1.2982
2016-03-18,1.2980
2016-03-21,1.3067
2016-03-22,1.3051
2016-03-23,1.3199
2016-03-24,1.3270
2016-03-25,1.3264
2016-03-28,1.3184
2016-03-29,1.3153
2016-03-30,1.2962
2016-03-31,1.2969
2016-04-01,1.3047
2016-04-04,1.3037
2016-04-05,1.3175
2016-04-06,1.3073
2016-04-07,1.3163
2016-04-08,1.2994
2016-04-11,1.2912
2016-04-12,1.2800
2016-04-13,1.2789
2016-04-14,1.2835
2016-04-15,1.2857
2016-04-18,1.2815
2016-04-19,1.2654
2016-04-20,1.2623
2016-04-21,1.2713
2016-04-22,1.2672
2016-04-25,1.2678
2016-04-26,1.2614
2016-04-27,1.2637
2016-04-28,1.2544
2016-04-29,1.2549
2016-05-02,1.2544
2016-05-03,1.2686
2016-05-04,1.2882
2016-05-05,1.2855
2016-05-06,1.2920
2016-05-09,1.2994
2016-05-10,1.2957
2016-05-11,1.2834
2016-05-12,1.2857
2016-05-13,1.2939
2016-05-16,1.2886
2016-05-17,1.2884
2016-05-18,1.2924
2016-05-19,1.3114
2016-05-20,1.3136
2016-05-23,1.3155
2016-05-24,1.3117
2016-05-25,1.3089
2016-05-26,1.2980
2016-05-27,1.3001
2016-05-30,.
2016-05-31,1.3097
2016-06-01,1.3089
2016-06-02,1.3080
2016-06-03,1.2947
2016-06-06,1.2856
2016-06-07,1.2788
2016-06-08,1.2694
2016-06-09,1.2728
2016-06-10,1.2734
2016-06-13,1.2791
2016-06-14,1.2833
2016-06-15,1.2912
2016-06-16,1.3039
2016-06-17,1.2875
2016-06-20,1.2807
2016-06-21,1.2817
2016-06-22,1.2820
2016-06-23,1.2749
2016-06-24,1.2948
2016-06-27,1.3076
2016-06-28,1.3086
2016-06-29,1.2990
2016-06-30,1.3010
2016-07-01,1.2897
2016-07-04,.
2016-07-05,1.2950
2016-07-06,1.3003
2016-07-07,1.2984
2016-07-08,1.3072
2016-07-11,1.3125
2016-07-12,1.3016
2016-07-13,1.2962
2016-07-14,1.2916
2016-07-15,1.2978
2016-07-18,1.2984
2016-07-19,1.3027
2016-07-20,1.3037
2016-07-21,1.3056
2016-07-22,1.3178
2016-07-25,1.3224
2016-07-26,1.3207
2016-07-27,1.3221
2016-07-28,1.3170
2016-07-29,1.3040
2016-08-01,1.3096
2016-08-02,1.3087
2016-08-03,1.3078
2016-08-04,1.3025
2016-08-05,1.3179
2016-08-08,1.3162
2016-08-09,1.3116
2016-08-10,1.3059
2016-08-11,1.3004
2016-08-12,1.2943
2016-08-15,1.2922
2016-08-16,1.2861
2016-08-17,1.2885
2016-08-18,1.2777
2016-08-19,1.2878
2016-08-22,1.2942
2016-08-23,1.2904
2016-08-24,1.2939
2016-08-25,1.2934
2016-08-26,1.2944
2016-08-29,1.3018
2016-08-30,1.3075
2016-08-31,1.3122
2016-09-01,1.3107
2016-09-02,1.2998
2016-09-05,.
2016-09-06,1.2843
2016-09-07,1.2895
2016-09-08,1.2910
2016-09-09,1.3034
2016-09-12,1.3076
2016-09-13,1.3167
2016-09-14,1.3187
2016-09-15,1.3145
2016-09-16,1.3212
2016-09-19,1.3180
2016-09-20,1.3228
2016-09-21,1.3186
2016-09-22,1.3036
2016-09-23,1.3163
2016-09-26,1.3196
2016-09-27,1.3247
2016-09-28,1.3237
2016-09-29,1.3101
2016-09-30,1.3115
2016-10-03,1.3138
2016-10-04,1.3171
2016-10-05,1.3177
2016-10-06,1.3209
2016-10-07,1.3306
2016-10-10,.
2016-10-11,1.3235
2016-10-12,1.3277
2016-10-13,1.3219
2016-10-14,1.3169
2016-10-17,1.3135
2016-10-18,1.3105
2016-10-19,1.3105
2016-10-20,1.3197
2016-10-21,1.3324
2016-10-24,1.3387
2016-10-25,1.3333
2016-10-26,1.3361
2016-10-27,1.3385
2016-10-28,1.3383
2016-10-31,1.3403
2016-11-01,1.3377
2016-11-02,1.3387
2016-11-03,1.3384
2016-11-04,1.3413
2016-11-07,1.3380
2016-11-08,1.3335
2016-11-09,1.3406
2016-11-10,1.3474
2016-11-11,.
2016-11-14,1.3581
2016-11-15,1.3468
2016-11-16,1.3415
2016-11-17,1.3429
2016-11-18,1.3518
2016-11-21,1.3432
2016-11-22,1.3444
2016-11-23,1.3467
2016-11-24,.
2016-11-25,1.3512
2016-11-28,1.3401
2016-11-29,1.3435
2016-11-30,1.3425
2016-12-01,1.3330
2016-12-02,1.3298
2016-12-05,1.3271
2016-12-06,1.3279
2016-12-07,1.3251
2016-12-08,1.3220
2016-12-09,1.3162
2016-12-12,1.3137
2016-12-13,1.3119
2016-12-14,1.3123
2016-12-15,1.3397
2016-12-16,1.3339
2016-12-19,1.3395
2016-12-20,1.3376
2016-12-21,1.3401
2016-12-22,1.3470
2016-12-23,1.3533
2016-12-26,.
2016-12-27,1.3553
2016-12-28,1.3555
2016-12-29,1.3488
2016-12-30,1.3426
2017-01-02,.
2017-01-03,1.3437
2017-01-04,1.3293
2017-01-05,1.3216
2017-01-06,1.3216
2017-01-09,1.3220
2017-01-10,1.3208
2017-01-11,1.3219
2017-01-12,1.3130
2017-01-13,1.3134
2017-01-16,.
2017-01-17,1.3060
2017-01-18,1.3175
2017-01-19,1.3327
2017-01-20,.
2017-01-23,1.3283
2017-01-24,1.3152
2017-01-25,1.3074
2017-01-26,1.3104
2017-01-27,1.3108
2017-01-30,1.3092
2017-01-31,1.3030
2017-02-01,1.3088
2017-02-02,1.3018
2017-02-03,1.3003
