DATE,DEXDNUS
2007-02-05,5.7633
2007-02-06,5.7468
2007-02-07,5.7232
2007-02-08,5.7178
2007-02-09,5.7307
2007-02-12,5.7485
2007-02-13,5.7227
2007-02-14,5.6780
2007-02-15,5.6710
2007-02-16,5.6745
2007-02-19,.
2007-02-20,5.6749
2007-02-21,5.6781
2007-02-22,5.6762
2007-02-23,5.6611
2007-02-26,5.6638
2007-02-27,5.6262
2007-02-28,5.6308
2007-03-01,5.6552
2007-03-02,5.6485
2007-03-05,5.6874
2007-03-06,5.6803
2007-03-07,5.6645
2007-03-08,5.6716
2007-03-09,5.6783
2007-03-12,5.6483
2007-03-13,5.6440
2007-03-14,5.6329
2007-03-15,5.6219
2007-03-16,5.5960
2007-03-19,5.6001
2007-03-20,5.6032
2007-03-21,5.5986
2007-03-22,5.5752
2007-03-23,5.5996
2007-03-26,5.5862
2007-03-27,5.5756
2007-03-28,5.5874
2007-03-29,5.5849
2007-03-30,5.5709
2007-04-02,5.5692
2007-04-03,5.5749
2007-04-04,5.5757
2007-04-05,5.5518
2007-04-06,5.5743
2007-04-09,5.5772
2007-04-10,5.5491
2007-04-11,5.5489
2007-04-12,5.5294
2007-04-13,5.5129
2007-04-16,5.5011
2007-04-17,5.4933
2007-04-18,5.4891
2007-04-19,5.4776
2007-04-20,5.4789
2007-04-23,5.4871
2007-04-24,5.4680
2007-04-25,5.4606
2007-04-26,5.4824
2007-04-27,5.4680
2007-04-30,5.4553
2007-05-01,5.4792
2007-05-02,5.4792
2007-05-03,5.4912
2007-05-04,5.4828
2007-05-07,5.4714
2007-05-08,5.5054
2007-05-09,5.4997
2007-05-10,5.5144
2007-05-11,5.5113
2007-05-14,5.5014
2007-05-15,5.4784
2007-05-16,5.5111
2007-05-17,5.5231
2007-05-18,5.5162
2007-05-21,5.5387
2007-05-22,5.5350
2007-05-23,5.5271
2007-05-24,5.5485
2007-05-25,5.5381
2007-05-28,.
2007-05-29,5.5254
2007-05-30,5.5494
2007-05-31,5.5370
2007-06-01,5.5406
2007-06-04,5.5206
2007-06-05,5.5045
2007-06-06,5.5191
2007-06-07,5.5333
2007-06-08,5.5714
2007-06-11,5.5734
2007-06-12,5.5872
2007-06-13,5.6002
2007-06-14,5.5929
2007-06-15,5.5700
2007-06-18,5.5538
2007-06-19,5.5489
2007-06-20,5.5435
2007-06-21,5.5548
2007-06-22,5.5364
2007-06-25,5.5295
2007-06-26,5.5235
2007-06-27,5.5400
2007-06-28,5.5249
2007-06-29,5.5040
2007-07-02,5.4607
2007-07-03,5.4656
2007-07-04,.
2007-07-05,5.4729
2007-07-06,5.4589
2007-07-09,5.4599
2007-07-10,5.4242
2007-07-11,5.4071
2007-07-12,5.4015
2007-07-13,5.3951
2007-07-16,5.3964
2007-07-17,5.3982
2007-07-18,5.3872
2007-07-19,5.3873
2007-07-20,5.3780
2007-07-23,5.3830
2007-07-24,5.3806
2007-07-25,5.4258
2007-07-26,5.4194
2007-07-27,5.4519
2007-07-30,5.4375
2007-07-31,5.4260
2007-08-01,5.4381
2007-08-02,5.4349
2007-08-03,5.3984
2007-08-06,5.3966
2007-08-07,5.4143
2007-08-08,5.3899
2007-08-09,5.4325
2007-08-10,5.4376
2007-08-13,5.4629
2007-08-14,5.4775
2007-08-15,5.5198
2007-08-16,5.5511
2007-08-17,5.5147
2007-08-20,5.5233
2007-08-21,5.5197
2007-08-22,5.4965
2007-08-23,5.4881
2007-08-24,5.4527
2007-08-27,5.4543
2007-08-28,5.4629
2007-08-29,5.4458
2007-08-30,5.4562
2007-08-31,5.4594
2007-09-03,5.4594
2007-09-04,5.4735
2007-09-05,5.4487
2007-09-06,5.4366
2007-09-07,5.4053
2007-09-10,5.3975
2007-09-11,5.3819
2007-09-12,5.3564
2007-09-13,5.3637
2007-09-14,5.3772
2007-09-17,5.3729
2007-09-18,5.3704
2007-09-19,5.3411
2007-09-20,5.2874
2007-09-21,5.2952
2007-09-24,5.2920
2007-09-25,5.2759
2007-09-26,5.2770
2007-09-27,5.2720
2007-09-28,5.2412
2007-10-01,5.2387
2007-10-02,5.2629
2007-10-03,5.2736
2007-10-04,5.2751
2007-10-05,5.2649
2007-10-08,5.2649
2007-10-09,5.2879
2007-10-10,5.2633
2007-10-11,5.2363
2007-10-12,5.2591
2007-10-15,5.2406
2007-10-16,5.2598
2007-10-17,5.2451
2007-10-18,5.2153
2007-10-19,5.2252
2007-10-22,5.2727
2007-10-23,5.2318
2007-10-24,5.2351
2007-10-25,5.2114
2007-10-26,5.1800
2007-10-29,5.1735
2007-10-30,5.1667
2007-10-31,5.1514
2007-11-01,5.1633
2007-11-02,5.1458
2007-11-05,5.1512
2007-11-06,5.1197
2007-11-07,5.0808
2007-11-08,5.0739
2007-11-09,5.0813
2007-11-12,.
2007-11-13,5.1035
2007-11-14,5.0793
2007-11-15,5.0888
2007-11-16,5.0862
2007-11-19,5.0840
2007-11-20,5.0390
2007-11-21,5.0263
2007-11-22,5.0263
2007-11-23,5.0281
2007-11-26,5.0172
2007-11-27,5.0325
2007-11-28,5.0554
2007-11-29,5.0496
2007-11-30,5.0772
2007-12-03,5.0859
2007-12-04,5.0507
2007-12-05,5.0832
2007-12-06,5.0954
2007-12-07,5.0863
2007-12-10,5.0707
2007-12-11,5.0736
2007-12-12,5.0743
2007-12-13,5.1141
2007-12-14,5.1682
2007-12-17,5.1917
2007-12-18,5.1827
2007-12-19,5.2018
2007-12-20,5.2020
2007-12-21,5.1962
2007-12-24,5.1765
2007-12-25,.
2007-12-26,5.1427
2007-12-27,5.1040
2007-12-28,5.0663
2007-12-31,5.1046
2008-01-01,.
2008-01-02,5.0580
2008-01-03,5.0564
2008-01-04,5.0380
2008-01-07,5.0721
2008-01-08,5.0607
2008-01-09,5.0788
2008-01-10,5.0500
2008-01-11,5.0346
2008-01-14,5.0025
2008-01-15,5.0158
2008-01-16,5.0809
2008-01-17,5.0719
2008-01-18,5.0973
2008-01-21,.
2008-01-22,5.0996
2008-01-23,5.1129
2008-01-24,5.0567
2008-01-25,5.0773
2008-01-28,5.0366
2008-01-29,5.0451
2008-01-30,5.0415
2008-01-31,5.0208
2008-02-01,5.0183
2008-02-04,5.0241
2008-02-05,5.0911
2008-02-06,5.0882
2008-02-07,5.1412
2008-02-08,5.1385
2008-02-11,5.1382
2008-02-12,5.1079
2008-02-13,5.1162
2008-02-14,5.0930
2008-02-15,5.0804
2008-02-18,.
2008-02-19,5.0560
2008-02-20,5.0823
2008-02-21,5.0324
2008-02-22,5.0286
2008-02-25,5.0294
2008-02-26,5.0071
2008-02-27,4.9242
2008-02-28,4.9114
2008-02-29,4.9054
2008-03-03,4.9028
2008-03-04,4.8977
2008-03-05,4.8738
2008-03-06,4.8496
2008-03-07,4.8624
2008-03-10,4.8502
2008-03-11,4.8640
2008-03-12,4.8116
2008-03-13,4.7837
2008-03-14,4.7777
2008-03-17,4.7304
2008-03-18,4.7263
2008-03-19,4.7680
2008-03-20,4.8380
2008-03-21,4.8283
2008-03-24,4.8451
2008-03-25,4.7826
2008-03-26,4.7320
2008-03-27,4.7188
2008-03-28,4.7304
2008-03-31,4.7178
2008-04-01,4.7752
2008-04-02,4.7750
2008-04-03,4.7589
2008-04-04,4.7394
2008-04-07,4.7455
2008-04-08,4.7494
2008-04-09,4.7192
2008-04-10,4.7385
2008-04-11,4.7212
2008-04-14,4.7127
2008-04-15,4.7201
2008-04-16,4.6687
2008-04-17,4.6836
2008-04-18,4.7394
2008-04-21,4.6980
2008-04-22,4.6605
2008-04-23,4.6940
2008-04-24,4.7633
2008-04-25,4.7732
2008-04-28,4.7692
2008-04-29,4.7800
2008-04-30,4.7933
2008-05-01,4.8272
2008-05-02,4.8354
2008-05-05,4.8169
2008-05-06,4.7982
2008-05-07,4.8546
2008-05-08,4.8410
2008-05-09,4.8295
2008-05-12,4.8014
2008-05-13,4.8097
2008-05-14,4.8234
2008-05-15,4.8153
2008-05-16,4.7846
2008-05-19,4.8083
2008-05-20,4.7602
2008-05-21,4.7290
2008-05-22,4.7505
2008-05-23,4.7268
2008-05-26,.
2008-05-27,4.7408
2008-05-28,4.7723
2008-05-29,4.8036
2008-05-30,4.7934
2008-06-02,4.7965
2008-06-03,4.8261
2008-06-04,4.8248
2008-06-05,4.7933
2008-06-06,4.7398
2008-06-09,4.7461
2008-06-10,4.8207
2008-06-11,4.7924
2008-06-12,4.8370
2008-06-13,4.8519
2008-06-16,4.8200
2008-06-17,4.8064
2008-06-18,4.8119
2008-06-19,4.8106
2008-06-20,4.7725
2008-06-23,4.8141
2008-06-24,4.7839
2008-06-25,4.7897
2008-06-26,4.7394
2008-06-27,4.7343
2008-06-30,4.7340
2008-07-01,4.7260
2008-07-02,4.6991
2008-07-03,4.7472
2008-07-04,.
2008-07-07,4.7658
2008-07-08,4.7640
2008-07-09,4.7376
2008-07-10,4.7299
2008-07-11,4.6917
2008-07-14,4.6882
2008-07-15,4.6837
2008-07-16,4.7049
2008-07-17,4.7028
2008-07-18,4.7035
2008-07-21,4.6994
2008-07-22,4.7186
2008-07-23,4.7501
2008-07-24,4.7641
2008-07-25,4.7549
2008-07-28,4.7383
2008-07-29,4.7854
2008-07-30,4.7956
2008-07-31,4.7858
2008-08-01,4.7916
2008-08-04,4.7920
2008-08-05,4.8226
2008-08-06,4.8419
2008-08-07,4.8630
2008-08-08,4.9561
2008-08-11,4.9870
2008-08-12,5.0049
2008-08-13,5.0073
2008-08-14,5.0203
2008-08-15,5.0763
2008-08-18,5.0634
2008-08-19,5.0575
2008-08-20,5.0727
2008-08-21,5.0142
2008-08-22,5.0395
2008-08-25,5.0387
2008-08-26,5.0874
2008-08-27,5.0784
2008-08-28,5.0780
2008-08-29,5.0840
2008-09-01,.
2008-09-02,5.1337
2008-09-03,5.1456
2008-09-04,5.1921
2008-09-05,5.2241
2008-09-08,5.2790
2008-09-09,5.2612
2008-09-10,5.3206
2008-09-11,5.3476
2008-09-12,5.2602
2008-09-15,5.2590
2008-09-16,5.2681
2008-09-17,5.2696
2008-09-18,5.1856
2008-09-19,5.1814
2008-09-22,5.0755
2008-09-23,5.0605
2008-09-24,5.0903
2008-09-25,5.0938
2008-09-26,5.1111
2008-09-29,5.1870
2008-09-30,5.2958
2008-10-01,5.3064
2008-10-02,5.3839
2008-10-03,5.3992
2008-10-06,5.5221
2008-10-07,5.4675
2008-10-08,5.4478
2008-10-09,5.4622
2008-10-10,5.5298
2008-10-13,.
2008-10-14,5.4550
2008-10-15,5.4919
2008-10-16,5.5542
2008-10-17,5.5375
2008-10-20,5.5985
2008-10-21,5.6875
2008-10-22,5.8080
2008-10-23,5.7908
2008-10-24,5.8982
2008-10-27,5.9847
2008-10-28,5.9715
2008-10-29,5.7972
2008-10-30,5.7944
2008-10-31,5.8683
2008-11-03,5.8520
2008-11-04,5.7144
2008-11-05,5.7074
2008-11-06,5.8352
2008-11-07,5.8257
2008-11-10,5.8345
2008-11-11,.
2008-11-12,5.9295
2008-11-13,5.9461
2008-11-14,5.8493
2008-11-17,5.8523
2008-11-18,5.8700
2008-11-19,5.9163
2008-11-20,5.9482
2008-11-21,5.9484
2008-11-24,5.7811
2008-11-25,5.7183
2008-11-26,5.8099
2008-11-27,.
2008-11-28,5.8671
2008-12-01,5.8955
2008-12-02,5.8525
2008-12-03,5.8795
2008-12-04,5.8001
2008-12-05,5.8895
2008-12-08,5.7549
2008-12-09,5.7548
2008-12-10,5.7171
2008-12-11,5.6001
2008-12-12,5.5799
2008-12-15,5.4525
2008-12-16,5.3955
2008-12-17,5.1890
2008-12-18,5.2094
2008-12-19,5.3717
2008-12-22,5.3423
2008-12-23,5.3353
2008-12-24,5.3364
2008-12-25,.
2008-12-26,5.2975
2008-12-29,5.2335
2008-12-30,5.2895
2008-12-31,5.3497
2009-01-01,.
2009-01-02,5.3400
2009-01-05,5.4845
2009-01-06,5.5426
2009-01-07,5.4311
2009-01-08,5.4343
2009-01-09,5.5240
2009-01-12,5.5826
2009-01-13,5.6461
2009-01-14,5.6551
2009-01-15,5.6891
2009-01-16,5.6275
2009-01-19,.
2009-01-20,5.7545
2009-01-21,5.7905
2009-01-22,5.7527
2009-01-23,5.8007
2009-01-26,5.6651
2009-01-27,5.6645
2009-01-28,5.6238
2009-01-29,5.7369
2009-01-30,5.8216
2009-02-02,5.8197
2009-02-03,5.7267
2009-02-04,5.7951
2009-02-05,5.8028
2009-02-06,5.7860
2009-02-09,5.7045
2009-02-10,5.7461
2009-02-11,5.7790
2009-02-12,5.8115
2009-02-13,5.7859
2009-02-16,.
2009-02-17,5.9277
2009-02-18,5.9371
2009-02-19,5.8760
2009-02-20,5.8731
2009-02-23,5.8450
2009-02-24,5.8455
2009-02-25,5.8504
2009-02-26,5.8349
2009-02-27,5.8832
2009-03-02,5.9229
2009-03-03,5.9369
2009-03-04,5.9082
2009-03-05,5.9305
2009-03-06,5.8787
2009-03-09,5.8943
2009-03-10,5.8419
2009-03-11,5.8310
2009-03-12,5.8219
2009-03-13,5.7834
2009-03-16,5.7353
2009-03-17,5.7457
2009-03-18,5.6834
2009-03-19,5.4273
2009-03-20,5.4918
2009-03-23,5.4902
2009-03-24,5.5075
2009-03-25,5.5002
2009-03-26,5.4925
2009-03-27,5.5971
2009-03-30,5.6659
2009-03-31,5.6153
2009-04-01,5.6322
2009-04-02,5.5342
2009-04-03,5.5386
2009-04-06,5.5704
2009-04-07,5.6090
2009-04-08,5.6065
2009-04-09,5.6650
2009-04-10,5.6679
2009-04-13,5.5783
2009-04-14,5.6096
2009-04-15,5.6508
2009-04-16,5.6424
2009-04-17,5.7164
2009-04-20,5.7730
2009-04-21,5.7386
2009-04-22,5.7245
2009-04-23,5.7087
2009-04-24,5.6106
2009-04-27,5.6706
2009-04-28,5.7021
2009-04-29,5.5891
2009-04-30,5.6223
2009-05-01,5.6139
2009-05-04,5.5714
2009-05-05,5.5680
2009-05-06,5.5943
2009-05-07,5.5529
2009-05-08,5.5199
2009-05-11,5.4687
2009-05-12,5.4618
2009-05-13,5.4705
2009-05-14,5.4725
2009-05-15,5.4993
2009-05-18,5.5132
2009-05-19,5.4724
2009-05-20,5.4092
2009-05-21,5.3937
2009-05-22,5.3164
2009-05-25,.
2009-05-26,5.3184
2009-05-27,5.3449
2009-05-28,5.3375
2009-05-29,5.2708
2009-06-01,5.2476
2009-06-02,5.2175
2009-06-03,5.2470
2009-06-04,5.2475
2009-06-05,5.3218
2009-06-08,5.3609
2009-06-09,5.3125
2009-06-10,5.3225
2009-06-11,5.2831
2009-06-12,5.3017
2009-06-15,5.4015
2009-06-16,5.3625
2009-06-17,5.3731
2009-06-18,5.3252
2009-06-19,5.3162
2009-06-22,5.3746
2009-06-23,5.3022
2009-06-24,5.3114
2009-06-25,5.3372
2009-06-26,5.2974
2009-06-29,5.2962
2009-06-30,5.3113
2009-07-01,5.2486
2009-07-02,5.3110
2009-07-03,5.3220
2009-07-06,5.3412
2009-07-07,5.3330
2009-07-08,5.3729
2009-07-09,5.3089
2009-07-10,5.3451
2009-07-13,5.3282
2009-07-14,5.3291
2009-07-15,5.2742
2009-07-16,5.2746
2009-07-17,5.2714
2009-07-20,5.2399
2009-07-21,5.2457
2009-07-22,5.2361
2009-07-23,5.2184
2009-07-24,5.2384
2009-07-27,5.2370
2009-07-28,5.2368
2009-07-29,5.3051
2009-07-30,5.2929
2009-07-31,5.2146
2009-08-03,5.1650
2009-08-04,5.1695
2009-08-05,5.1735
2009-08-06,5.1844
2009-08-07,5.2497
2009-08-10,5.2637
2009-08-11,5.2642
2009-08-12,5.2353
2009-08-13,5.2119
2009-08-14,5.2339
2009-08-17,5.2831
2009-08-18,5.2876
2009-08-19,5.2173
2009-08-20,5.2287
2009-08-21,5.2023
2009-08-24,5.1969
2009-08-25,5.1859
2009-08-26,5.2292
2009-08-27,5.2147
2009-08-28,5.1835
2009-08-31,5.1858
2009-09-01,5.2285
2009-09-02,5.2233
2009-09-03,5.2131
2009-09-04,5.2126
2009-09-07,.
2009-09-08,5.1331
2009-09-09,5.1078
2009-09-10,5.1096
2009-09-11,5.1031
2009-09-14,5.0920
2009-09-15,5.0915
2009-09-16,5.0627
2009-09-17,5.0495
2009-09-18,5.0578
2009-09-21,5.0646
2009-09-22,5.0300
2009-09-23,5.0440
2009-09-24,5.0634
2009-09-25,5.0674
2009-09-28,5.0809
2009-09-29,5.1148
2009-09-30,5.0874
2009-10-01,5.1213
2009-10-02,5.1021
2009-10-05,5.0819
2009-10-06,5.0488
2009-10-07,5.0721
2009-10-08,5.0372
2009-10-09,5.0578
2009-10-12,.
2009-10-13,5.0150
2009-10-14,4.9958
2009-10-15,4.9811
2009-10-16,4.9972
2009-10-19,4.9797
2009-10-20,4.9936
2009-10-21,4.9594
2009-10-22,4.9609
2009-10-23,4.9508
2009-10-26,4.9816
2009-10-27,5.0213
2009-10-28,5.0405
2009-10-29,5.0223
2009-10-30,5.0422
2009-11-02,5.0185
2009-11-03,5.0769
2009-11-04,5.0155
2009-11-05,5.0072
2009-11-06,5.0162
2009-11-09,4.9607
2009-11-10,4.9737
2009-11-11,.
2009-11-12,5.0053
2009-11-13,4.9969
2009-11-16,4.9682
2009-11-17,5.0157
2009-11-18,4.9634
2009-11-19,4.9908
2009-11-20,5.0041
2009-11-23,4.9715
2009-11-24,4.9813
2009-11-25,4.9328
2009-11-26,.
2009-11-27,4.9749
2009-11-30,4.9631
2009-12-01,4.9285
2009-12-02,4.9414
2009-12-03,4.9337
2009-12-04,4.9992
2009-12-07,5.0211
2009-12-08,5.0475
2009-12-09,5.0533
2009-12-10,5.0565
2009-12-11,5.0972
2009-12-14,5.0816
2009-12-15,5.1273
2009-12-16,5.1050
2009-12-17,5.1979
2009-12-18,5.2103
2009-12-21,5.1962
2009-12-22,5.2247
2009-12-23,5.1893
2009-12-24,5.1790
2009-12-25,.
2009-12-28,5.1707
2009-12-29,5.1830
2009-12-30,5.1973
2009-12-31,5.1908
2010-01-01,.
2010-01-04,5.1597
2010-01-05,5.1668
2010-01-06,5.1638
2010-01-07,5.1981
2010-01-08,5.1827
2010-01-11,5.1185
2010-01-12,5.1232
2010-01-13,5.1336
2010-01-14,5.1387
2010-01-15,5.1768
2010-01-18,.
2010-01-19,5.2154
2010-01-20,5.2812
2010-01-21,5.2762
2010-01-22,5.2611
2010-01-25,5.2630
2010-01-26,5.2930
2010-01-27,5.2978
2010-01-28,5.3195
2010-01-29,5.3676
2010-02-01,5.3533
2010-02-02,5.3346
2010-02-03,5.3511
2010-02-04,5.4095
2010-02-05,5.4708
2010-02-08,5.4328
2010-02-09,5.3970
2010-02-10,5.4237
2010-02-11,5.4579
2010-02-12,5.4634
2010-02-15,.
2010-02-16,5.4163
2010-02-17,5.4636
2010-02-18,5.4877
2010-02-19,5.4964
2010-02-22,5.4774
2010-02-23,5.4980
2010-02-24,5.4824
2010-02-25,5.5229
2010-02-26,5.4482
2010-03-01,5.5057
2010-03-02,5.4868
2010-03-03,5.4198
2010-03-04,5.4840
2010-03-05,5.4673
2010-03-08,5.4663
2010-03-09,5.4755
2010-03-10,5.4476
2010-03-11,5.4416
2010-03-12,5.4106
2010-03-15,5.4502
2010-03-16,5.4077
2010-03-17,5.4156
2010-03-18,5.4681
2010-03-19,5.4992
2010-03-22,5.4983
2010-03-23,5.4965
2010-03-24,5.5726
2010-03-25,5.5758
2010-03-26,5.5540
2010-03-29,5.5270
2010-03-30,5.5520
2010-03-31,5.5033
2010-04-01,5.4876
2010-04-02,5.5191
2010-04-05,5.5187
2010-04-06,5.5640
2010-04-07,5.5699
2010-04-08,5.5694
2010-04-09,5.5251
2010-04-12,5.4779
2010-04-13,5.4757
2010-04-14,5.4448
2010-04-15,5.4965
2010-04-16,5.5184
2010-04-19,5.5294
2010-04-20,5.5332
2010-04-21,5.5593
2010-04-22,5.5960
2010-04-23,5.5688
2010-04-26,5.5792
2010-04-27,5.6248
2010-04-28,5.6659
2010-04-29,5.6200
2010-04-30,5.5952
2010-05-03,5.6452
2010-05-04,5.7090
2010-05-05,5.7734
2010-05-06,5.8657
2010-05-07,5.8508
2010-05-10,5.7863
2010-05-11,5.8527
2010-05-12,5.8853
2010-05-13,5.9185
2010-05-14,6.0026
2010-05-17,6.0486
2010-05-18,6.0204
2010-05-19,6.0411
2010-05-20,6.0161
2010-05-21,5.9195
2010-05-24,5.9984
2010-05-25,6.0593
2010-05-26,6.0861
2010-05-27,6.0120
2010-05-28,6.0145
2010-05-31,.
2010-06-01,6.0651
2010-06-02,6.0958
2010-06-03,6.1024
2010-06-04,6.1999
2010-06-07,6.2188
2010-06-08,6.2000
2010-06-09,6.1760
2010-06-10,6.1413
2010-06-11,6.1571
2010-06-14,6.0562
2010-06-15,6.0318
2010-06-16,6.0360
2010-06-17,6.0145
2010-06-18,6.0173
2010-06-21,6.0077
2010-06-22,6.0482
2010-06-23,6.0439
2010-06-24,6.0566
2010-06-25,6.0358
2010-06-28,6.0445
2010-06-29,6.1116
2010-06-30,6.0598
2010-07-01,5.9764
2010-07-02,5.9243
2010-07-05,.
2010-07-06,5.8924
2010-07-07,5.9184
2010-07-08,5.8770
2010-07-09,5.8979
2010-07-12,5.9279
2010-07-13,5.8629
2010-07-14,5.8415
2010-07-15,5.7790
2010-07-16,5.7648
2010-07-19,5.7482
2010-07-20,5.7742
2010-07-21,5.8120
2010-07-22,5.7758
2010-07-23,5.7924
2010-07-26,5.7389
2010-07-27,5.7383
2010-07-28,5.7310
2010-07-29,5.7024
2010-07-30,5.7010
2010-08-02,5.6548
2010-08-03,5.6280
2010-08-04,5.6633
2010-08-05,5.6632
2010-08-06,5.6094
2010-08-09,5.6273
2010-08-10,5.6891
2010-08-11,5.7748
2010-08-12,5.7906
2010-08-13,5.8357
2010-08-16,5.8011
2010-08-17,5.7785
2010-08-18,5.7860
2010-08-19,5.8043
2010-08-20,5.8730
2010-08-23,5.8830
2010-08-24,5.8754
2010-08-25,5.8849
2010-08-26,5.8547
2010-08-27,5.8339
2010-08-30,5.8696
2010-08-31,5.8580
2010-09-01,5.8102
2010-09-02,5.8041
2010-09-03,5.7774
2010-09-06,.
2010-09-07,5.8506
2010-09-08,5.8482
2010-09-09,5.8590
2010-09-10,5.8482
2010-09-13,5.7763
2010-09-14,5.7204
2010-09-15,5.7249
2010-09-16,5.6938
2010-09-17,5.7078
2010-09-20,5.6958
2010-09-21,5.6706
2010-09-22,5.5652
2010-09-23,5.5830
2010-09-24,5.5285
2010-09-27,5.5272
2010-09-28,5.4862
2010-09-29,5.4643
2010-09-30,5.4791
2010-10-01,5.4182
2010-10-04,5.4449
2010-10-05,5.3867
2010-10-06,5.3516
2010-10-07,5.3542
2010-10-08,5.3552
2010-10-11,.
2010-10-12,5.3852
2010-10-13,5.3399
2010-10-14,5.2997
2010-10-15,5.3268
2010-10-18,5.3353
2010-10-19,5.3935
2010-10-20,5.3451
2010-10-21,5.3376
2010-10-22,5.3640
2010-10-25,5.3324
2010-10-26,5.3756
2010-10-27,5.4077
2010-10-28,5.3547
2010-10-29,5.3671
2010-11-01,5.3688
2010-11-02,5.3156
2010-11-03,5.3195
2010-11-04,5.2405
2010-11-05,5.3094
2010-11-08,5.3514
2010-11-09,5.3759
2010-11-10,5.4277
2010-11-11,.
2010-11-12,5.4407
2010-11-15,5.4744
2010-11-16,5.5149
2010-11-17,5.4989
2010-11-18,5.4744
2010-11-19,5.4604
2010-11-22,5.4774
2010-11-23,5.5686
2010-11-24,5.5796
2010-11-25,.
2010-11-26,5.6274
2010-11-29,5.6917
2010-11-30,5.7171
2010-12-01,5.6679
2010-12-02,5.6329
2010-12-03,5.5753
2010-12-06,5.6122
2010-12-07,5.5938
2010-12-08,5.6302
2010-12-09,5.6455
2010-12-10,5.6277
2010-12-13,5.5670
2010-12-14,5.5640
2010-12-15,5.5989
2010-12-16,5.6399
2010-12-17,5.6623
2010-12-20,5.6759
2010-12-21,5.6733
2010-12-22,5.6921
2010-12-23,5.6889
2010-12-24,.
2010-12-27,5.6678
2010-12-28,5.6796
2010-12-29,5.6546
2010-12-30,5.6183
2010-12-31,.
2011-01-03,5.5724
2011-01-04,5.6013
2011-01-05,5.6582
2011-01-06,5.7193
2011-01-07,5.7555
2011-01-10,5.7540
2011-01-11,5.7389
2011-01-12,5.7011
2011-01-13,5.5743
2011-01-14,5.5894
2011-01-17,.
2011-01-18,5.5605
2011-01-19,5.5214
2011-01-20,5.5428
2011-01-21,5.4881
2011-01-24,5.4573
2011-01-25,5.4628
2011-01-26,5.4444
2011-01-27,5.4440
2011-01-28,5.4767
2011-01-31,5.4350
2011-02-01,5.4045
2011-02-02,5.4104
2011-02-03,5.4594
2011-02-04,5.4869
2011-02-07,5.4989
2011-02-08,5.4466
2011-02-09,5.4469
2011-02-10,5.4677
2011-02-11,5.5152
2011-02-14,5.5340
2011-02-15,5.5252
2011-02-16,5.5042
2011-02-17,5.4770
2011-02-18,5.4518
2011-02-21,.
2011-02-22,5.4558
2011-02-23,5.4187
2011-02-24,5.4048
2011-02-25,5.4192
2011-02-28,5.4054
2011-03-01,5.3973
2011-03-02,5.3748
2011-03-03,5.3462
2011-03-04,5.3315
2011-03-07,5.3356
2011-03-08,5.3591
2011-03-09,5.3630
2011-03-10,5.3953
2011-03-11,5.3792
2011-03-14,5.3355
2011-03-15,5.3397
2011-03-16,5.3572
2011-03-17,5.3183
2011-03-18,5.2737
2011-03-21,5.2572
2011-03-22,5.2472
2011-03-23,5.2796
2011-03-24,5.2516
2011-03-25,5.2714
2011-03-28,5.2853
2011-03-29,5.2929
2011-03-30,5.2899
2011-03-31,5.2569
2011-04-01,5.2455
2011-04-04,5.2436
2011-04-05,5.2391
2011-04-06,5.2014
2011-04-07,5.2194
2011-04-08,5.1652
2011-04-11,5.1591
2011-04-12,5.1595
2011-04-13,5.1509
2011-04-14,5.1570
2011-04-15,5.1634
2011-04-18,5.2464
2011-04-19,5.2086
2011-04-20,5.1383
2011-04-21,5.1126
2011-04-22,5.1271
2011-04-25,5.1157
2011-04-26,5.0969
2011-04-27,5.0864
2011-04-28,5.0442
2011-04-29,5.0315
2011-05-02,5.0149
2011-05-03,5.0127
2011-05-04,5.0183
2011-05-05,5.1125
2011-05-06,5.1454
2011-05-09,5.2126
2011-05-10,5.1922
2011-05-11,5.2249
2011-05-12,5.2400
2011-05-13,5.2725
2011-05-16,5.2444
2011-05-17,5.2667
2011-05-18,5.2262
2011-05-19,5.2324
2011-05-20,5.2615
2011-05-23,5.3203
2011-05-24,5.2848
2011-05-25,5.2863
2011-05-26,5.2915
2011-05-27,5.2182
2011-05-30,.
2011-05-31,5.1847
2011-06-01,5.1662
2011-06-02,5.1669
2011-06-03,5.1046
2011-06-06,5.0982
2011-06-07,5.0802
2011-06-08,5.1112
2011-06-09,5.1311
2011-06-10,5.1913
2011-06-13,5.1908
2011-06-14,5.1535
2011-06-15,5.2449
2011-06-16,5.2694
2011-06-17,5.2068
2011-06-20,5.2076
2011-06-21,5.1801
2011-06-22,5.1781
2011-06-23,5.2640
2011-06-24,5.2564
2011-06-27,5.2220
2011-06-28,5.1910
2011-06-29,5.1699
2011-06-30,5.1355
2011-07-01,5.1415
2011-07-04,.
2011-07-05,5.1537
2011-07-06,5.2052
2011-07-07,5.1966
2011-07-08,5.2336
2011-07-11,5.3141
2011-07-12,5.3203
2011-07-13,5.2634
2011-07-14,5.2582
2011-07-15,5.2666
2011-07-18,5.3101
2011-07-19,5.2667
2011-07-20,5.2531
2011-07-21,5.1868
2011-07-22,5.1869
2011-07-25,5.1910
2011-07-26,5.1420
2011-07-27,5.1842
2011-07-28,5.2078
2011-07-29,5.1779
2011-08-01,5.2457
2011-08-02,5.2333
2011-08-03,5.1997
2011-08-04,5.2613
2011-08-05,5.2609
2011-08-08,5.2306
2011-08-09,5.2310
2011-08-10,5.2485
2011-08-11,5.2354
2011-08-12,5.2314
2011-08-15,5.1532
2011-08-16,5.1658
2011-08-17,5.1606
2011-08-18,5.2004
2011-08-19,5.1693
2011-08-22,5.1781
2011-08-23,5.1617
2011-08-24,5.1729
2011-08-25,5.1807
2011-08-26,5.1498
2011-08-29,5.1341
2011-08-30,5.1618
2011-08-31,5.1710
2011-09-01,5.2144
2011-09-02,5.2442
2011-09-05,.
2011-09-06,5.3199
2011-09-07,5.2979
2011-09-08,5.3388
2011-09-09,5.4488
2011-09-12,5.4615
2011-09-13,5.4430
2011-09-14,5.4321
2011-09-15,5.3740
2011-09-16,5.4023
2011-09-19,5.4595
2011-09-20,5.4355
2011-09-21,5.4257
2011-09-22,5.5345
2011-09-23,5.5044
2011-09-26,5.5041
2011-09-27,5.4675
2011-09-28,5.4610
2011-09-29,5.4555
2011-09-30,5.5331
2011-10-03,5.6034
2011-10-04,5.5989
2011-10-05,5.5846
2011-10-06,5.5518
2011-10-07,5.5093
2011-10-10,.
2011-10-11,5.4500
2011-10-12,5.3936
2011-10-13,5.4219
2011-10-14,5.3710
2011-10-17,5.4077
2011-10-18,5.4269
2011-10-19,5.4049
2011-10-20,5.4462
2011-10-21,5.3658
2011-10-24,5.3440
2011-10-25,5.3514
2011-10-26,5.3789
2011-10-27,5.2527
2011-10-28,5.2531
2011-10-31,5.3330
2011-11-01,5.4402
2011-11-02,5.3909
2011-11-03,5.4145
2011-11-04,5.4067
2011-11-07,5.4163
2011-11-08,5.4004
2011-11-09,5.4751
2011-11-10,5.4711
2011-11-11,.
2011-11-14,5.4627
2011-11-15,5.5036
2011-11-16,5.5098
2011-11-17,5.5028
2011-11-18,5.5044
2011-11-21,5.5011
2011-11-22,5.5109
2011-11-23,5.5707
2011-11-24,.
2011-11-25,5.6144
2011-11-28,5.5770
2011-11-29,5.5735
2011-11-30,5.5268
2011-12-01,5.5138
2011-12-02,5.5545
2011-12-05,5.5229
2011-12-06,5.5497
2011-12-07,5.5539
2011-12-08,5.5802
2011-12-09,5.5614
2011-12-12,5.6369
2011-12-13,5.6788
2011-12-14,5.7280
2011-12-15,5.7107
2011-12-16,5.7061
2011-12-19,5.7094
2011-12-20,5.6833
2011-12-21,5.7005
2011-12-22,5.6981
2011-12-23,5.6996
2011-12-26,.
2011-12-27,5.6851
2011-12-28,5.7519
2011-12-29,5.7392
2011-12-30,5.7303
2012-01-02,.
2012-01-03,5.6933
2012-01-04,5.7513
2012-01-05,5.8176
2012-01-06,5.8429
2012-01-09,5.8339
2012-01-10,5.8189
2012-01-11,5.8612
2012-01-12,5.8006
2012-01-13,5.8628
2012-01-16,.
2012-01-17,5.8357
2012-01-18,5.7971
2012-01-19,5.7470
2012-01-20,5.7414
2012-01-23,5.7040
2012-01-24,5.7172
2012-01-25,5.7282
2012-01-26,5.6508
2012-01-27,5.6350
2012-01-30,5.6645
2012-01-31,5.6949
2012-02-01,5.6405
2012-02-02,5.6451
2012-02-03,5.6713
2012-02-06,5.6605
2012-02-07,5.6119
2012-02-08,5.6079
2012-02-09,5.5881
2012-02-10,5.6370
2012-02-13,5.6247
2012-02-14,5.6530
2012-02-15,5.6791
2012-02-16,5.6699
2012-02-17,5.6529
2012-02-20,.
2012-02-21,5.6096
2012-02-22,5.6122
2012-02-23,5.5870
2012-02-24,5.5230
2012-02-27,5.5448
2012-02-28,5.5272
2012-02-29,5.5653
2012-03-01,5.5813
2012-03-02,5.6310
2012-03-05,5.6200
2012-03-06,5.6689
2012-03-07,5.6530
2012-03-08,5.6080
2012-03-09,5.6708
2012-03-12,5.6561
2012-03-13,5.6700
2012-03-14,5.7082
2012-03-15,5.6882
2012-03-16,5.6455
2012-03-19,5.6147
2012-03-20,5.6231
2012-03-21,5.6370
2012-03-22,5.6355
2012-03-23,5.6061
2012-03-26,5.5783
2012-03-27,5.5740
2012-03-28,5.5916
2012-03-29,5.6066
2012-03-30,5.5790
2012-04-02,5.5837
2012-04-03,5.5787
2012-04-04,5.6668
2012-04-05,5.6940
2012-04-06,5.6851
2012-04-09,5.6844
2012-04-10,5.6926
2012-04-11,5.6749
2012-04-12,5.6475
2012-04-13,5.6863
2012-04-16,5.6924
2012-04-17,5.6686
2012-04-18,5.6691
2012-04-19,5.6644
2012-04-20,5.6312
2012-04-23,5.6666
2012-04-24,5.6337
2012-04-25,5.6318
2012-04-26,5.6208
2012-04-27,5.6137
2012-04-30,5.6236
2012-05-01,5.6242
2012-05-02,5.6536
2012-05-03,5.6555
2012-05-04,5.6795
2012-05-07,5.6973
2012-05-08,5.7116
2012-05-09,5.7388
2012-05-10,5.7354
2012-05-11,5.7443
2012-05-14,5.7861
2012-05-15,5.8210
2012-05-16,5.8390
2012-05-17,5.8474
2012-05-18,5.8423
2012-05-21,5.8202
2012-05-22,5.8343
2012-05-23,5.9113
2012-05-24,5.9060
2012-05-25,5.9352
2012-05-28,.
2012-05-29,5.9515
2012-05-30,5.9905
2012-05-31,6.0100
2012-06-01,5.9821
2012-06-04,5.9481
2012-06-05,5.9754
2012-06-06,5.9299
2012-06-07,5.9150
2012-06-08,5.9551
2012-06-11,5.9437
2012-06-12,5.9547
2012-06-13,5.8990
2012-06-14,5.8937
2012-06-15,5.8819
2012-06-18,5.9085
2012-06-19,5.8569
2012-06-20,5.8521
2012-06-21,5.9064
2012-06-22,5.9253
2012-06-25,5.9564
2012-06-26,5.9604
2012-06-27,5.9673
2012-06-28,5.9775
2012-06-29,5.8687
2012-07-02,5.9065
2012-07-03,5.8909
2012-07-04,.
2012-07-05,6.0077
2012-07-06,6.0553
2012-07-09,6.0480
2012-07-10,6.0685
2012-07-11,6.0729
2012-07-12,6.0971
2012-07-13,6.0814
2012-07-16,6.0647
2012-07-17,6.0818
2012-07-18,6.0669
2012-07-19,6.0688
2012-07-20,6.1102
2012-07-23,6.1347
2012-07-24,6.1668
2012-07-25,6.1316
2012-07-26,6.0576
2012-07-27,6.0130
2012-07-30,6.0725
2012-07-31,6.0431
2012-08-01,6.0518
2012-08-02,6.1255
2012-08-03,6.0066
2012-08-06,5.9901
2012-08-07,5.9929
2012-08-08,6.0197
2012-08-09,6.0611
2012-08-10,6.0514
2012-08-13,6.0313
2012-08-14,6.0367
2012-08-15,6.0563
2012-08-16,6.0241
2012-08-17,6.0469
2012-08-20,6.0315
2012-08-21,5.9693
2012-08-22,5.9701
2012-08-23,5.9189
2012-08-24,5.9420
2012-08-27,5.9508
2012-08-28,5.9289
2012-08-29,5.9429
2012-08-30,5.9610
2012-08-31,5.9237
2012-09-03,.
2012-09-04,5.9276
2012-09-05,5.9117
2012-09-06,5.9018
2012-09-07,5.8239
2012-09-10,5.8239
2012-09-11,5.7953
2012-09-12,5.7815
2012-09-13,5.7731
2012-09-14,5.6729
2012-09-17,5.6797
2012-09-18,5.7097
2012-09-19,5.7039
2012-09-20,5.7553
2012-09-21,5.7389
2012-09-24,5.7760
2012-09-25,5.7600
2012-09-26,5.8015
2012-09-27,5.7896
2012-09-28,5.7986
2012-10-01,5.7779
2012-10-02,5.7569
2012-10-03,5.7756
2012-10-04,5.7339
2012-10-05,5.7097
2012-10-08,.
2012-10-09,5.7924
2012-10-10,5.7880
2012-10-11,5.7692
2012-10-12,5.7615
2012-10-15,5.7596
2012-10-16,5.7221
2012-10-17,5.6800
2012-10-18,5.6901
2012-10-19,5.7274
2012-10-22,5.7100
2012-10-23,5.7493
2012-10-24,5.7615
2012-10-25,5.7561
2012-10-26,5.7647
2012-10-29,5.7794
2012-10-30,5.7474
2012-10-31,5.7559
2012-11-01,5.7662
2012-11-02,5.8057
2012-11-05,5.8307
2012-11-06,5.8202
2012-11-07,5.8463
2012-11-08,5.8551
2012-11-09,5.8651
2012-11-12,.
2012-11-13,5.8644
2012-11-14,5.8528
2012-11-15,5.8351
2012-11-16,5.8660
2012-11-19,5.8226
2012-11-20,5.8202
2012-11-21,5.8183
2012-11-22,.
2012-11-23,5.7536
2012-11-26,5.7506
2012-11-27,5.7621
2012-11-28,5.7721
2012-11-29,5.7593
2012-11-30,5.7333
2012-12-03,5.7093
2012-12-04,5.7029
2012-12-05,5.7046
2012-12-06,5.7518
2012-12-07,5.7639
2012-12-10,5.7693
2012-12-11,5.7417
2012-12-12,5.7216
2012-12-13,5.7047
2012-12-14,5.6806
2012-12-17,5.6648
2012-12-18,5.6405
2012-12-19,5.6317
2012-12-20,5.6417
2012-12-21,5.6652
2012-12-24,5.6599
2012-12-25,.
2012-12-26,5.6390
2012-12-27,5.6376
2012-12-28,5.6413
2012-12-31,5.6565
2013-01-01,.
2013-01-02,5.6534
2013-01-03,5.6901
2013-01-04,5.7165
2013-01-07,5.6947
2013-01-08,5.7090
2013-01-09,5.7062
2013-01-10,5.6442
2013-01-11,5.5880
2013-01-14,5.5802
2013-01-15,5.5933
2013-01-16,5.6076
2013-01-17,5.5876
2013-01-18,5.6099
2013-01-21,.
2013-01-22,5.6088
2013-01-23,5.6068
2013-01-24,5.5774
2013-01-25,5.5451
2013-01-28,5.5430
2013-01-29,5.5306
2013-01-30,5.4985
2013-01-31,5.4916
2013-02-01,5.4491
2013-02-04,5.5146
2013-02-05,5.4959
2013-02-06,5.5127
2013-02-07,5.5738
2013-02-08,5.5797
2013-02-11,5.5625
2013-02-12,5.5467
2013-02-13,5.5484
2013-02-14,5.5941
2013-02-15,5.5824
2013-02-18,.
2013-02-19,5.5703
2013-02-20,5.5874
2013-02-21,5.6492
2013-02-22,5.6656
2013-02-25,5.6634
2013-02-26,5.7117
2013-02-27,5.6898
2013-02-28,5.7007
2013-03-01,5.7403
2013-03-04,5.7357
2013-03-05,5.7262
2013-03-06,5.7380
2013-03-07,5.6906
2013-03-08,5.7393
2013-03-11,5.7303
2013-03-12,5.7251
2013-03-13,5.7572
2013-03-14,5.7477
2013-03-15,5.7081
2013-03-18,5.7540
2013-03-19,5.7829
2013-03-20,5.7540
2013-03-21,5.7641
2013-03-22,5.7348
2013-03-25,5.7842
2013-03-26,5.7952
2013-03-27,5.8307
2013-03-28,5.8033
2013-03-29,5.8169
2013-04-01,5.7980
2013-04-02,5.8071
2013-04-03,5.8008
2013-04-04,5.7988
2013-04-05,5.7220
2013-04-08,5.7308
2013-04-09,5.6944
2013-04-10,5.7091
2013-04-11,5.6805
2013-04-12,5.6947
2013-04-15,5.6993
2013-04-16,5.6726
2013-04-17,5.7124
2013-04-18,5.7020
2013-04-19,5.7060
2013-04-22,5.7111
2013-04-23,5.7275
2013-04-24,5.7361
2013-04-25,5.7322
2013-04-26,5.7250
2013-04-29,5.6958
2013-04-30,5.6614
2013-05-01,5.6511
2013-05-02,5.7048
2013-05-03,5.6847
2013-05-06,5.7025
2013-05-07,5.6949
2013-05-08,5.6562
2013-05-09,5.6866
2013-05-10,5.7545
2013-05-13,5.7413
2013-05-14,5.7468
2013-05-15,5.7970
2013-05-16,5.7782
2013-05-17,5.8115
2013-05-20,5.7922
2013-05-21,5.7728
2013-05-22,5.7932
2013-05-23,5.7614
2013-05-24,5.7672
2013-05-27,.
2013-05-28,5.7911
2013-05-29,5.7585
2013-05-30,5.7155
2013-05-31,5.7403
2013-06-03,5.6911
2013-06-04,5.7017
2013-06-05,5.6953
2013-06-06,5.6279
2013-06-07,5.6309
2013-06-10,5.6336
2013-06-11,5.6163
2013-06-12,5.5846
2013-06-13,5.6027
2013-06-14,5.5950
2013-06-17,5.5909
2013-06-18,5.5641
2013-06-19,5.5648
2013-06-20,5.6441
2013-06-21,5.6879
2013-06-24,5.6977
2013-06-25,5.7019
2013-06-26,5.7332
2013-06-27,5.7303
2013-06-28,5.7326
2013-07-01,5.7110
2013-07-02,5.7306
2013-07-03,5.7362
2013-07-04,.
2013-07-05,5.8118
2013-07-08,5.7984
2013-07-09,5.8384
2013-07-10,5.8057
2013-07-11,5.7162
2013-07-12,5.7156
2013-07-15,5.7188
2013-07-16,5.6726
2013-07-17,5.6946
2013-07-18,5.7017
2013-07-19,5.6743
2013-07-22,5.6520
2013-07-23,5.6450
2013-07-24,5.6371
2013-07-25,5.6333
2013-07-26,5.6197
2013-07-29,5.6218
2013-07-30,5.6195
2013-07-31,5.6081
2013-08-01,5.6401
2013-08-02,5.6174
2013-08-05,5.6232
2013-08-06,5.6074
2013-08-07,5.5945
2013-08-08,5.5678
2013-08-09,5.5928
2013-08-12,5.6032
2013-08-13,5.6300
2013-08-14,5.6248
2013-08-15,5.6221
2013-08-16,5.5978
2013-08-19,5.5868
2013-08-20,5.5531
2013-08-21,5.5792
2013-08-22,5.5823
2013-08-23,5.5699
2013-08-26,5.5788
2013-08-27,5.5721
2013-08-28,5.5957
2013-08-29,5.6389
2013-08-30,5.6528
2013-09-02,.
2013-09-03,5.6663
2013-09-04,5.6445
2013-09-05,5.6828
2013-09-06,5.6651
2013-09-09,5.6248
2013-09-10,5.6242
2013-09-11,5.6066
2013-09-12,5.6008
2013-09-13,5.6164
2013-09-16,5.5859
2013-09-17,5.5841
2013-09-18,5.5858
2013-09-19,5.5125
2013-09-20,5.5150
2013-09-23,5.5273
2013-09-24,5.5273
2013-09-25,5.5090
2013-09-26,5.5307
2013-09-27,5.5089
2013-09-30,5.5109
2013-10-01,5.5094
2013-10-02,5.4880
2013-10-03,5.4681
2013-10-04,5.4914
2013-10-07,5.4963
2013-10-08,5.4927
2013-10-09,5.5203
2013-10-10,5.5107
2013-10-11,5.5007
2013-10-14,.
2013-10-15,5.5272
2013-10-16,5.5290
2013-10-17,5.4570
2013-10-18,5.4466
2013-10-21,5.4554
2013-10-22,5.4141
2013-10-23,5.4112
2013-10-24,5.4008
2013-10-25,5.4068
2013-10-28,5.4109
2013-10-29,5.4167
2013-10-30,5.4161
2013-10-31,5.4862
2013-11-01,5.5299
2013-11-04,5.5183
2013-11-05,5.5360
2013-11-06,5.5128
2013-11-07,5.5681
2013-11-08,5.5824
2013-11-11,.
2013-11-12,5.5524
2013-11-13,5.5418
2013-11-14,5.5364
2013-11-15,5.5330
2013-11-18,5.5160
2013-11-19,5.5130
2013-11-20,5.5458
2013-11-21,5.5369
2013-11-22,5.5047
2013-11-25,5.5236
2013-11-26,5.5022
2013-11-27,5.4975
2013-11-28,.
2013-11-29,5.4823
2013-12-02,5.5035
2013-12-03,5.4830
2013-12-04,5.5026
2013-12-05,5.4590
2013-12-06,5.4487
2013-12-09,5.4350
2013-12-10,5.4194
2013-12-11,5.4064
2013-12-12,5.4243
2013-12-13,5.4361
2013-12-16,5.4228
2013-12-17,5.4259
2013-12-18,5.4192
2013-12-19,5.4584
2013-12-20,5.4559
2013-12-23,5.4453
2013-12-24,5.4541
2013-12-25,.
2013-12-26,5.4490
2013-12-27,5.4174
2013-12-30,5.3991
2013-12-31,5.4121
2014-01-01,.
2014-01-02,5.4542
2014-01-03,5.4807
2014-01-06,5.4706
2014-01-07,5.4768
2014-01-08,5.4912
2014-01-09,5.4897
2014-01-10,5.4610
2014-01-13,5.4682
2014-01-14,5.4535
2014-01-15,5.4850
2014-01-16,5.4867
2014-01-17,5.5052
2014-01-20,.
2014-01-21,5.5017
2014-01-22,5.5080
2014-01-23,5.4545
2014-01-24,5.4542
2014-01-27,5.4549
2014-01-28,5.4615
2014-01-29,5.4617
2014-01-30,5.5070
2014-01-31,5.5263
2014-02-03,5.5177
2014-02-04,5.5243
2014-02-05,5.5199
2014-02-06,5.4849
2014-02-07,5.4816
2014-02-10,5.4687
2014-02-11,5.4651
2014-02-12,5.4900
2014-02-13,5.4573
2014-02-14,5.4500
2014-02-17,.
2014-02-18,5.4234
2014-02-19,5.4226
2014-02-20,5.4503
2014-02-21,5.4375
2014-02-24,5.4291
2014-02-25,5.4270
2014-02-26,5.4593
2014-02-27,5.4373
2014-02-28,5.4047
2014-03-03,5.4220
2014-03-04,5.4337
2014-03-05,5.4332
2014-03-06,5.3886
2014-03-07,5.3794
2014-03-10,5.3765
2014-03-11,5.3813
2014-03-12,5.3669
2014-03-13,5.3589
2014-03-14,5.3590
2014-03-17,5.3587
2014-03-18,5.3645
2014-03-19,5.3657
2014-03-20,5.4151
2014-03-21,5.4155
2014-03-24,5.4155
2014-03-25,5.4181
2014-03-26,5.4136
2014-03-27,5.4341
2014-03-28,5.4280
2014-03-31,5.4194
2014-04-01,5.4076
2014-04-02,5.4247
2014-04-03,5.4454
2014-04-04,5.4478
2014-04-07,5.4312
2014-04-08,5.4093
2014-04-09,5.4037
2014-04-10,5.3740
2014-04-11,5.3719
2014-04-14,5.4007
2014-04-15,5.4079
2014-04-16,5.4021
2014-04-17,5.3979
2014-04-18,5.4039
2014-04-21,5.4143
2014-04-22,5.4085
2014-04-23,5.4032
2014-04-24,5.3963
2014-04-25,5.3937
2014-04-28,5.3914
2014-04-29,5.4057
2014-04-30,5.3817
2014-05-01,5.3825
2014-05-02,5.3833
2014-05-05,5.3759
2014-05-06,5.3603
2014-05-07,5.3630
2014-05-08,5.3837
2014-05-09,5.4227
2014-05-12,5.4246
2014-05-13,5.4444
2014-05-14,5.4410
2014-05-15,5.4441
2014-05-16,5.4454
2014-05-19,5.4416
2014-05-20,5.4469
2014-05-21,5.4658
2014-05-22,5.4666
2014-05-23,5.4771
2014-05-26,.
2014-05-27,5.4802
2014-05-28,5.4900
2014-05-29,5.4843
2014-05-30,5.4711
2014-06-02,5.4853
2014-06-03,5.4782
2014-06-04,5.4796
2014-06-05,5.4787
2014-06-06,5.4701
2014-06-09,5.4905
2014-06-10,5.5094
2014-06-11,5.5129
2014-06-12,5.5034
2014-06-13,5.5155
2014-06-16,5.4917
2014-06-17,5.5051
2014-06-18,5.4956
2014-06-19,5.4747
2014-06-20,5.4874
2014-06-23,5.4842
2014-06-24,5.4857
2014-06-25,5.4668
2014-06-26,5.4790
2014-06-27,5.4687
2014-06-30,5.4459
2014-07-01,5.4497
2014-07-02,5.4608
2014-07-03,5.4787
2014-07-04,.
2014-07-07,5.4800
2014-07-08,5.4762
2014-07-09,5.4689
2014-07-10,5.4810
2014-07-11,5.4822
2014-07-14,5.4743
2014-07-15,5.4934
2014-07-16,5.5113
2014-07-17,5.5123
2014-07-18,5.5168
2014-07-21,5.5140
2014-07-22,5.5360
2014-07-23,5.5389
2014-07-24,5.5364
2014-07-25,5.5519
2014-07-28,5.5475
2014-07-29,5.5606
2014-07-30,5.5730
2014-07-31,5.5687
2014-08-01,5.5489
2014-08-04,5.5575
2014-08-05,5.5777
2014-08-06,5.5822
2014-08-07,5.5790
2014-08-08,5.5583
2014-08-11,5.5702
2014-08-12,5.5816
2014-08-13,5.5775
2014-08-14,5.5730
2014-08-15,5.5670
2014-08-18,5.5810
2014-08-19,5.5974
2014-08-20,5.6127
2014-08-21,5.6114
2014-08-22,5.6321
2014-08-25,5.6452
2014-08-26,5.6517
2014-08-27,5.6501
2014-08-28,5.6543
2014-08-29,5.6647
2014-09-01,.
2014-09-02,5.6741
2014-09-03,5.6690
2014-09-04,5.7591
2014-09-05,5.7460
2014-09-08,5.7492
2014-09-09,5.7661
2014-09-10,5.7660
2014-09-11,5.7535
2014-09-12,5.7446
2014-09-15,5.7472
2014-09-16,5.7383
2014-09-17,5.7445
2014-09-18,5.7638
2014-09-19,5.7991
2014-09-22,5.8019
2014-09-23,5.7888
2014-09-24,5.8207
2014-09-25,5.8384
2014-09-26,5.8669
2014-09-29,5.8588
2014-09-30,5.8947
2014-10-01,5.8993
2014-10-02,5.8741
2014-10-03,5.9469
2014-10-06,5.9118
2014-10-07,5.8957
2014-10-08,5.8687
2014-10-09,5.8677
2014-10-10,5.8901
2014-10-13,.
2014-10-14,5.8801
2014-10-15,5.8262
2014-10-16,5.8119
2014-10-17,5.8380
2014-10-20,5.8251
2014-10-21,5.8513
2014-10-22,5.8820
2014-10-23,5.8819
2014-10-24,5.8737
2014-10-27,5.8553
2014-10-28,5.8400
2014-10-29,5.8334
2014-10-30,5.8973
2014-10-31,5.9397
2014-11-03,5.9605
2014-11-04,5.9283
2014-11-05,5.9574
2014-11-06,5.9923
2014-11-07,5.9876
2014-11-10,5.9861
2014-11-11,.
2014-11-12,5.9745
2014-11-13,5.9655
2014-11-14,5.9572
2014-11-17,5.9795
2014-11-18,5.9393
2014-11-19,5.9317
2014-11-20,5.9410
2014-11-21,6.0033
2014-11-24,5.9868
2014-11-25,5.9648
2014-11-26,5.9503
2014-11-27,.
2014-11-28,5.9817
2014-12-01,5.9568
2014-12-02,6.0053
2014-12-03,6.0465
2014-12-04,5.9847
2014-12-05,6.0459
2014-12-08,6.0528
2014-12-09,5.9931
2014-12-10,5.9875
2014-12-11,5.9981
2014-12-12,5.9577
2014-12-15,5.9660
2014-12-16,5.9503
2014-12-17,5.9965
2014-12-18,6.0523
2014-12-19,6.0807
2014-12-22,6.0723
2014-12-23,6.1066
2014-12-24,6.1039
2014-12-25,.
2014-12-26,.
2014-12-29,6.1108
2014-12-30,6.1159
2014-12-31,6.1534
2015-01-01,.
2015-01-02,6.1954
2015-01-05,6.2426
2015-01-06,6.2345
2015-01-07,6.2948
2015-01-08,6.2986
2015-01-09,6.2880
2015-01-12,6.2871
2015-01-13,6.3147
2015-01-14,6.3009
2015-01-15,6.4100
2015-01-16,6.4521
2015-01-19,.
2015-01-20,6.4300
2015-01-21,6.4178
2015-01-22,6.5202
2015-01-23,6.5998
2015-01-26,6.5998
2015-01-27,6.5454
2015-01-28,6.5629
2015-01-29,6.5803
2015-01-30,6.5907
2015-02-02,6.5648
2015-02-03,6.4955
2015-02-04,6.5188
2015-02-05,6.5113
2015-02-06,6.5669
2015-02-09,6.5773
2015-02-10,6.5778
2015-02-11,6.5859
2015-02-12,6.5248
2015-02-13,6.5239
2015-02-16,.
2015-02-17,6.5331
2015-02-18,6.5638
2015-02-19,6.5351
2015-02-20,6.5563
2015-02-23,6.5775
2015-02-24,6.5974
2015-02-25,6.5731
2015-02-26,6.6606
2015-02-27,6.6649
2015-03-02,6.6583
2015-03-03,6.6464
2015-03-04,6.7334
2015-03-05,6.7711
2015-03-06,6.8629
2015-03-09,6.8699
2015-03-10,6.9602
2015-03-11,7.0519
2015-03-12,7.0245
2015-03-13,7.0873
2015-03-16,7.0568
2015-03-17,7.0338
2015-03-18,7.0042
2015-03-19,7.0140
2015-03-20,6.9087
2015-03-23,6.8229
2015-03-24,6.8409
2015-03-25,6.7981
2015-03-26,6.8380
2015-03-27,6.8575
2015-03-30,6.9036
2015-03-31,6.9552
2015-04-01,6.9382
2015-04-02,6.8722
2015-04-03,6.8020
2015-04-06,6.7904
2015-04-07,6.8867
2015-04-08,6.9071
2015-04-09,7.0022
2015-04-10,7.0517
2015-04-13,7.0603
2015-04-14,6.9976
2015-04-15,7.0466
2015-04-16,6.9475
2015-04-17,6.9210
2015-04-20,6.9324
2015-04-21,6.9352
2015-04-22,6.9546
2015-04-23,6.9061
2015-04-24,6.8606
2015-04-27,6.8494
2015-04-28,6.7970
2015-04-29,6.6774
2015-04-30,6.6872
2015-05-01,6.6692
2015-05-04,6.6987
2015-05-05,6.6796
2015-05-06,6.5795
2015-05-07,6.6149
2015-05-08,6.6381
2015-05-11,6.6973
2015-05-12,6.6395
2015-05-13,6.5617
2015-05-14,6.5660
2015-05-15,6.5320
2015-05-18,6.5725
2015-05-19,6.6872
2015-05-20,6.7311
2015-05-21,6.7007
2015-05-22,6.7574
2015-05-25,.
2015-05-26,6.8525
2015-05-27,6.8478
2015-05-28,6.8343
2015-05-29,6.7851
2015-06-01,6.8351
2015-06-02,6.7020
2015-06-03,6.6104
2015-06-04,6.6184
2015-06-05,6.7153
2015-06-08,6.6404
2015-06-09,6.6116
2015-06-10,6.5992
2015-06-11,6.6379
2015-06-12,6.6147
2015-06-15,6.6208
2015-06-16,6.6372
2015-06-17,6.6321
2015-06-18,6.5421
2015-06-19,6.5827
2015-06-22,6.5574
2015-06-23,6.6680
2015-06-24,6.6730
2015-06-25,6.6631
2015-06-26,6.6897
2015-06-29,6.6726
2015-06-30,6.6884
2015-07-01,6.7310
2015-07-02,6.7236
2015-07-03,.
2015-07-06,6.7382
2015-07-07,6.8140
2015-07-08,6.7399
2015-07-09,6.7678
2015-07-10,6.6926
2015-07-13,6.7711
2015-07-14,6.7742
2015-07-15,6.8056
2015-07-16,6.8462
2015-07-17,6.8776
2015-07-20,6.8762
2015-07-21,6.8278
2015-07-22,6.8548
2015-07-23,6.7987
2015-07-24,6.7978
2015-07-27,6.7141
2015-07-28,6.7501
2015-07-29,6.7667
2015-07-30,6.8353
2015-07-31,6.7670
2015-08-03,6.8136
2015-08-04,6.8120
2015-08-05,6.8655
2015-08-06,6.8314
2015-08-07,6.8091
2015-08-10,6.7869
2015-08-11,6.7587
2015-08-12,6.6655
2015-08-13,6.6974
2015-08-14,6.7170
2015-08-17,6.7376
2015-08-18,6.7684
2015-08-19,6.7469
2015-08-20,6.6642
2015-08-21,6.5716
2015-08-24,6.4456
2015-08-25,6.5412
2015-08-26,6.5533
2015-08-27,6.6403
2015-08-28,6.6794
2015-08-31,6.6672
2015-09-01,6.6264
2015-09-02,6.6398
2015-09-03,6.7180
2015-09-04,6.7108
2015-09-07,.
2015-09-08,6.6727
2015-09-09,6.6828
2015-09-10,6.6239
2015-09-11,6.5789
2015-09-14,6.5980
2015-09-15,6.6256
2015-09-16,6.6007
2015-09-17,6.5957
2015-09-18,6.5689
2015-09-21,6.6582
2015-09-22,6.6989
2015-09-23,6.6856
2015-09-24,6.6301
2015-09-25,6.6661
2015-09-28,6.6396
2015-09-29,6.6346
2015-09-30,6.6832
2015-10-01,6.6601
2015-10-02,6.6160
2015-10-05,6.6624
2015-10-06,6.6237
2015-10-07,6.6332
2015-10-08,6.6124
2015-10-09,6.5649
2015-10-12,.
2015-10-13,6.5558
2015-10-14,6.5240
2015-10-15,6.5348
2015-10-16,6.5664
2015-10-19,6.5907
2015-10-20,6.5673
2015-10-21,6.5756
2015-10-22,6.6941
2015-10-23,6.7710
2015-10-26,6.7503
2015-10-27,6.7502
2015-10-28,6.7412
2015-10-29,6.8021
2015-10-30,6.7550
2015-11-02,6.7642
2015-11-03,6.8142
2015-11-04,6.8673
2015-11-05,6.8639
2015-11-06,6.9417
2015-11-09,6.9282
2015-11-10,6.9810
2015-11-11,.
2015-11-12,6.9282
2015-11-13,6.9587
2015-11-16,6.9683
2015-11-17,7.0156
2015-11-18,7.0126
2015-11-19,6.9416
2015-11-20,6.9975
2015-11-23,7.0371
2015-11-24,7.0035
2015-11-25,7.0274
2015-11-26,.
2015-11-27,7.0417
2015-11-30,7.0625
2015-12-01,7.0245
2015-12-02,7.0549
2015-12-03,6.8426
2015-12-04,6.8537
2015-12-07,6.8818
2015-12-08,6.8607
2015-12-09,6.7934
2015-12-10,6.8148
2015-12-11,6.7811
2015-12-14,6.7677
2015-12-15,6.8396
2015-12-16,6.8220
2015-12-17,6.9057
2015-12-18,6.8788
2015-12-21,6.8333
2015-12-22,6.7968
2015-12-23,6.8622
2015-12-24,6.8119
2015-12-25,.
2015-12-28,6.7946
2015-12-29,6.8346
2015-12-30,6.8381
2015-12-31,6.8723
2016-01-01,.
2016-01-04,6.9072
2016-01-05,6.9441
2016-01-06,6.9328
2016-01-07,6.8692
2016-01-08,6.8527
2016-01-11,6.8586
2016-01-12,6.8846
2016-01-13,6.8698
2016-01-14,6.8713
2016-01-15,6.8069
2016-01-18,.
2016-01-19,6.8436
2016-01-20,6.8429
2016-01-21,6.8885
2016-01-22,6.8998
2016-01-25,6.8905
2016-01-26,6.8799
2016-01-27,6.8666
2016-01-28,6.8135
2016-01-29,6.8886
2016-02-01,6.8540
2016-02-02,6.8410
2016-02-03,6.7529
2016-02-04,6.6641
2016-02-05,6.7052
2016-02-08,6.6819
2016-02-09,6.6047
2016-02-10,6.6512
2016-02-11,6.5691
2016-02-12,6.6437
2016-02-15,.
2016-02-16,6.7007
2016-02-17,6.7001
2016-02-18,6.7271
2016-02-19,6.7070
2016-02-22,6.7725
2016-02-23,6.7742
2016-02-24,6.7707
2016-02-25,6.7671
2016-02-26,6.8234
2016-02-29,6.8632
2016-03-01,6.8759
2016-03-02,6.8768
2016-03-03,6.8132
2016-03-04,6.7768
2016-03-07,6.7825
2016-03-08,6.7664
2016-03-09,6.7691
2016-03-10,6.6841
2016-03-11,6.6726
2016-03-14,6.7142
2016-03-15,6.7113
2016-03-16,6.7322
2016-03-17,6.5856
2016-03-18,6.5999
2016-03-21,6.6191
2016-03-22,6.6378
2016-03-23,6.6700
2016-03-24,6.6785
2016-03-25,6.6769
2016-03-28,6.6515
2016-03-29,6.6533
2016-03-30,6.5769
2016-03-31,6.5425
2016-04-01,6.5424
2016-04-04,6.5353
2016-04-05,6.5338
2016-04-06,6.5125
2016-04-07,6.5344
2016-04-08,6.5234
2016-04-11,6.5231
2016-04-12,6.5317
2016-04-13,6.5978
2016-04-14,6.6059
2016-04-15,6.5871
2016-04-18,6.5721
2016-04-19,6.5429
2016-04-20,6.5679
2016-04-21,6.5841
2016-04-22,6.6203
2016-04-25,6.6009
2016-04-26,6.5747
2016-04-27,6.5735
2016-04-28,6.5724
2016-04-29,6.5059
2016-05-02,6.4625
2016-05-03,6.4662
2016-05-04,6.4764
2016-05-05,6.5241
2016-05-06,6.5133
2016-05-09,6.5246
2016-05-10,6.5350
2016-05-11,6.5011
2016-05-12,6.5372
2016-05-13,6.5856
2016-05-16,6.5658
2016-05-17,6.5602
2016-05-18,6.5947
2016-05-19,6.6311
2016-05-20,6.6351
2016-05-23,6.6443
2016-05-24,6.6723
2016-05-25,6.6665
2016-05-26,6.6499
2016-05-27,6.6757
2016-05-30,.
2016-05-31,6.6788
2016-06-01,6.6630
2016-06-02,6.6675
2016-06-03,6.5670
2016-06-06,6.5509
2016-06-07,6.5507
2016-06-08,6.5222
2016-06-09,6.5621
2016-06-10,6.5903
2016-06-13,6.5904
2016-06-14,6.6328
2016-06-15,6.6156
2016-06-16,6.6639
2016-06-17,6.6053
2016-06-20,6.5698
2016-06-21,6.6023
2016-06-22,6.5922
2016-06-23,6.5449
2016-06-24,6.6849
2016-06-27,6.7453
2016-06-28,6.7290
2016-06-29,6.6908
2016-06-30,6.7208
2016-07-01,6.6757
2016-07-04,.
2016-07-05,6.7149
2016-07-06,6.7172
2016-07-07,6.7253
2016-07-08,6.7403
2016-07-11,6.7333
2016-07-12,6.7172
2016-07-13,6.6937
2016-07-14,6.6958
2016-07-15,6.7255
2016-07-18,6.7159
2016-07-19,6.7532
2016-07-20,6.7590
2016-07-21,6.7528
2016-07-22,6.7815
2016-07-25,6.7758
2016-07-26,6.7735
2016-07-27,6.7709
2016-07-28,6.7041
2016-07-29,6.6596
2016-08-01,6.6557
2016-08-02,6.6257
2016-08-03,6.6583
2016-08-04,6.6793
2016-08-05,6.7112
2016-08-08,6.7129
2016-08-09,6.6939
2016-08-10,6.6587
2016-08-11,6.6603
2016-08-12,6.6591
2016-08-15,6.6430
2016-08-16,6.5989
2016-08-17,6.6058
2016-08-18,6.5659
2016-08-19,6.5699
2016-08-22,6.5786
2016-08-23,6.5828
2016-08-24,6.6142
2016-08-25,6.6028
2016-08-26,6.6255
2016-08-29,6.6571
2016-08-30,6.6755
2016-08-31,6.6764
2016-09-01,6.6476
2016-09-02,6.6678
2016-09-05,.
2016-09-06,6.6223
2016-09-07,6.6239
2016-09-08,6.6117
2016-09-09,6.6368
2016-09-12,6.6284
2016-09-13,6.6203
2016-09-14,6.6040
2016-09-15,6.6200
2016-09-16,6.6744
2016-09-19,6.6648
2016-09-20,6.6724
2016-09-21,6.6772
2016-09-22,6.6390
2016-09-23,6.6427
2016-09-26,6.6117
2016-09-27,6.6483
2016-09-28,6.6540
2016-09-29,6.6274
2016-09-30,6.6249
2016-10-03,6.6401
2016-10-04,6.6359
2016-10-05,6.6460
2016-10-06,6.6691
2016-10-07,6.6693
2016-10-10,.
2016-10-11,6.7268
2016-10-12,6.7531
2016-10-13,6.7387
2016-10-14,6.7726
2016-10-17,6.7652
2016-10-18,6.7658
2016-10-19,6.7859
2016-10-20,6.8036
2016-10-21,6.8453
2016-10-24,6.8314
2016-10-25,6.8296
2016-10-26,6.8141
2016-10-27,6.8214
2016-10-28,6.8027
2016-10-31,6.7900
2016-11-01,6.7359
2016-11-02,6.6914
2016-11-03,6.7059
2016-11-04,6.6890
2016-11-07,6.7414
2016-11-08,6.7445
2016-11-09,6.7950
2016-11-10,6.8389
2016-11-11,.
2016-11-14,6.9422
2016-11-15,6.9408
2016-11-16,6.9557
2016-11-17,6.9833
2016-11-18,7.0193
2016-11-21,7.0208
2016-11-22,7.0058
2016-11-23,7.0451
2016-11-24,.
2016-11-25,7.0221
2016-11-28,7.0341
2016-11-29,7.0013
2016-11-30,7.0335
2016-12-01,6.9958
2016-12-02,6.9733
2016-12-05,6.9368
2016-12-06,6.9405
2016-12-07,6.9140
2016-12-08,7.0011
2016-12-09,7.0542
2016-12-12,7.0117
2016-12-13,6.9922
2016-12-14,6.9777
2016-12-15,7.1648
2016-12-16,7.1096
2016-12-19,7.1167
2016-12-20,7.1549
2016-12-21,7.1317
2016-12-22,7.1122
2016-12-23,7.1138
2016-12-26,.
2016-12-27,7.1098
2016-12-28,7.1550
2016-12-29,7.0888
2016-12-30,7.0462
2017-01-02,.
2017-01-03,7.1376
2017-01-04,7.0963
2017-01-05,7.0138
2017-01-06,7.0398
2017-01-09,7.0291
2017-01-10,7.0313
2017-01-11,7.0801
2017-01-12,6.9700
2017-01-13,6.9977
2017-01-16,.
2017-01-17,6.9532
2017-01-18,6.9614
2017-01-19,6.9955
2017-01-20,.
2017-01-23,6.9233
2017-01-24,6.9177
2017-01-25,6.9214
2017-01-26,6.9694
2017-01-27,6.9568
2017-01-30,6.9629
2017-01-31,6.8894
2017-02-01,6.9140
2017-02-02,6.8850
2017-02-03,6.8919
