DATE,DEXMXUS
2007-02-05,10.9275
2007-02-06,10.922
2007-02-07,10.940
2007-02-08,10.967
2007-02-09,10.9555
2007-02-12,11.012
2007-02-13,10.990
2007-02-14,10.917
2007-02-15,10.952
2007-02-16,10.9924
2007-02-19,.
2007-02-20,10.9735
2007-02-21,10.9895
2007-02-22,10.9765
2007-02-23,11.0285
2007-02-26,11.0715
2007-02-27,11.1475
2007-02-28,11.1575
2007-03-01,11.1846
2007-03-02,11.1765
2007-03-05,11.174
2007-03-06,11.1403
2007-03-07,11.155
2007-03-08,11.1451
2007-03-09,11.117
2007-03-12,11.157
2007-03-13,11.1615
2007-03-14,11.180
2007-03-15,11.142
2007-03-16,11.158
2007-03-19,11.149
2007-03-20,11.1075
2007-03-21,11.0795
2007-03-22,11.014
2007-03-23,11.013
2007-03-26,11.0255
2007-03-27,11.0495
2007-03-28,11.0875
2007-03-29,11.058
2007-03-30,11.0427
2007-04-02,11.0305
2007-04-03,10.9785
2007-04-04,10.9965
2007-04-05,10.990
2007-04-06,10.970
2007-04-09,10.971
2007-04-10,11.0161
2007-04-11,10.988
2007-04-12,11.0125
2007-04-13,10.9915
2007-04-16,10.9865
2007-04-17,10.987
2007-04-18,10.9905
2007-04-19,11.0005
2007-04-20,10.9864
2007-04-23,10.9685
2007-04-24,11.003
2007-04-25,10.9385
2007-04-26,10.926
2007-04-27,10.924
2007-04-30,10.9295
2007-05-01,10.9308
2007-05-02,10.9285
2007-05-03,10.8966
2007-05-04,10.8825
2007-05-07,10.8504
2007-05-08,10.8475
2007-05-09,10.8231
2007-05-10,10.8175
2007-05-11,10.8125
2007-05-14,10.7981
2007-05-15,10.7975
2007-05-16,10.7951
2007-05-17,10.800
2007-05-18,10.8222
2007-05-21,10.794
2007-05-22,10.7641
2007-05-23,10.7705
2007-05-24,10.8332
2007-05-25,10.775
2007-05-28,.
2007-05-29,10.7965
2007-05-30,10.8125
2007-05-31,10.738
2007-06-01,10.7116
2007-06-04,10.7465
2007-06-05,10.795
2007-06-06,10.8575
2007-06-07,10.8985
2007-06-08,10.9785
2007-06-11,10.9146
2007-06-12,10.9243
2007-06-13,10.958
2007-06-14,10.9085
2007-06-15,10.8095
2007-06-18,10.7665
2007-06-19,10.7404
2007-06-20,10.7785
2007-06-21,10.8175
2007-06-22,10.795
2007-06-25,10.8151
2007-06-26,10.835
2007-06-27,10.8671
2007-06-28,10.7855
2007-06-29,10.7901
2007-07-02,10.771
2007-07-03,10.7681
2007-07-04,.
2007-07-05,10.793
2007-07-06,10.7805
2007-07-09,10.7562
2007-07-10,10.780
2007-07-11,10.825
2007-07-12,10.7805
2007-07-13,10.7651
2007-07-16,10.7706
2007-07-17,10.760
2007-07-18,10.751
2007-07-19,10.7276
2007-07-20,10.7966
2007-07-23,10.7574
2007-07-24,10.7895
2007-07-25,10.868
2007-07-26,10.9445
2007-07-27,11.011
2007-07-30,10.979
2007-07-31,10.9311
2007-08-01,10.9605
2007-08-02,10.933
2007-08-03,10.9645
2007-08-06,10.978
2007-08-07,10.9625
2007-08-08,10.9265
2007-08-09,10.977
2007-08-10,10.9988
2007-08-13,10.9865
2007-08-14,11.045
2007-08-15,11.122
2007-08-16,11.2692
2007-08-17,11.132
2007-08-20,11.123
2007-08-21,11.1185
2007-08-22,11.063
2007-08-23,11.0755
2007-08-24,11.031
2007-08-27,11.0405
2007-08-28,11.099
2007-08-29,11.085
2007-08-30,11.0845
2007-08-31,11.032
2007-09-03,11.032
2007-09-04,11.0286
2007-09-05,11.0866
2007-09-06,11.055
2007-09-07,11.1255
2007-09-10,11.1475
2007-09-11,11.1076
2007-09-12,11.0675
2007-09-13,11.0731
2007-09-14,11.1095
2007-09-17,11.1482
2007-09-18,11.0925
2007-09-19,10.988
2007-09-20,10.9676
2007-09-21,10.9456
2007-09-24,10.9385
2007-09-25,10.9413
2007-09-26,10.9265
2007-09-27,10.9255
2007-09-28,10.9315
2007-10-01,10.913
2007-10-02,10.9101
2007-10-03,10.873
2007-10-04,10.891
2007-10-05,10.8474
2007-10-08,10.8474
2007-10-09,10.8281
2007-10-10,10.8402
2007-10-11,10.812
2007-10-12,10.825
2007-10-15,10.8085
2007-10-16,10.8368
2007-10-17,10.8145
2007-10-18,10.815
2007-10-19,10.7945
2007-10-22,10.8381
2007-10-23,10.8288
2007-10-24,10.8425
2007-10-25,10.8385
2007-10-26,10.762
2007-10-29,10.7087
2007-10-30,10.718
2007-10-31,10.6996
2007-11-01,10.667
2007-11-02,10.7002
2007-11-05,10.7306
2007-11-06,10.703
2007-11-07,10.737
2007-11-08,10.8165
2007-11-09,10.8806
2007-11-12,.
2007-11-13,10.8921
2007-11-14,10.869
2007-11-15,10.920
2007-11-16,10.9291
2007-11-19,10.9925
2007-11-20,10.960
2007-11-21,11.0005
2007-11-22,11.0005
2007-11-23,10.9755
2007-11-26,10.987
2007-11-27,10.9745
2007-11-28,10.934
2007-11-29,10.9385
2007-11-30,10.896
2007-12-03,10.907
2007-12-04,10.908
2007-12-05,10.853
2007-12-06,10.8346
2007-12-07,10.814
2007-12-10,10.8195
2007-12-11,10.8001
2007-12-12,10.8105
2007-12-13,10.830
2007-12-14,10.824
2007-12-17,10.8509
2007-12-18,10.8601
2007-12-19,10.8455
2007-12-20,10.8405
2007-12-21,10.8225
2007-12-24,10.813
2007-12-25,.
2007-12-26,10.813
2007-12-27,10.867
2007-12-28,10.8958
2007-12-31,10.9169
2008-01-01,.
2008-01-02,10.902
2008-01-03,10.8821
2008-01-04,10.927
2008-01-07,10.9175
2008-01-08,10.8887
2008-01-09,10.973
2008-01-10,10.9575
2008-01-11,10.922
2008-01-14,10.9155
2008-01-15,10.9177
2008-01-16,10.9360
2008-01-17,10.9410
2008-01-18,10.9375
2008-01-21,.
2008-01-22,10.9260
2008-01-23,10.9529
2008-01-24,10.8910
2008-01-25,10.8680
2008-01-28,10.8730
2008-01-29,10.8405
2008-01-30,10.8315
2008-01-31,10.8190
2008-02-01,10.8120
2008-02-04,10.7925
2008-02-05,10.8236
2008-02-06,10.8178
2008-02-07,10.7946
2008-02-08,10.7580
2008-02-11,10.7725
2008-02-12,10.7481
2008-02-13,10.7500
2008-02-14,10.7457
2008-02-15,10.7660
2008-02-18,.
2008-02-19,10.7460
2008-02-20,10.7990
2008-02-21,10.7980
2008-02-22,10.7751
2008-02-25,10.7915
2008-02-26,10.7320
2008-02-27,10.7360
2008-02-28,10.6730
2008-02-29,10.7263
2008-03-03,10.7001
2008-03-04,10.7175
2008-03-05,10.7015
2008-03-06,10.7650
2008-03-07,10.8441
2008-03-10,10.8490
2008-03-11,10.7970
2008-03-12,10.7810
2008-03-13,10.7775
2008-03-14,10.7615
2008-03-17,10.7822
2008-03-18,10.7165
2008-03-19,10.6965
2008-03-20,10.7230
2008-03-21,10.7170
2008-03-24,10.6700
2008-03-25,10.6810
2008-03-26,10.6915
2008-03-27,10.6935
2008-03-28,10.6925
2008-03-31,10.6300
2008-04-01,10.6005
2008-04-02,10.5525
2008-04-03,10.5665
2008-04-04,10.5661
2008-04-07,10.5400
2008-04-08,10.5610
2008-04-09,10.5565
2008-04-10,10.5490
2008-04-11,10.5270
2008-04-14,10.4788
2008-04-15,10.4840
2008-04-16,10.4616
2008-04-17,10.4775
2008-04-18,10.4605
2008-04-21,10.5245
2008-04-22,10.5165
2008-04-23,10.4915
2008-04-24,10.4560
2008-04-25,10.4675
2008-04-28,10.4415
2008-04-29,10.5322
2008-04-30,10.5101
2008-05-01,10.4890
2008-05-02,10.4575
2008-05-05,10.4711
2008-05-06,10.4915
2008-05-07,10.5411
2008-05-08,10.5335
2008-05-09,10.5701
2008-05-12,10.4855
2008-05-13,10.4870
2008-05-14,10.4885
2008-05-15,10.4670
2008-05-16,10.4300
2008-05-19,10.3750
2008-05-20,10.3965
2008-05-21,10.3650
2008-05-22,10.3840
2008-05-23,10.3945
2008-05-26,.
2008-05-27,10.3970
2008-05-28,10.3425
2008-05-29,10.3055
2008-05-30,10.3290
2008-06-02,10.3390
2008-06-03,10.2900
2008-06-04,10.3200
2008-06-05,10.3120
2008-06-06,10.3680
2008-06-09,10.3640
2008-06-10,10.3880
2008-06-11,10.4365
2008-06-12,10.3890
2008-06-13,10.3665
2008-06-16,10.3341
2008-06-17,10.3170
2008-06-18,10.2940
2008-06-19,10.3180
2008-06-20,10.2735
2008-06-23,10.2970
2008-06-24,10.2925
2008-06-25,10.2895
2008-06-26,10.2721
2008-06-27,10.3011
2008-06-30,10.3035
2008-07-01,10.3850
2008-07-02,10.3710
2008-07-03,10.3695
2008-07-04,.
2008-07-07,10.3216
2008-07-08,10.3385
2008-07-09,10.3035
2008-07-10,10.3051
2008-07-11,10.3085
2008-07-14,10.2955
2008-07-15,10.3215
2008-07-16,10.2593
2008-07-17,10.2235
2008-07-18,10.2030
2008-07-21,10.1710
2008-07-22,10.1259
2008-07-23,10.0470
2008-07-24,10.0265
2008-07-25,10.0255
2008-07-28,10.0740
2008-07-29,10.0620
2008-07-30,10.0345
2008-07-31,10.0345
2008-08-01,9.9720
2008-08-04,9.9355
2008-08-05,9.9166
2008-08-06,9.9518
2008-08-07,10.0070
2008-08-08,10.1261
2008-08-11,10.1360
2008-08-12,10.1671
2008-08-13,10.2055
2008-08-14,10.1680
2008-08-15,10.2045
2008-08-18,10.1411
2008-08-19,10.1885
2008-08-20,10.1400
2008-08-21,10.1060
2008-08-22,10.1167
2008-08-25,10.1210
2008-08-26,10.1781
2008-08-27,10.1420
2008-08-28,10.2035
2008-08-29,10.2970
2008-09-01,.
2008-09-02,10.3850
2008-09-03,10.3803
2008-09-04,10.4625
2008-09-05,10.4965
2008-09-08,10.5185
2008-09-09,10.5070
2008-09-10,10.6025
2008-09-11,10.6590
2008-09-12,10.5755
2008-09-15,10.7116
2008-09-16,10.7350
2008-09-17,10.8809
2008-09-18,10.8490
2008-09-19,10.6060
2008-09-22,10.5935
2008-09-23,10.7220
2008-09-24,10.7920
2008-09-25,10.7680
2008-09-26,10.7955
2008-09-29,10.9160
2008-09-30,10.9726
2008-10-01,10.9705
2008-10-02,11.1150
2008-10-03,11.1245
2008-10-06,11.7030
2008-10-07,12.1150
2008-10-08,13.1390
2008-10-09,12.3788
2008-10-10,12.9806
2008-10-13,.
2008-10-14,12.4251
2008-10-15,12.7240
2008-10-16,13.1100
2008-10-17,12.8303
2008-10-20,12.7810
2008-10-21,13.1850
2008-10-22,13.5938
2008-10-23,13.6100
2008-10-24,13.5885
2008-10-27,13.2743
2008-10-28,13.3625
2008-10-29,12.9232
2008-10-30,12.8650
2008-10-31,12.7050
2008-11-03,12.7977
2008-11-04,12.4705
2008-11-05,12.6360
2008-11-06,12.9600
2008-11-07,12.8525
2008-11-10,12.8150
2008-11-11,.
2008-11-12,13.0950
2008-11-13,13.2900
2008-11-14,13.0028
2008-11-17,13.0800
2008-11-18,13.1450
2008-11-19,13.1513
2008-11-20,13.5610
2008-11-21,13.9350
2008-11-24,13.4620
2008-11-25,13.2705
2008-11-26,13.2200
2008-11-27,.
2008-11-28,13.3900
2008-12-01,13.5700
2008-12-02,13.4653
2008-12-03,13.5500
2008-12-04,13.5100
2008-12-05,13.8002
2008-12-08,13.4650
2008-12-09,13.5055
2008-12-10,13.4665
2008-12-11,13.0910
2008-12-12,13.5300
2008-12-15,13.3055
2008-12-16,13.2230
2008-12-17,13.1700
2008-12-18,13.1800
2008-12-19,13.1225
2008-12-22,13.1830
2008-12-23,13.2210
2008-12-24,13.3300
2008-12-25,.
2008-12-26,13.3650
2008-12-29,13.5225
2008-12-30,13.7600
2008-12-31,13.8320
2009-01-01,.
2009-01-02,13.7815
2009-01-05,13.5225
2009-01-06,13.3300
2009-01-07,13.3955
2009-01-08,13.4950
2009-01-09,13.7080
2009-01-12,13.7725
2009-01-13,13.8360
2009-01-14,14.0805
2009-01-15,14.1600
2009-01-16,13.9250
2009-01-19,.
2009-01-20,13.9155
2009-01-21,13.9275
2009-01-22,13.9675
2009-01-23,14.0700
2009-01-26,13.9480
2009-01-27,14.1850
2009-01-28,14.1220
2009-01-29,14.2021
2009-01-30,14.3330
2009-02-02,14.4960
2009-02-03,14.5825
2009-02-04,14.4650
2009-02-05,14.3180
2009-02-06,14.1777
2009-02-09,14.1340
2009-02-10,14.3775
2009-02-11,14.5423
2009-02-12,14.5880
2009-02-13,14.4650
2009-02-16,.
2009-02-17,14.6205
2009-02-18,14.6530
2009-02-19,14.5886
2009-02-20,14.8360
2009-02-23,14.8600
2009-02-24,14.8350
2009-02-25,14.9260
2009-02-26,14.9728
2009-02-27,15.0880
2009-03-02,15.4060
2009-03-03,15.3410
2009-03-04,15.1750
2009-03-05,15.3153
2009-03-06,15.2540
2009-03-09,15.3815
2009-03-10,15.2872
2009-03-11,15.1683
2009-03-12,14.9222
2009-03-13,14.5850
2009-03-16,14.1010
2009-03-17,14.0240
2009-03-18,14.1305
2009-03-19,14.0600
2009-03-20,14.1400
2009-03-23,14.2725
2009-03-24,14.3030
2009-03-25,14.2210
2009-03-26,14.2310
2009-03-27,14.3150
2009-03-30,14.3820
2009-03-31,14.2100
2009-04-01,13.8882
2009-04-02,13.8300
2009-04-03,13.6310
2009-04-06,13.6500
2009-04-07,13.5750
2009-04-08,13.3625
2009-04-09,13.1725
2009-04-10,13.1275
2009-04-13,13.0880
2009-04-14,13.0835
2009-04-15,13.1685
2009-04-16,13.0470
2009-04-17,13.1350
2009-04-20,13.3285
2009-04-21,13.1220
2009-04-22,13.1288
2009-04-23,13.3270
2009-04-24,13.2445
2009-04-27,13.7072
2009-04-28,13.8850
2009-04-29,13.5750
2009-04-30,13.8010
2009-05-01,13.8230
2009-05-04,13.3005
2009-05-05,13.2030
2009-05-06,13.1975
2009-05-07,13.0860
2009-05-08,13.1061
2009-05-11,13.1100
2009-05-12,13.2325
2009-05-13,13.3153
2009-05-14,13.3010
2009-05-15,13.2075
2009-05-18,13.1200
2009-05-19,12.9530
2009-05-20,12.8845
2009-05-21,13.0875
2009-05-22,13.1675
2009-05-25,.
2009-05-26,13.1335
2009-05-27,13.1501
2009-05-28,13.2300
2009-05-29,13.1820
2009-06-01,13.1565
2009-06-02,13.2825
2009-06-03,13.3050
2009-06-04,13.2557
2009-06-05,13.2950
2009-06-08,13.4570
2009-06-09,13.5000
2009-06-10,13.6360
2009-06-11,13.4400
2009-06-12,13.4010
2009-06-15,13.4305
2009-06-16,13.3420
2009-06-17,13.4700
2009-06-18,13.3410
2009-06-19,13.3380
2009-06-22,13.3715
2009-06-23,13.3219
2009-06-24,13.2825
2009-06-25,13.2890
2009-06-26,13.2425
2009-06-29,13.1835
2009-06-30,13.1700
2009-07-01,13.0965
2009-07-02,13.1600
2009-07-03,13.2450
2009-07-06,13.2535
2009-07-07,13.2698
2009-07-08,13.4790
2009-07-09,13.5545
2009-07-10,13.7200
2009-07-13,13.8025
2009-07-14,13.7850
2009-07-15,13.5965
2009-07-16,13.5680
2009-07-17,13.3900
2009-07-20,13.3180
2009-07-21,13.3053
2009-07-22,13.2335
2009-07-23,13.1625
2009-07-24,13.2210
2009-07-27,13.2205
2009-07-28,13.2590
2009-07-29,13.2700
2009-07-30,13.2210
2009-07-31,13.2025
2009-08-03,13.1310
2009-08-04,13.1025
2009-08-05,13.1095
2009-08-06,12.9970
2009-08-07,12.9305
2009-08-10,12.9192
2009-08-11,12.9925
2009-08-12,12.9668
2009-08-13,12.8705
2009-08-14,12.8799
2009-08-17,12.9850
2009-08-18,12.9598
2009-08-19,12.8820
2009-08-20,12.8675
2009-08-21,12.8200
2009-08-24,12.8470
2009-08-25,12.8722
2009-08-26,13.1590
2009-08-27,13.2370
2009-08-28,13.2670
2009-08-31,13.3361
2009-09-01,13.5725
2009-09-02,13.5780
2009-09-03,13.5681
2009-09-04,13.4260
2009-09-07,.
2009-09-08,13.2880
2009-09-09,13.4360
2009-09-10,13.4000
2009-09-11,13.3290
2009-09-14,13.3990
2009-09-15,13.3365
2009-09-16,13.1810
2009-09-17,13.2466
2009-09-18,13.2490
2009-09-21,13.3425
2009-09-22,13.3240
2009-09-23,13.3475
2009-09-24,13.4605
2009-09-25,13.5210
2009-09-28,13.4885
2009-09-29,13.5525
2009-09-30,13.4805
2009-10-01,13.6540
2009-10-02,13.6700
2009-10-05,13.6620
2009-10-06,13.4890
2009-10-07,13.4675
2009-10-08,13.3200
2009-10-09,13.2620
2009-10-12,.
2009-10-13,13.1610
2009-10-14,13.0650
2009-10-15,13.0930
2009-10-16,13.0810
2009-10-19,13.0832
2009-10-20,12.9587
2009-10-21,12.8990
2009-10-22,12.9515
2009-10-23,13.0132
2009-10-26,13.1220
2009-10-27,13.2300
2009-10-28,13.2815
2009-10-29,13.1577
2009-10-30,13.1555
2009-11-02,13.0988
2009-11-03,13.3150
2009-11-04,13.2855
2009-11-05,13.3318
2009-11-06,13.3754
2009-11-09,13.3058
2009-11-10,13.2451
2009-11-11,.
2009-11-12,13.2526
2009-11-13,13.0735
2009-11-16,12.9930
2009-11-17,13.1000
2009-11-18,12.9760
2009-11-19,13.0470
2009-11-20,13.0850
2009-11-23,13.0081
2009-11-24,12.9315
2009-11-25,12.8585
2009-11-26,.
2009-11-27,12.9195
2009-11-30,12.9160
2009-12-01,12.8537
2009-12-02,12.7740
2009-12-03,12.6335
2009-12-04,12.6318
2009-12-07,12.6450
2009-12-08,12.8410
2009-12-09,12.9670
2009-12-10,12.9805
2009-12-11,12.9350
2009-12-14,12.7830
2009-12-15,12.7121
2009-12-16,12.7065
2009-12-17,12.9601
2009-12-18,12.8688
2009-12-21,12.8210
2009-12-22,12.9530
2009-12-23,12.8810
2009-12-24,12.8810
2009-12-25,.
2009-12-28,12.9355
2009-12-29,13.0775
2009-12-30,13.0700
2009-12-31,13.0576
2010-01-01,.
2010-01-04,12.9110
2010-01-05,12.8160
2010-01-06,12.7420
2010-01-07,12.7590
2010-01-08,12.7256
2010-01-11,12.6660
2010-01-12,12.7155
2010-01-13,12.7620
2010-01-14,12.7200
2010-01-15,12.6845
2010-01-18,.
2010-01-19,12.6500
2010-01-20,12.7700
2010-01-21,12.7825
2010-01-22,12.9295
2010-01-25,12.9101
2010-01-26,12.9525
2010-01-27,12.9275
2010-01-28,12.9293
2010-01-29,13.0285
2010-02-01,12.9400
2010-02-02,12.8620
2010-02-03,12.9700
2010-02-04,13.0890
2010-02-05,13.1940
2010-02-08,13.1436
2010-02-09,13.0680
2010-02-10,13.0520
2010-02-11,13.0415
2010-02-12,12.9820
2010-02-15,.
2010-02-16,12.8510
2010-02-17,12.8771
2010-02-18,12.8455
2010-02-19,12.8235
2010-02-22,12.7987
2010-02-23,12.8535
2010-02-24,12.8500
2010-02-25,12.8535
2010-02-26,12.7575
2010-03-01,12.7411
2010-03-02,12.7176
2010-03-03,12.6865
2010-03-04,12.7175
2010-03-05,12.6585
2010-03-08,12.6650
2010-03-09,12.6275
2010-03-10,12.5951
2010-03-11,12.6125
2010-03-12,12.5457
2010-03-15,12.5640
2010-03-16,12.5201
2010-03-17,12.4825
2010-03-18,12.4710
2010-03-19,12.5600
2010-03-22,12.6135
2010-03-23,12.5270
2010-03-24,12.5370
2010-03-25,12.4900
2010-03-26,12.5407
2010-03-29,12.4615
2010-03-30,12.4125
2010-03-31,12.3005
2010-04-01,12.2995
2010-04-02,12.2873
2010-04-05,12.2725
2010-04-06,12.2444
2010-04-07,12.2290
2010-04-08,12.2355
2010-04-09,12.1880
2010-04-12,12.1685
2010-04-13,12.1876
2010-04-14,12.1901
2010-04-15,12.1980
2010-04-16,12.2698
2010-04-19,12.3347
2010-04-20,12.2220
2010-04-21,12.1797
2010-04-22,12.2636
2010-04-23,12.2016
2010-04-26,12.1556
2010-04-27,12.2684
2010-04-28,12.4135
2010-04-29,12.2335
2010-04-30,12.2281
2010-05-03,12.2656
2010-05-04,12.4165
2010-05-05,12.6270
2010-05-06,12.8531
2010-05-07,12.8328
2010-05-10,12.5125
2010-05-11,12.5025
2010-05-12,12.4381
2010-05-13,12.3580
2010-05-14,12.5820
2010-05-17,12.7223
2010-05-18,12.5970
2010-05-19,12.9305
2010-05-20,13.1207
2010-05-21,12.9701
2010-05-24,12.9524
2010-05-25,13.1398
2010-05-26,12.9870
2010-05-27,12.8532
2010-05-28,12.8633
2010-05-31,.
2010-06-01,12.9195
2010-06-02,12.8388
2010-06-03,12.7534
2010-06-04,12.8825
2010-06-07,12.8934
2010-06-08,12.9060
2010-06-09,12.8002
2010-06-10,12.7335
2010-06-11,12.6755
2010-06-14,12.5962
2010-06-15,12.5777
2010-06-16,12.5858
2010-06-17,12.5842
2010-06-18,12.5430
2010-06-21,12.4555
2010-06-22,12.5179
2010-06-23,12.6452
2010-06-24,12.7033
2010-06-25,12.6967
2010-06-28,12.6482
2010-06-29,12.8375
2010-06-30,12.8306
2010-07-01,13.0350
2010-07-02,13.0810
2010-07-05,.
2010-07-06,12.9323
2010-07-07,12.8955
2010-07-08,12.7821
2010-07-09,12.7823
2010-07-12,12.8279
2010-07-13,12.7071
2010-07-14,12.6961
2010-07-15,12.7656
2010-07-16,12.9256
2010-07-19,12.9111
2010-07-20,12.8451
2010-07-21,12.7785
2010-07-22,12.7520
2010-07-23,12.7666
2010-07-26,12.6958
2010-07-27,12.6525
2010-07-28,12.6770
2010-07-29,12.7278
2010-07-30,12.6421
2010-08-02,12.5771
2010-08-03,12.5820
2010-08-04,12.5460
2010-08-05,12.5441
2010-08-06,12.6667
2010-08-09,12.6305
2010-08-10,12.6900
2010-08-11,12.7314
2010-08-12,12.7170
2010-08-13,12.7225
2010-08-16,12.6533
2010-08-17,12.5833
2010-08-18,12.5975
2010-08-19,12.7310
2010-08-20,12.7705
2010-08-23,12.8751
2010-08-24,12.9184
2010-08-25,13.0291
2010-08-26,12.9753
2010-08-27,13.0008
2010-08-30,13.1436
2010-08-31,13.1671
2010-09-01,13.0400
2010-09-02,13.0550
2010-09-03,12.9450
2010-09-06,.
2010-09-07,13.0599
2010-09-08,13.0135
2010-09-09,13.0127
2010-09-10,12.9605
2010-09-13,12.8635
2010-09-14,12.8177
2010-09-15,12.7772
2010-09-16,12.8531
2010-09-17,12.8075
2010-09-20,12.7710
2010-09-21,12.7638
2010-09-22,12.6960
2010-09-23,12.6413
2010-09-24,12.5485
2010-09-27,12.5176
2010-09-28,12.4926
2010-09-29,12.4885
2010-09-30,12.6270
2010-10-01,12.5433
2010-10-04,12.6081
2010-10-05,12.5141
2010-10-06,12.4800
2010-10-07,12.5452
2010-10-08,12.4671
2010-10-11,.
2010-10-12,12.4285
2010-10-13,12.3705
2010-10-14,12.4156
2010-10-15,12.4150
2010-10-18,12.4205
2010-10-19,12.4625
2010-10-20,12.4025
2010-10-21,12.3885
2010-10-22,12.4021
2010-10-25,12.3278
2010-10-26,12.3820
2010-10-27,12.4650
2010-10-28,12.4061
2010-10-29,12.3415
2010-11-01,12.3417
2010-11-02,12.3010
2010-11-03,12.2962
2010-11-04,12.2371
2010-11-05,12.2121
2010-11-08,12.2460
2010-11-09,12.2155
2010-11-10,12.2560
2010-11-11,.
2010-11-12,12.2678
2010-11-15,12.2862
2010-11-16,12.4450
2010-11-17,12.3633
2010-11-18,12.2951
2010-11-19,12.3000
2010-11-22,12.3001
2010-11-23,12.4730
2010-11-24,12.4016
2010-11-25,.
2010-11-26,12.4940
2010-11-29,12.5668
2010-11-30,12.4540
2010-12-01,12.3735
2010-12-02,12.3471
2010-12-03,12.3549
2010-12-06,12.3870
2010-12-07,12.4255
2010-12-08,12.4362
2010-12-09,12.4725
2010-12-10,12.4542
2010-12-13,12.3855
2010-12-14,12.3633
2010-12-15,12.3965
2010-12-16,12.4496
2010-12-17,12.4286
2010-12-20,12.4115
2010-12-21,12.3710
2010-12-22,12.3311
2010-12-23,12.3353
2010-12-24,.
2010-12-27,12.3661
2010-12-28,12.3623
2010-12-29,12.3600
2010-12-30,12.3825
2010-12-31,.
2011-01-03,12.2535
2011-01-04,12.2545
2011-01-05,12.1964
2011-01-06,12.2361
2011-01-07,12.2440
2011-01-10,12.2400
2011-01-11,12.1765
2011-01-12,12.0589
2011-01-13,12.0887
2011-01-14,12.0582
2011-01-17,.
2011-01-18,12.0451
2011-01-19,12.0681
2011-01-20,12.0798
2011-01-21,12.0570
2011-01-24,12.0422
2011-01-25,12.0855
2011-01-26,12.0390
2011-01-27,12.0415
2011-01-28,12.1400
2011-01-31,12.1541
2011-02-01,12.0053
2011-02-02,12.0280
2011-02-03,12.0400
2011-02-04,11.9977
2011-02-07,11.9700
2011-02-08,11.9816
2011-02-09,12.0568
2011-02-10,12.0757
2011-02-11,12.0673
2011-02-14,12.0446
2011-02-15,12.1299
2011-02-16,12.0875
2011-02-17,12.0441
2011-02-18,12.0085
2011-02-21,.
2011-02-22,12.0983
2011-02-23,12.1824
2011-02-24,12.1762
2011-02-25,12.1261
2011-02-28,12.1130
2011-03-01,12.0882
2011-03-02,12.1114
2011-03-03,12.0301
2011-03-04,12.0066
2011-03-07,12.0320
2011-03-08,12.0010
2011-03-09,11.9681
2011-03-10,11.9641
2011-03-11,11.9211
2011-03-14,11.9188
2011-03-15,12.0033
2011-03-16,12.0842
2011-03-17,12.0997
2011-03-18,12.0584
2011-03-21,11.9905
2011-03-22,11.9870
2011-03-23,12.0040
2011-03-24,11.9532
2011-03-25,11.9330
2011-03-28,11.9561
2011-03-29,11.9650
2011-03-30,11.9211
2011-03-31,11.9170
2011-04-01,11.8290
2011-04-04,11.8552
2011-04-05,11.8216
2011-04-06,11.7866
2011-04-07,11.7922
2011-04-08,11.7460
2011-04-11,11.7412
2011-04-12,11.8230
2011-04-13,11.8055
2011-04-14,11.7600
2011-04-15,11.7022
2011-04-18,11.7785
2011-04-19,11.6960
2011-04-20,11.6203
2011-04-21,11.6055
2011-04-22,11.6020
2011-04-25,11.6175
2011-04-26,11.5736
2011-04-27,11.5954
2011-04-28,11.5486
2011-04-29,11.5237
2011-05-02,11.5050
2011-05-03,11.5580
2011-05-04,11.6295
2011-05-05,11.6930
2011-05-06,11.5831
2011-05-09,11.6303
2011-05-10,11.5920
2011-05-11,11.6041
2011-05-12,11.6698
2011-05-13,11.7463
2011-05-16,11.7220
2011-05-17,11.7661
2011-05-18,11.7173
2011-05-19,11.6716
2011-05-20,11.6555
2011-05-23,11.7335
2011-05-24,11.6986
2011-05-25,11.6820
2011-05-26,11.6910
2011-05-27,11.6113
2011-05-30,.
2011-05-31,11.5790
2011-06-01,11.6362
2011-06-02,11.6839
2011-06-03,11.6585
2011-06-06,11.6931
2011-06-07,11.7350
2011-06-08,11.7920
2011-06-09,11.7786
2011-06-10,11.8668
2011-06-13,11.8800
2011-06-14,11.7986
2011-06-15,11.8819
2011-06-16,11.9717
2011-06-17,11.9040
2011-06-20,11.8842
2011-06-21,11.8068
2011-06-22,11.7793
2011-06-23,11.8687
2011-06-24,11.8832
2011-06-27,11.8936
2011-06-28,11.8375
2011-06-29,11.7680
2011-06-30,11.7191
2011-07-01,11.6294
2011-07-04,.
2011-07-05,11.6226
2011-07-06,11.6361
2011-07-07,11.5725
2011-07-08,11.6279
2011-07-11,11.7268
2011-07-12,11.7889
2011-07-13,11.7111
2011-07-14,11.7086
2011-07-15,11.7123
2011-07-18,11.7972
2011-07-19,11.7042
2011-07-20,11.6708
2011-07-21,11.6198
2011-07-22,11.6240
2011-07-25,11.6630
2011-07-26,11.6226
2011-07-27,11.6479
2011-07-28,11.6731
2011-07-29,11.7235
2011-08-01,11.7525
2011-08-02,11.7629
2011-08-03,11.8384
2011-08-04,12.0080
2011-08-05,12.0402
2011-08-08,12.1768
2011-08-09,12.3440
2011-08-10,12.3850
2011-08-11,12.4100
2011-08-12,12.2825
2011-08-15,12.2501
2011-08-16,12.2489
2011-08-17,12.1875
2011-08-18,12.3565
2011-08-19,12.2327
2011-08-22,12.3227
2011-08-23,12.3155
2011-08-24,12.4222
2011-08-25,12.4155
2011-08-26,12.4657
2011-08-29,12.4157
2011-08-30,12.4831
2011-08-31,12.3262
2011-09-01,12.2556
2011-09-02,12.3630
2011-09-05,.
2011-09-06,12.5201
2011-09-07,12.4702
2011-09-08,12.4996
2011-09-09,12.6470
2011-09-12,12.7750
2011-09-13,12.9367
2011-09-14,12.9540
2011-09-15,12.9083
2011-09-16,12.9676
2011-09-19,13.1856
2011-09-20,13.1664
2011-09-21,13.4127
2011-09-22,13.8748
2011-09-23,13.7753
2011-09-26,13.6683
2011-09-27,13.3376
2011-09-28,13.3779
2011-09-29,13.4715
2011-09-30,13.7701
2011-10-03,13.8767
2011-10-04,13.9310
2011-10-05,13.6701
2011-10-06,13.5291
2011-10-07,13.3016
2011-10-10,.
2011-10-11,13.3210
2011-10-12,13.2303
2011-10-13,13.3621
2011-10-14,13.2906
2011-10-17,13.2904
2011-10-18,13.4215
2011-10-19,13.3802
2011-10-20,13.7675
2011-10-21,13.5759
2011-10-24,13.4546
2011-10-25,13.4430
2011-10-26,13.4697
2011-10-27,13.1711
2011-10-28,13.1025
2011-10-31,13.1690
2011-11-01,13.6665
2011-11-02,13.4840
2011-11-03,13.4270
2011-11-04,13.4735
2011-11-07,13.4550
2011-11-08,13.3826
2011-11-09,13.4955
2011-11-10,13.5477
2011-11-11,.
2011-11-14,13.4865
2011-11-15,13.5851
2011-11-16,13.5919
2011-11-17,13.6281
2011-11-18,13.7015
2011-11-21,14.0178
2011-11-22,13.9810
2011-11-23,14.1426
2011-11-24,.
2011-11-25,14.2542
2011-11-28,14.0432
2011-11-29,13.9252
2011-11-30,13.6201
2011-12-01,13.5875
2011-12-02,13.5425
2011-12-05,13.4890
2011-12-06,13.5000
2011-12-07,13.5107
2011-12-08,13.6807
2011-12-09,13.6128
2011-12-12,13.8568
2011-12-13,13.7896
2011-12-14,13.9400
2011-12-15,13.8313
2011-12-16,13.8850
2011-12-19,13.8610
2011-12-20,13.7866
2011-12-21,13.8523
2011-12-22,13.8290
2011-12-23,13.8189
2011-12-26,.
2011-12-27,13.9727
2011-12-28,13.9927
2011-12-29,13.9755
2011-12-30,13.9510
2012-01-02,.
2012-01-03,13.6736
2012-01-04,13.6968
2012-01-05,13.7502
2012-01-06,13.7165
2012-01-09,13.7344
2012-01-10,13.6211
2012-01-11,13.6517
2012-01-12,13.5976
2012-01-13,13.6140
2012-01-16,.
2012-01-17,13.4614
2012-01-18,13.3284
2012-01-19,13.2269
2012-01-20,13.2276
2012-01-23,13.1477
2012-01-24,13.1654
2012-01-25,13.1560
2012-01-26,12.9517
2012-01-27,12.9251
2012-01-30,12.9761
2012-01-31,13.0356
2012-02-01,12.9514
2012-02-02,12.8011
2012-02-03,12.7203
2012-02-06,12.6250
2012-02-07,12.6289
2012-02-08,12.6905
2012-02-09,12.7230
2012-02-10,12.7996
2012-02-13,12.7206
2012-02-14,12.7618
2012-02-15,12.7556
2012-02-16,12.8560
2012-02-17,12.8138
2012-02-20,.
2012-02-21,12.7470
2012-02-22,12.8305
2012-02-23,12.8358
2012-02-24,12.8804
2012-02-27,12.8655
2012-02-28,12.8646
2012-02-29,12.7941
2012-03-01,12.7661
2012-03-02,12.7745
2012-03-05,12.8241
2012-03-06,12.9900
2012-03-07,12.9293
2012-03-08,12.7780
2012-03-09,12.6307
2012-03-12,12.7203
2012-03-13,12.6370
2012-03-14,12.6757
2012-03-15,12.6686
2012-03-16,12.6701
2012-03-19,12.6280
2012-03-20,12.7046
2012-03-21,12.7031
2012-03-22,12.8326
2012-03-23,12.8120
2012-03-26,12.6808
2012-03-27,12.6578
2012-03-28,12.8014
2012-03-29,12.8533
2012-03-30,12.8115
2012-04-02,12.7569
2012-04-03,12.7301
2012-04-04,12.8327
2012-04-05,12.8323
2012-04-06,12.9855
2012-04-09,12.9840
2012-04-10,13.1782
2012-04-11,13.1580
2012-04-12,13.0630
2012-04-13,13.1460
2012-04-16,13.2290
2012-04-17,13.0850
2012-04-18,13.1270
2012-04-19,13.2286
2012-04-20,13.1211
2012-04-23,13.2053
2012-04-24,13.1545
2012-04-25,13.1684
2012-04-26,13.2077
2012-04-27,12.9909
2012-04-30,12.9900
2012-05-01,12.8877
2012-05-02,12.9580
2012-05-03,12.9853
2012-05-04,13.1631
2012-05-07,13.1555
2012-05-08,13.3250
2012-05-09,13.4910
2012-05-10,13.4585
2012-05-11,13.4905
2012-05-14,13.6663
2012-05-15,13.7332
2012-05-16,13.8078
2012-05-17,13.7890
2012-05-18,13.8275
2012-05-21,13.7925
2012-05-22,13.7420
2012-05-23,14.0294
2012-05-24,14.0018
2012-05-25,14.0114
2012-05-28,.
2012-05-29,13.9321
2012-05-30,14.0861
2012-05-31,14.3045
2012-06-01,14.3650
2012-06-04,14.2427
2012-06-05,14.2592
2012-06-06,14.0951
2012-06-07,13.9588
2012-06-08,14.0210
2012-06-11,13.9785
2012-06-12,13.9823
2012-06-13,13.9755
2012-06-14,13.9943
2012-06-15,13.9234
2012-06-18,13.9125
2012-06-19,13.6982
2012-06-20,13.7296
2012-06-21,13.7550
2012-06-22,13.8470
2012-06-25,13.9675
2012-06-26,13.8516
2012-06-27,13.6701
2012-06-28,13.6670
2012-06-29,13.4110
2012-07-02,13.3813
2012-07-03,13.2921
2012-07-04,.
2012-07-05,13.3448
2012-07-06,13.4914
2012-07-09,13.4518
2012-07-10,13.3002
2012-07-11,13.3270
2012-07-12,13.4519
2012-07-13,13.3450
2012-07-16,13.2695
2012-07-17,13.2230
2012-07-18,13.1066
2012-07-19,13.2040
2012-07-20,13.2976
2012-07-23,13.5275
2012-07-24,13.7200
2012-07-25,13.6626
2012-07-26,13.4441
2012-07-27,13.2690
2012-07-30,13.2625
2012-07-31,13.2669
2012-08-01,13.2677
2012-08-02,13.3959
2012-08-03,13.1177
2012-08-06,13.0597
2012-08-07,13.1797
2012-08-08,13.1690
2012-08-09,13.1265
2012-08-10,13.0965
2012-08-13,13.1620
2012-08-14,13.1421
2012-08-15,13.1501
2012-08-16,13.1272
2012-08-17,13.1582
2012-08-20,13.1160
2012-08-21,13.1086
2012-08-22,13.1602
2012-08-23,13.1375
2012-08-24,13.1727
2012-08-27,13.1740
2012-08-28,13.1825
2012-08-29,13.2855
2012-08-30,13.3938
2012-08-31,13.2401
2012-09-03,.
2012-09-04,13.1781
2012-09-05,13.1084
2012-09-06,13.0445
2012-09-07,12.9901
2012-09-10,12.9920
2012-09-11,12.9975
2012-09-12,13.0302
2012-09-13,12.9848
2012-09-14,12.7410
2012-09-17,12.7409
2012-09-18,12.8136
2012-09-19,12.8317
2012-09-20,12.9050
2012-09-21,12.8305
2012-09-24,12.9125
2012-09-25,12.8210
2012-09-26,12.9170
2012-09-27,12.8446
2012-09-28,12.8630
2012-10-01,12.8172
2012-10-02,12.8478
2012-10-03,12.8481
2012-10-04,12.7550
2012-10-05,12.7054
2012-10-08,.
2012-10-09,12.8889
2012-10-10,12.9230
2012-10-11,12.8901
2012-10-12,12.8925
2012-10-15,12.8165
2012-10-16,12.8103
2012-10-17,12.8001
2012-10-18,12.8271
2012-10-19,12.8605
2012-10-22,12.8594
2012-10-23,12.9810
2012-10-24,12.9997
2012-10-25,12.9815
2012-10-26,13.0198
2012-10-29,13.0925
2012-10-30,13.0440
2012-10-31,13.0877
2012-11-01,13.0370
2012-11-02,12.9808
2012-11-05,13.0486
2012-11-06,12.9652
2012-11-07,13.0639
2012-11-08,13.1158
2012-11-09,13.1763
2012-11-12,.
2012-11-13,13.2206
2012-11-14,13.2225
2012-11-15,13.2531
2012-11-16,13.1831
2012-11-19,13.0601
2012-11-20,13.0145
2012-11-21,13.0500
2012-11-22,.
2012-11-23,12.9822
2012-11-26,13.0055
2012-11-27,12.9766
2012-11-28,13.0273
2012-11-29,12.9775
2012-11-30,12.9171
2012-12-03,12.9255
2012-12-04,12.9596
2012-12-05,12.9260
2012-12-06,12.9076
2012-12-07,12.8503
2012-12-10,12.7982
2012-12-11,12.7516
2012-12-12,12.7332
2012-12-13,12.8003
2012-12-14,12.7760
2012-12-17,12.7537
2012-12-18,12.7202
2012-12-19,12.7310
2012-12-20,12.7780
2012-12-21,12.9322
2012-12-24,12.9848
2012-12-25,.
2012-12-26,13.0100
2012-12-27,13.0125
2012-12-28,12.9880
2012-12-31,12.9635
2013-01-01,.
2013-01-02,12.7600
2013-01-03,12.7452
2013-01-04,12.7513
2013-01-07,12.7728
2013-01-08,12.7891
2013-01-09,12.7460
2013-01-10,12.6452
2013-01-11,12.6591
2013-01-14,12.6368
2013-01-15,12.6471
2013-01-16,12.6291
2013-01-17,12.5857
2013-01-18,12.6568
2013-01-21,.
2013-01-22,12.6746
2013-01-23,12.6587
2013-01-24,12.6208
2013-01-25,12.6992
2013-01-28,12.7723
2013-01-29,12.6901
2013-01-30,12.7491
2013-01-31,12.7344
2013-02-01,12.6356
2013-02-04,12.7100
2013-02-05,12.6260
2013-02-06,12.6731
2013-02-07,12.7381
2013-02-08,12.7271
2013-02-11,12.7556
2013-02-12,12.7326
2013-02-13,12.7236
2013-02-14,12.6965
2013-02-15,12.6883
2013-02-18,.
2013-02-19,12.6681
2013-02-20,12.6821
2013-02-21,12.7543
2013-02-22,12.7480
2013-02-25,12.7287
2013-02-26,12.8798
2013-02-27,12.8264
2013-02-28,12.7788
2013-03-01,12.7956
2013-03-04,12.7700
2013-03-05,12.7401
2013-03-06,12.7420
2013-03-07,12.7845
2013-03-08,12.6525
2013-03-11,12.5470
2013-03-12,12.4502
2013-03-13,12.3971
2013-03-14,12.4476
2013-03-15,12.4325
2013-03-18,12.4297
2013-03-19,12.4452
2013-03-20,12.3950
2013-03-21,12.3592
2013-03-22,12.3714
2013-03-25,12.3605
2013-03-26,12.3453
2013-03-27,12.3786
2013-03-28,12.3397
2013-03-29,12.3155
2013-04-01,12.3404
2013-04-02,12.2775
2013-04-03,12.3205
2013-04-04,12.3381
2013-04-05,12.2390
2013-04-08,12.1583
2013-04-09,12.1283
2013-04-10,12.1156
2013-04-11,12.0680
2013-04-12,12.0871
2013-04-15,12.1729
2013-04-16,12.1650
2013-04-17,12.2350
2013-04-18,12.2690
2013-04-19,12.2320
2013-04-22,12.3071
2013-04-23,12.2437
2013-04-24,12.2850
2013-04-25,12.1175
2013-04-26,12.1786
2013-04-29,12.1240
2013-04-30,12.1323
2013-05-01,12.2246
2013-05-02,12.1540
2013-05-03,12.0880
2013-05-06,12.1065
2013-05-07,12.0750
2013-05-08,12.0308
2013-05-09,11.9760
2013-05-10,12.1313
2013-05-13,12.1425
2013-05-14,12.1525
2013-05-15,12.2316
2013-05-16,12.2421
2013-05-17,12.3153
2013-05-20,12.3355
2013-05-21,12.3225
2013-05-22,12.3185
2013-05-23,12.4651
2013-05-24,12.5404
2013-05-27,.
2013-05-28,12.5387
2013-05-29,12.6373
2013-05-30,12.7778
2013-05-31,12.7791
2013-06-03,12.7900
2013-06-04,12.7240
2013-06-05,12.8296
2013-06-06,12.9000
2013-06-07,12.7386
2013-06-10,12.8535
2013-06-11,12.8650
2013-06-12,12.8449
2013-06-13,12.7795
2013-06-14,12.6980
2013-06-17,12.7776
2013-06-18,12.8845
2013-06-19,12.8721
2013-06-20,13.4050
2013-06-21,13.4147
2013-06-24,13.3945
2013-06-25,13.2570
2013-06-26,13.2150
2013-06-27,13.0365
2013-06-28,12.9925
2013-07-01,12.9000
2013-07-02,12.9790
2013-07-03,13.0310
2013-07-04,.
2013-07-05,13.0440
2013-07-08,12.9490
2013-07-09,12.8675
2013-07-10,12.9475
2013-07-11,12.8475
2013-07-12,12.8295
2013-07-15,12.7390
2013-07-16,12.6280
2013-07-17,12.5310
2013-07-18,12.5375
2013-07-19,12.5525
2013-07-22,12.5040
2013-07-23,12.5125
2013-07-24,12.6425
2013-07-25,12.6550
2013-07-26,12.7120
2013-07-29,12.7340
2013-07-30,12.7540
2013-07-31,12.8570
2013-08-01,12.8240
2013-08-02,12.6805
2013-08-05,12.6765
2013-08-06,12.6440
2013-08-07,12.6900
2013-08-08,12.6170
2013-08-09,12.6010
2013-08-12,12.5620
2013-08-13,12.7515
2013-08-14,12.7205
2013-08-15,12.8335
2013-08-16,12.8685
2013-08-19,12.9900
2013-08-20,12.9795
2013-08-21,13.1700
2013-08-22,13.1555
2013-08-23,12.9930
2013-08-26,13.1420
2013-08-27,13.3145
2013-08-28,13.2295
2013-08-29,13.2850
2013-08-30,13.3355
2013-09-02,.
2013-09-03,13.4330
2013-09-04,13.2930
2013-09-05,13.3990
2013-09-06,13.1775
2013-09-09,13.1530
2013-09-10,13.1420
2013-09-11,13.0870
2013-09-12,13.0970
2013-09-13,13.0490
2013-09-16,12.9300
2013-09-17,12.9180
2013-09-18,12.9700
2013-09-19,12.7380
2013-09-20,12.7770
2013-09-23,12.7990
2013-09-24,12.8605
2013-09-25,12.9340
2013-09-26,13.0465
2013-09-27,13.1465
2013-09-30,13.1550
2013-10-01,13.1771
2013-10-02,13.1530
2013-10-03,13.2465
2013-10-04,13.0855
2013-10-07,13.0880
2013-10-08,13.1520
2013-10-09,13.2020
2013-10-10,13.0700
2013-10-11,13.0475
2013-10-14,.
2013-10-15,12.9485
2013-10-16,12.8585
2013-10-17,12.7665
2013-10-18,12.8010
2013-10-21,12.9590
2013-10-22,12.8610
2013-10-23,12.9335
2013-10-24,12.9770
2013-10-25,12.8750
2013-10-28,12.8625
2013-10-29,12.8740
2013-10-30,12.8765
2013-10-31,12.9995
2013-11-01,13.0815
2013-11-04,12.9855
2013-11-05,13.1400
2013-11-06,13.1495
2013-11-07,13.1975
2013-11-08,13.2430
2013-11-11,.
2013-11-12,13.1980
2013-11-13,13.0850
2013-11-14,13.0070
2013-11-15,12.9505
2013-11-18,12.8710
2013-11-19,12.8965
2013-11-20,12.9805
2013-11-21,13.0635
2013-11-22,12.9985
2013-11-25,13.0130
2013-11-26,13.0665
2013-11-27,13.0960
2013-11-28,.
2013-11-29,13.1110
2013-12-02,13.2030
2013-12-03,13.2165
2013-12-04,13.1020
2013-12-05,13.0185
2013-12-06,12.9380
2013-12-09,12.8505
2013-12-10,12.8850
2013-12-11,12.9225
2013-12-12,13.0380
2013-12-13,12.9575
2013-12-16,12.9450
2013-12-17,12.9530
2013-12-18,12.9925
2013-12-19,12.9710
2013-12-20,12.9475
2013-12-23,12.9725
2013-12-24,13.0190
2013-12-25,.
2013-12-26,13.0555
2013-12-27,13.0730
2013-12-30,13.0490
2013-12-31,13.0980
2014-01-01,.
2014-01-02,13.1155
2014-01-03,13.1055
2014-01-06,13.0930
2014-01-07,13.0450
2014-01-08,13.0905
2014-01-09,13.1550
2014-01-10,12.9965
2014-01-13,13.0135
2014-01-14,13.0865
2014-01-15,13.1640
2014-01-16,13.3115
2014-01-17,13.2680
2014-01-20,.
2014-01-21,13.2970
2014-01-22,13.3180
2014-01-23,13.3785
2014-01-24,13.4560
2014-01-27,13.4450
2014-01-28,13.3135
2014-01-29,13.3415
2014-01-30,13.3105
2014-01-31,13.3585
2014-02-03,13.5090
2014-02-04,13.3605
2014-02-05,13.3375
2014-02-06,13.2175
2014-02-07,13.3305
2014-02-10,13.3035
2014-02-11,13.2845
2014-02-12,13.3125
2014-02-13,13.3380
2014-02-14,13.2505
2014-02-17,.
2014-02-18,13.2285
2014-02-19,13.2720
2014-02-20,13.2935
2014-02-21,13.2710
2014-02-24,13.2035
2014-02-25,13.2110
2014-02-26,13.3175
2014-02-27,13.2960
2014-02-28,13.2255
2014-03-03,13.3315
2014-03-04,13.2820
2014-03-05,13.2520
2014-03-06,13.1425
2014-03-07,13.1740
2014-03-10,13.2200
2014-03-11,13.2325
2014-03-12,13.2700
2014-03-13,13.2290
2014-03-14,13.2275
2014-03-17,13.1975
2014-03-18,13.1670
2014-03-19,13.1685
2014-03-20,13.2625
2014-03-21,13.2200
2014-03-24,13.1945
2014-03-25,13.1415
2014-03-26,13.1260
2014-03-27,13.0680
2014-03-28,13.0880
2014-03-31,13.0560
2014-04-01,13.0265
2014-04-02,13.1005
2014-04-03,13.1335
2014-04-04,13.0265
2014-04-07,13.0090
2014-04-08,12.9500
2014-04-09,13.0525
2014-04-10,13.0455
2014-04-11,13.0740
2014-04-14,13.0510
2014-04-15,13.0960
2014-04-16,13.0545
2014-04-17,13.0565
2014-04-18,13.0425
2014-04-21,13.0400
2014-04-22,13.0500
2014-04-23,13.0920
2014-04-24,13.0955
2014-04-25,13.1350
2014-04-28,13.1425
2014-04-29,13.1155
2014-04-30,13.0835
2014-05-01,13.0525
2014-05-02,12.9985
2014-05-05,13.0080
2014-05-06,13.0025
2014-05-07,12.9800
2014-05-08,12.9455
2014-05-09,12.9860
2014-05-12,12.9575
2014-05-13,12.9260
2014-05-14,12.8850
2014-05-15,12.9745
2014-05-16,12.9220
2014-05-19,12.8945
2014-05-20,12.9365
2014-05-21,12.9150
2014-05-22,12.8815
2014-05-23,12.8630
2014-05-26,.
2014-05-27,12.8870
2014-05-28,12.8710
2014-05-29,12.8455
2014-05-30,12.8605
2014-06-02,12.9110
2014-06-03,12.9375
2014-06-04,12.9460
2014-06-05,12.8765
2014-06-06,12.9070
2014-06-09,12.9880
2014-06-10,13.0435
2014-06-11,13.0295
2014-06-12,12.9860
2014-06-13,13.0215
2014-06-16,13.0264
2014-06-17,13.0910
2014-06-18,13.0660
2014-06-19,12.9955
2014-06-20,13.0065
2014-06-23,12.9950
2014-06-24,13.0195
2014-06-25,13.0195
2014-06-26,13.0200
2014-06-27,13.0010
2014-06-30,12.9695
2014-07-01,12.9455
2014-07-02,12.9625
2014-07-03,12.9665
2014-07-04,.
2014-07-07,13.0030
2014-07-08,13.0020
2014-07-09,12.9725
2014-07-10,12.9985
2014-07-11,12.9820
2014-07-14,12.9773
2014-07-15,12.9735
2014-07-16,12.9350
2014-07-17,12.9700
2014-07-18,12.9610
2014-07-21,12.9685
2014-07-22,12.9355
2014-07-23,12.9260
2014-07-24,12.9550
2014-07-25,12.9500
2014-07-28,12.9875
2014-07-29,13.0655
2014-07-30,13.1375
2014-07-31,13.2370
2014-08-01,13.2140
2014-08-04,13.1980
2014-08-05,13.2810
2014-08-06,13.2545
2014-08-07,13.2665
2014-08-08,13.2340
2014-08-11,13.1920
2014-08-12,13.1700
2014-08-13,13.1060
2014-08-14,13.0710
2014-08-15,13.1015
2014-08-18,13.0495
2014-08-19,13.0570
2014-08-20,13.0825
2014-08-21,13.0935
2014-08-22,13.1375
2014-08-25,13.1305
2014-08-26,13.1050
2014-08-27,13.0850
2014-08-28,13.1175
2014-08-29,13.0690
2014-09-01,.
2014-09-02,13.1310
2014-09-03,13.0915
2014-09-04,13.1115
2014-09-05,13.0680
2014-09-08,13.0755
2014-09-09,13.2040
2014-09-10,13.2090
2014-09-11,13.2120
2014-09-12,13.2485
2014-09-15,13.2315
2014-09-16,13.1540
2014-09-17,13.1805
2014-09-18,13.2355
2014-09-19,13.2390
2014-09-22,13.2595
2014-09-23,13.2925
2014-09-24,13.2990
2014-09-25,13.3800
2014-09-26,13.4445
2014-09-29,13.4823
2014-09-30,13.4270
2014-10-01,13.4610
2014-10-02,13.4100
2014-10-03,13.4725
2014-10-06,13.3970
2014-10-07,13.4370
2014-10-08,13.4855
2014-10-09,13.3940
2014-10-10,13.4270
2014-10-13,.
2014-10-14,13.4015
2014-10-15,13.5615
2014-10-16,13.5605
2014-10-17,13.5155
2014-10-20,13.5365
2014-10-21,13.5060
2014-10-22,13.5430
2014-10-23,13.5240
2014-10-24,13.5290
2014-10-27,13.5727
2014-10-28,13.4880
2014-10-29,13.4150
2014-10-30,13.4300
2014-10-31,13.4825
2014-11-03,13.5405
2014-11-04,13.5930
2014-11-05,13.5935
2014-11-06,13.6205
2014-11-07,13.5625
2014-11-10,13.5475
2014-11-11,.
2014-11-12,13.5600
2014-11-13,13.6120
2014-11-14,13.5360
2014-11-17,13.5870
2014-11-18,13.5450
2014-11-19,13.6070
2014-11-20,13.6170
2014-11-21,13.6255
2014-11-24,13.6415
2014-11-25,13.6410
2014-11-26,13.7155
2014-11-27,.
2014-11-28,13.9210
2014-12-01,13.9355
2014-12-02,14.0695
2014-12-03,14.0920
2014-12-04,14.1020
2014-12-05,14.3260
2014-12-08,14.4270
2014-12-09,14.3655
2014-12-10,14.5175
2014-12-11,14.7050
2014-12-12,14.7850
2014-12-15,14.7940
2014-12-16,14.7440
2014-12-17,14.5655
2014-12-18,14.5585
2014-12-19,14.6635
2014-12-22,14.6405
2014-12-23,14.7075
2014-12-24,14.7460
2014-12-25,.
2014-12-26,.
2014-12-29,14.7125
2014-12-30,14.7230
2014-12-31,14.7500
2015-01-01,.
2015-01-02,14.8060
2015-01-05,14.9700
2015-01-06,14.8785
2015-01-07,14.7875
2015-01-08,14.6095
2015-01-09,14.5765
2015-01-12,14.6370
2015-01-13,14.5755
2015-01-14,14.5740
2015-01-15,14.5920
2015-01-16,14.6110
2015-01-19,.
2015-01-20,14.6465
2015-01-21,14.7250
2015-01-22,14.6015
2015-01-23,14.6400
2015-01-26,14.5640
2015-01-27,14.5775
2015-01-28,14.6855
2015-01-29,14.8805
2015-01-30,15.0050
2015-02-02,14.8815
2015-02-03,14.7515
2015-02-04,14.7935
2015-02-05,14.7480
2015-02-06,14.9175
2015-02-09,14.8090
2015-02-10,14.9530
2015-02-11,15.1025
2015-02-12,14.8905
2015-02-13,14.8730
2015-02-16,.
2015-02-17,14.8850
2015-02-18,14.9610
2015-02-19,14.9370
2015-02-20,15.0625
2015-02-23,15.0780
2015-02-24,14.9755
2015-02-25,14.9190
2015-02-26,14.9465
2015-02-27,14.9390
2015-03-02,14.9895
2015-03-03,14.9350
2015-03-04,15.0825
2015-03-05,15.1810
2015-03-06,15.4480
2015-03-09,15.4635
2015-03-10,15.5815
2015-03-11,15.4610
2015-03-12,15.3660
2015-03-13,15.4985
2015-03-16,15.4225
2015-03-17,15.4250
2015-03-18,15.4285
2015-03-19,15.3055
2015-03-20,15.0500
2015-03-23,14.9565
2015-03-24,14.9450
2015-03-25,14.9330
2015-03-26,15.0855
2015-03-27,15.1720
2015-03-30,15.2490
2015-03-31,15.2450
2015-04-01,15.1130
2015-04-02,15.0635
2015-04-03,14.8025
2015-04-06,14.8225
2015-04-07,14.9200
2015-04-08,14.9065
2015-04-09,15.0550
2015-04-10,15.1670
2015-04-13,15.3110
2015-04-14,15.2135
2015-04-15,15.3610
2015-04-16,15.2160
2015-04-17,15.3190
2015-04-20,15.3940
2015-04-21,15.3810
2015-04-22,15.4275
2015-04-23,15.3305
2015-04-24,15.3825
2015-04-27,15.3175
2015-04-28,15.2185
2015-04-29,15.1680
2015-04-30,15.3855
2015-05-01,15.5650
2015-05-04,15.5120
2015-05-05,15.3410
2015-05-06,15.2945
2015-05-07,15.3325
2015-05-08,15.1210
2015-05-11,15.2855
2015-05-12,15.2980
2015-05-13,15.2385
2015-05-14,15.1160
2015-05-15,14.9970
2015-05-18,15.1280
2015-05-19,15.1910
2015-05-20,15.1900
2015-05-21,15.2580
2015-05-22,15.2915
2015-05-25,.
2015-05-26,15.3310
2015-05-27,15.3570
2015-05-28,15.3765
2015-05-29,15.3688
2015-06-01,15.4685
2015-06-02,15.4345
2015-06-03,15.4555
2015-06-04,15.5575
2015-06-05,15.6925
2015-06-08,15.6735
2015-06-09,15.5530
2015-06-10,15.4610
2015-06-11,15.3990
2015-06-12,15.3975
2015-06-15,15.4190
2015-06-16,15.4230
2015-06-17,15.4300
2015-06-18,15.2710
2015-06-19,15.3440
2015-06-22,15.3265
2015-06-23,15.3970
2015-06-24,15.4450
2015-06-25,15.4860
2015-06-26,15.5630
2015-06-29,15.6555
2015-06-30,15.6902
2015-07-01,15.7780
2015-07-02,15.6895
2015-07-03,.
2015-07-06,15.7430
2015-07-07,15.8330
2015-07-08,15.8110
2015-07-09,15.7940
2015-07-10,15.7305
2015-07-13,15.7295
2015-07-14,15.6715
2015-07-15,15.7740
2015-07-16,15.7985
2015-07-17,15.9160
2015-07-20,15.9885
2015-07-21,15.9565
2015-07-22,16.1065
2015-07-23,16.1325
2015-07-24,16.2265
2015-07-27,16.2665
2015-07-28,16.2565
2015-07-29,16.1945
2015-07-30,16.4755
2015-07-31,16.0610
2015-08-03,16.1015
2015-08-04,16.1660
2015-08-05,16.3775
2015-08-06,16.3615
2015-08-07,16.1780
2015-08-10,16.1535
2015-08-11,16.3335
2015-08-12,16.2960
2015-08-13,16.3735
2015-08-14,16.3655
2015-08-17,16.3995
2015-08-18,16.4220
2015-08-19,16.5260
2015-08-20,16.6630
2015-08-21,16.9250
2015-08-24,17.0825
2015-08-25,17.0080
2015-08-26,17.0890
2015-08-27,16.8815
2015-08-28,16.7800
2015-08-31,16.7315
2015-09-01,16.8775
2015-09-02,16.9415
2015-09-03,16.7850
2015-09-04,16.8620
2015-09-07,.
2015-09-08,16.7840
2015-09-09,16.8015
2015-09-10,16.7575
2015-09-11,16.8230
2015-09-14,16.7955
2015-09-15,16.7680
2015-09-16,16.5680
2015-09-17,16.5880
2015-09-18,16.5615
2015-09-21,16.6925
2015-09-22,16.8790
2015-09-23,17.1040
2015-09-24,17.0620
2015-09-25,16.9630
2015-09-28,17.0115
2015-09-29,17.0895
2015-09-30,16.8980
2015-10-01,16.8915
2015-10-02,16.8115
2015-10-05,16.6990
2015-10-06,16.6820
2015-10-07,16.5735
2015-10-08,16.5015
2015-10-09,16.4125
2015-10-12,.
2015-10-13,16.5680
2015-10-14,16.5715
2015-10-15,16.4280
2015-10-16,16.3820
2015-10-19,16.5225
2015-10-20,16.5715
2015-10-21,16.6650
2015-10-22,16.5135
2015-10-23,16.5380
2015-10-26,16.4900
2015-10-27,16.5525
2015-10-28,16.4440
2015-10-29,16.6155
2015-10-30,16.5300
2015-11-02,16.4710
2015-11-03,16.3730
2015-11-04,16.5245
2015-11-05,16.5815
2015-11-06,16.8430
2015-11-09,16.8540
2015-11-10,16.7625
2015-11-11,.
2015-11-12,16.7320
2015-11-13,16.6965
2015-11-16,16.8145
2015-11-17,16.7700
2015-11-18,16.7655
2015-11-19,16.5700
2015-11-20,16.5080
2015-11-23,16.5240
2015-11-24,16.4570
2015-11-25,16.5450
2015-11-26,.
2015-11-27,16.5885
2015-11-30,16.6005
2015-12-01,16.5305
2015-12-02,16.5880
2015-12-03,16.7180
2015-12-04,16.6555
2015-12-07,16.9000
2015-12-08,17.0245
2015-12-09,17.0505
2015-12-10,17.0945
2015-12-11,17.3570
2015-12-14,17.3580
2015-12-15,17.1490
2015-12-16,17.1800
2015-12-17,17.1190
2015-12-18,16.9930
2015-12-21,17.1640
2015-12-22,17.1855
2015-12-23,17.1865
2015-12-24,17.2760
2015-12-25,.
2015-12-28,17.2610
2015-12-29,17.2065
2015-12-30,17.3390
2015-12-31,17.1950
2016-01-01,.
2016-01-04,17.3600
2016-01-05,17.3595
2016-01-06,17.4360
2016-01-07,17.6525
2016-01-08,17.9145
2016-01-11,17.9560
2016-01-12,17.9230
2016-01-13,17.8595
2016-01-14,17.8930
2016-01-15,18.2475
2016-01-18,.
2016-01-19,18.1845
2016-01-20,18.5945
2016-01-21,18.4655
2016-01-22,18.4500
2016-01-25,18.5600
2016-01-26,18.4750
2016-01-27,18.3780
2016-01-28,18.3120
2016-01-29,18.2110
2016-02-01,18.2930
2016-02-02,18.4895
2016-02-03,18.3930
2016-02-04,18.2255
2016-02-05,18.3720
2016-02-08,18.6485
2016-02-09,18.8627
2016-02-10,18.8470
2016-02-11,19.1925
2016-02-12,19.0040
2016-02-15,.
2016-02-16,18.7890
2016-02-17,18.2750
2016-02-18,18.1705
2016-02-19,18.2720
2016-02-22,18.0190
2016-02-23,18.2000
2016-02-24,18.2270
2016-02-25,18.1305
2016-02-26,18.1850
2016-02-29,18.0675
2016-03-01,17.9000
2016-03-02,17.8415
2016-03-03,17.9015
2016-03-04,17.7575
2016-03-07,17.7370
2016-03-08,17.9210
2016-03-09,17.7045
2016-03-10,17.8955
2016-03-11,17.6905
2016-03-14,17.7770
2016-03-15,17.9245
2016-03-16,17.9405
2016-03-17,17.3920
2016-03-18,17.2950
2016-03-21,17.3900
2016-03-22,17.3300
2016-03-23,17.5200
2016-03-24,17.6260
2016-03-25,17.5425
2016-03-28,17.4535
2016-03-29,17.4885
2016-03-30,17.2550
2016-03-31,17.2140
2016-04-01,17.3205
2016-04-04,17.4575
2016-04-05,17.7480
2016-04-06,17.6655
2016-04-07,17.9125
2016-04-08,17.7600
2016-04-11,17.6385
2016-04-12,17.5155
2016-04-13,17.4905
2016-04-14,17.3670
2016-04-15,17.5580
2016-04-18,17.4515
2016-04-19,17.2935
2016-04-20,17.2590
2016-04-21,17.4150
2016-04-22,17.4440
2016-04-25,17.6010
2016-04-26,17.3860
2016-04-27,17.3790
2016-04-28,17.2175
2016-04-29,17.1900
2016-05-02,17.2425
2016-05-03,17.5415
2016-05-04,17.7050
2016-05-05,17.7850
2016-05-06,17.9155
2016-05-09,18.1325
2016-05-10,18.0095
2016-05-11,17.9265
2016-05-12,18.0345
2016-05-13,18.1470
2016-05-16,18.2160
2016-05-17,18.2850
2016-05-18,18.3375
2016-05-19,18.5460
2016-05-20,18.3770
2016-05-23,18.4710
2016-05-24,18.4435
2016-05-25,18.4500
2016-05-26,18.4500
2016-05-27,18.4280
2016-05-30,.
2016-05-31,18.4130
2016-06-01,18.5475
2016-06-02,18.6320
2016-06-03,18.6120
2016-06-06,18.6140
2016-06-07,18.4360
2016-06-08,18.1250
2016-06-09,18.2885
2016-06-10,18.5260
2016-06-13,18.8145
2016-06-14,18.9785
2016-06-15,18.8630
2016-06-16,18.9875
2016-06-17,18.8615
2016-06-20,18.6660
2016-06-21,18.6550
2016-06-22,18.5300
2016-06-23,18.3010
2016-06-24,18.8545
2016-06-27,19.1520
2016-06-28,18.9100
2016-06-29,18.5355
2016-06-30,18.4935
2016-07-01,18.3930
2016-07-04,.
2016-07-05,18.7805
2016-07-06,18.7535
2016-07-07,18.8785
2016-07-08,18.5615
2016-07-11,18.4915
2016-07-12,18.2935
2016-07-13,18.4020
2016-07-14,18.3240
2016-07-15,18.5190
2016-07-18,18.4800
2016-07-19,18.5355
2016-07-20,18.5820
2016-07-21,18.6150
2016-07-22,18.6140
2016-07-25,18.7560
2016-07-26,18.7902
2016-07-27,18.8715
2016-07-28,18.9085
2016-07-29,18.7610
2016-08-01,18.8325
2016-08-02,18.9150
2016-08-03,18.9005
2016-08-04,18.8450
2016-08-05,18.8685
2016-08-08,18.5785
2016-08-09,18.3800
2016-08-10,18.3510
2016-08-11,18.2640
2016-08-12,18.2500
2016-08-15,18.0450
2016-08-16,17.9750
2016-08-17,18.2765
2016-08-18,18.0575
2016-08-19,18.2525
2016-08-22,18.3165
2016-08-23,18.3730
2016-08-24,18.4955
2016-08-25,18.4385
2016-08-26,18.2950
2016-08-29,18.5625
2016-08-30,18.7850
2016-08-31,18.8490
2016-09-01,18.8260
2016-09-02,18.6440
2016-09-05,.
2016-09-06,18.3385
2016-09-07,18.3505
2016-09-08,18.6100
2016-09-09,18.8395
2016-09-12,19.0705
2016-09-13,19.1651
2016-09-14,19.2075
2016-09-15,19.2425
2016-09-16,19.6645
2016-09-19,19.6205
2016-09-20,19.8485
2016-09-21,19.8425
2016-09-22,19.5550
2016-09-23,19.7360
2016-09-26,19.8605
2016-09-27,19.4650
2016-09-28,19.5120
2016-09-29,19.3825
2016-09-30,19.3355
2016-10-03,19.3350
2016-10-04,19.2360
2016-10-05,19.2455
2016-10-06,19.2320
2016-10-07,19.3325
2016-10-10,.
2016-10-11,18.9685
2016-10-12,18.9990
2016-10-13,19.0440
2016-10-14,19.0475
2016-10-17,18.8850
2016-10-18,18.6575
2016-10-19,18.5605
2016-10-20,18.5910
2016-10-21,18.6315
2016-10-24,18.5835
2016-10-25,18.4850
2016-10-26,18.6680
2016-10-27,18.8140
2016-10-28,18.7170
2016-10-31,18.7900
2016-11-01,19.1000
2016-11-02,19.3905
2016-11-03,19.2255
2016-11-04,19.1180
2016-11-07,18.6365
2016-11-08,18.4350
2016-11-09,19.7745
2016-11-10,20.4935
2016-11-11,.
2016-11-14,20.8415
2016-11-15,20.3450
2016-11-16,20.2720
2016-11-17,20.1845
2016-11-18,20.4250
2016-11-21,20.4880
2016-11-22,20.5125
2016-11-23,20.6530
2016-11-24,.
2016-11-25,20.6505
2016-11-28,20.5740
2016-11-29,20.5950
2016-11-30,20.4565
2016-12-01,20.7375
2016-12-02,20.6130
2016-12-05,20.5725
2016-12-06,20.3750
2016-12-07,20.3280
2016-12-08,20.3765
2016-12-09,20.3330
2016-12-12,20.2230
2016-12-13,20.2560
2016-12-14,20.2295
2016-12-15,20.6140
2016-12-16,20.4170
2016-12-19,20.4120
2016-12-20,20.4305
2016-12-21,20.5100
2016-12-22,20.7095
2016-12-23,20.6110
2016-12-26,.
2016-12-27,20.7085
2016-12-28,20.7350
2016-12-29,20.6755
2016-12-30,20.6170
2017-01-02,.
2017-01-03,20.9060
2017-01-04,21.3855
2017-01-05,21.3950
2017-01-06,21.2960
2017-01-09,21.3375
2017-01-10,21.6245
2017-01-11,21.8750
2017-01-12,21.7045
2017-01-13,21.5435
2017-01-16,.
2017-01-17,21.5825
2017-01-18,21.8510
2017-01-19,21.8910
2017-01-20,.
2017-01-23,21.4355
2017-01-24,21.3840
2017-01-25,21.3110
2017-01-26,21.2950
2017-01-27,21.0245
2017-01-30,20.7530
2017-01-31,20.8355
2017-02-01,20.8155
2017-02-02,20.6260
2017-02-03,20.3565
