DATE,DEXMAUS
2007-02-05,3.5000
2007-02-06,3.4955
2007-02-07,3.4925
2007-02-08,3.4930
2007-02-09,3.4928
2007-02-12,3.4923
2007-02-13,3.4990
2007-02-14,3.4955
2007-02-15,3.4950
2007-02-16,3.4920
2007-02-19,.
2007-02-20,3.4925
2007-02-21,3.4925
2007-02-22,3.4940
2007-02-23,3.4920
2007-02-26,3.4910
2007-02-27,3.4940
2007-02-28,3.5000
2007-03-01,3.5050
2007-03-02,3.5070
2007-03-05,3.5160
2007-03-06,3.5120
2007-03-07,3.5090
2007-03-08,3.5060
2007-03-09,3.5020
2007-03-12,3.5000
2007-03-13,3.5060
2007-03-14,3.5145
2007-03-15,3.5110
2007-03-16,3.5115
2007-03-19,3.5015
2007-03-20,3.4956
2007-03-21,3.4700
2007-03-22,3.4695
2007-03-23,3.4575
2007-03-26,3.4530
2007-03-27,3.4527
2007-03-28,3.4615
2007-03-29,3.4500
2007-03-30,3.4560
2007-04-02,3.4580
2007-04-03,3.4600
2007-04-04,3.4550
2007-04-05,3.4490
2007-04-06,3.4480
2007-04-09,3.4450
2007-04-10,3.4465
2007-04-11,3.4490
2007-04-12,3.4460
2007-04-13,3.4410
2007-04-16,3.4390
2007-04-17,3.4340
2007-04-18,3.4280
2007-04-19,3.4270
2007-04-20,3.4200
2007-04-23,3.4200
2007-04-24,3.4200
2007-04-25,3.4190
2007-04-26,3.4200
2007-04-27,3.4200
2007-04-30,3.4200
2007-05-01,3.4200
2007-05-02,3.4255
2007-05-03,3.4145
2007-05-04,3.4155
2007-05-07,3.4130
2007-05-08,3.4065
2007-05-09,3.3970
2007-05-10,3.4015
2007-05-11,3.3995
2007-05-14,3.3985
2007-05-15,3.3980
2007-05-16,3.3975
2007-05-17,3.4015
2007-05-18,3.3915
2007-05-21,3.3910
2007-05-22,3.3830
2007-05-23,3.3855
2007-05-24,3.3840
2007-05-25,3.3900
2007-05-28,.
2007-05-29,3.3920
2007-05-30,3.4015
2007-05-31,3.3970
2007-06-01,3.3970
2007-06-04,3.3940
2007-06-05,3.4060
2007-06-06,3.4320
2007-06-07,3.4355
2007-06-08,3.4605
2007-06-11,3.4690
2007-06-12,3.4540
2007-06-13,3.4640
2007-06-14,3.4550
2007-06-15,3.4405
2007-06-18,3.4255
2007-06-19,3.4350
2007-06-20,3.4270
2007-06-21,3.4525
2007-06-22,3.4510
2007-06-25,3.4630
2007-06-26,3.4740
2007-06-27,3.4810
2007-06-28,3.4650
2007-06-29,3.4500
2007-07-02,3.4320
2007-07-03,3.4440
2007-07-04,.
2007-07-05,3.4450
2007-07-06,3.4470
2007-07-09,3.4380
2007-07-10,3.4375
2007-07-11,3.4490
2007-07-12,3.4485
2007-07-13,3.4380
2007-07-16,3.4400
2007-07-17,3.4420
2007-07-18,3.4410
2007-07-19,3.4310
2007-07-20,3.4215
2007-07-23,3.4080
2007-07-24,3.4020
2007-07-25,3.4295
2007-07-26,3.4550
2007-07-27,3.4665
2007-07-30,3.4610
2007-07-31,3.4570
2007-08-01,3.4620
2007-08-02,3.4590
2007-08-03,3.4635
2007-08-06,3.4650
2007-08-07,3.4685
2007-08-08,3.4505
2007-08-09,3.4705
2007-08-10,3.4810
2007-08-13,3.4725
2007-08-14,3.4785
2007-08-15,3.4890
2007-08-16,3.5200
2007-08-17,3.5130
2007-08-20,3.4925
2007-08-21,3.4960
2007-08-22,3.4750
2007-08-23,3.4770
2007-08-24,3.4845
2007-08-27,3.4810
2007-08-28,3.4950
2007-08-29,3.5015
2007-08-30,3.5030
2007-08-31,3.5015
2007-09-03,3.5015
2007-09-04,3.5084
2007-09-05,3.5070
2007-09-06,3.5018
2007-09-07,3.5115
2007-09-10,3.5100
2007-09-11,3.5070
2007-09-12,3.4890
2007-09-13,3.4770
2007-09-14,3.4750
2007-09-17,3.4875
2007-09-18,3.4830
2007-09-19,3.4375
2007-09-20,3.4370
2007-09-21,3.4430
2007-09-24,3.4260
2007-09-25,3.4375
2007-09-26,3.4255
2007-09-27,3.4125
2007-09-28,3.4050
2007-10-01,3.3960
2007-10-02,3.4040
2007-10-03,3.4060
2007-10-04,3.4095
2007-10-05,3.3925
2007-10-08,3.3925
2007-10-09,3.3975
2007-10-10,3.3700
2007-10-11,3.3530
2007-10-12,3.3635
2007-10-15,3.3740
2007-10-16,3.3830
2007-10-17,3.3740
2007-10-18,3.3660
2007-10-19,3.3630
2007-10-22,3.3865
2007-10-23,3.3725
2007-10-24,3.3700
2007-10-25,3.3535
2007-10-26,3.3410
2007-10-29,3.3425
2007-10-30,3.3455
2007-10-31,3.3340
2007-11-01,3.3495
2007-11-02,3.3400
2007-11-05,3.3515
2007-11-06,3.3390
2007-11-07,3.3315
2007-11-08,3.3365
2007-11-09,3.3275
2007-11-12,.
2007-11-13,3.3425
2007-11-14,3.3475
2007-11-15,3.3805
2007-11-16,3.3730
2007-11-19,3.3740
2007-11-20,3.3635
2007-11-21,3.3930
2007-11-22,3.3930
2007-11-23,3.3675
2007-11-26,3.3595
2007-11-27,3.3730
2007-11-28,3.3680
2007-11-29,3.3690
2007-11-30,3.3545
2007-12-03,3.3545
2007-12-04,3.3425
2007-12-05,3.3405
2007-12-06,3.3420
2007-12-07,3.3185
2007-12-10,3.3185
2007-12-11,3.3100
2007-12-12,3.3085
2007-12-13,3.3145
2007-12-14,3.3285
2007-12-17,3.3465
2007-12-18,3.3492
2007-12-19,3.3514
2007-12-20,3.3505
2007-12-21,3.3437
2007-12-24,3.3377
2007-12-25,.
2007-12-26,3.3361
2007-12-27,3.3285
2007-12-28,3.3201
2007-12-31,3.3057
2008-01-01,.
2008-01-02,3.3094
2008-01-03,3.2828
2008-01-04,3.2878
2008-01-07,3.2800
2008-01-08,3.2705
2008-01-09,3.2655
2008-01-10,3.2690
2008-01-11,3.2580
2008-01-14,3.2529
2008-01-15,3.2604
2008-01-16,3.2780
2008-01-17,3.2785
2008-01-18,3.2755
2008-01-21,.
2008-01-22,3.2761
2008-01-23,3.2782
2008-01-24,3.2637
2008-01-25,3.2410
2008-01-28,3.2390
2008-01-29,3.2345
2008-01-30,3.2355
2008-01-31,3.2355
2008-02-01,3.2310
2008-02-04,3.2285
2008-02-05,3.2375
2008-02-06,3.2275
2008-02-07,3.2285
2008-02-08,3.2300
2008-02-11,3.2430
2008-02-12,3.2280
2008-02-13,3.2390
2008-02-14,3.2340
2008-02-15,3.2210
2008-02-18,.
2008-02-19,3.2210
2008-02-20,3.2240
2008-02-21,3.2189
2008-02-22,3.2134
2008-02-25,3.2108
2008-02-26,3.2113
2008-02-27,3.1940
2008-02-28,3.1950
2008-02-29,3.1965
2008-03-03,3.1969
2008-03-04,3.1870
2008-03-05,3.1795
2008-03-06,3.1680
2008-03-07,3.1680
2008-03-10,3.2015
2008-03-11,3.1865
2008-03-12,3.1685
2008-03-13,3.1540
2008-03-14,3.1600
2008-03-17,3.1865
2008-03-18,3.1535
2008-03-19,3.1780
2008-03-20,3.1970
2008-03-21,3.1780
2008-03-24,3.2100
2008-03-25,3.1985
2008-03-26,3.1965
2008-03-27,3.2115
2008-03-28,3.1955
2008-03-31,3.1920
2008-04-01,3.1765
2008-04-02,3.1835
2008-04-03,3.1880
2008-04-04,3.1925
2008-04-07,3.1855
2008-04-08,3.1865
2008-04-09,3.1800
2008-04-10,3.1440
2008-04-11,3.1437
2008-04-14,3.1600
2008-04-15,3.1635
2008-04-16,3.1455
2008-04-17,3.1400
2008-04-18,3.1470
2008-04-21,3.1445
2008-04-22,3.1370
2008-04-23,3.1345
2008-04-24,3.1495
2008-04-25,3.1595
2008-04-28,3.1570
2008-04-29,3.1530
2008-04-30,3.1585
2008-05-01,3.1590
2008-05-02,3.1615
2008-05-05,3.1615
2008-05-06,3.1495
2008-05-07,3.1805
2008-05-08,3.2005
2008-05-09,3.2025
2008-05-12,3.2035
2008-05-13,3.2215
2008-05-14,3.2615
2008-05-15,3.2580
2008-05-16,3.2285
2008-05-19,3.2410
2008-05-20,3.2455
2008-05-21,3.2180
2008-05-22,3.2030
2008-05-23,3.2140
2008-05-26,.
2008-05-27,3.2460
2008-05-28,3.2305
2008-05-29,3.2455
2008-05-30,3.2345
2008-06-02,3.2210
2008-06-03,3.2260
2008-06-04,3.2530
2008-06-05,3.2350
2008-06-06,3.2670
2008-06-09,3.2625
2008-06-10,3.2730
2008-06-11,3.2640
2008-06-12,3.2685
2008-06-13,3.2705
2008-06-16,3.2720
2008-06-17,3.2405
2008-06-18,3.2550
2008-06-19,3.2600
2008-06-20,3.2615
2008-06-23,3.2640
2008-06-24,3.2545
2008-06-25,3.2620
2008-06-26,3.2568
2008-06-27,3.2600
2008-06-30,3.2665
2008-07-01,3.2785
2008-07-02,3.2690
2008-07-03,3.2650
2008-07-04,.
2008-07-07,3.2640
2008-07-08,3.2520
2008-07-09,3.2420
2008-07-10,3.2365
2008-07-11,3.2315
2008-07-14,3.2255
2008-07-15,3.2150
2008-07-16,3.2250
2008-07-17,3.2327
2008-07-18,3.2342
2008-07-21,3.2327
2008-07-22,3.2350
2008-07-23,3.2380
2008-07-24,3.2550
2008-07-25,3.2680
2008-07-28,3.2650
2008-07-29,3.2650
2008-07-30,3.2610
2008-07-31,3.2565
2008-08-01,3.2600
2008-08-04,3.2668
2008-08-05,3.2825
2008-08-06,3.2755
2008-08-07,3.2895
2008-08-08,3.3120
2008-08-11,3.3185
2008-08-12,3.3195
2008-08-13,3.3245
2008-08-14,3.3350
2008-08-15,3.3490
2008-08-18,3.3300
2008-08-19,3.3360
2008-08-20,3.3340
2008-08-21,3.3305
2008-08-22,3.3390
2008-08-25,3.3755
2008-08-26,3.3961
2008-08-27,3.3810
2008-08-28,3.3830
2008-08-29,3.3920
2008-09-01,.
2008-09-02,3.4140
2008-09-03,3.4370
2008-09-04,3.4470
2008-09-05,3.4595
2008-09-08,3.4325
2008-09-09,3.4470
2008-09-10,3.4630
2008-09-11,3.4690
2008-09-12,3.4382
2008-09-15,3.4427
2008-09-16,3.4473
2008-09-17,3.4709
2008-09-18,3.4670
2008-09-19,3.4311
2008-09-22,3.4165
2008-09-23,3.4080
2008-09-24,3.4200
2008-09-25,3.4235
2008-09-26,3.4340
2008-09-29,3.4445
2008-09-30,3.4385
2008-10-01,3.4429
2008-10-02,3.4475
2008-10-03,3.4650
2008-10-06,3.5001
2008-10-07,3.4900
2008-10-08,3.4980
2008-10-09,3.4955
2008-10-10,3.5135
2008-10-13,.
2008-10-14,3.4970
2008-10-15,3.5139
2008-10-16,3.5200
2008-10-17,3.5280
2008-10-20,3.5220
2008-10-21,3.5270
2008-10-22,3.5440
2008-10-23,3.5690
2008-10-24,3.5935
2008-10-27,3.5862
2008-10-28,3.5810
2008-10-29,3.5785
2008-10-30,3.5295
2008-10-31,3.5470
2008-11-03,3.5190
2008-11-04,3.5327
2008-11-05,3.5205
2008-11-06,3.5395
2008-11-07,3.5420
2008-11-10,3.5460
2008-11-11,.
2008-11-12,3.5900
2008-11-13,3.5970
2008-11-14,3.5955
2008-11-17,3.5974
2008-11-18,3.6010
2008-11-19,3.6080
2008-11-20,3.6210
2008-11-21,3.6200
2008-11-24,3.6270
2008-11-25,3.6190
2008-11-26,3.6200
2008-11-27,.
2008-11-28,3.6210
2008-12-01,3.6270
2008-12-02,3.6370
2008-12-03,3.6380
2008-12-04,3.6380
2008-12-05,3.6345
2008-12-08,3.6350
2008-12-09,3.6150
2008-12-10,3.6135
2008-12-11,3.5650
2008-12-12,3.5800
2008-12-15,3.5600
2008-12-16,3.5550
2008-12-17,3.5280
2008-12-18,3.4600
2008-12-19,3.4680
2008-12-22,3.4800
2008-12-23,3.4680
2008-12-24,3.4770
2008-12-25,.
2008-12-26,3.4780
2008-12-29,3.4780
2008-12-30,3.4770
2008-12-31,3.4500
2009-01-01,.
2009-01-02,3.4650
2009-01-05,3.4950
2009-01-06,3.5070
2009-01-07,3.4980
2009-01-08,3.5380
2009-01-09,3.5390
2009-01-12,3.5700
2009-01-13,3.5760
2009-01-14,3.5700
2009-01-15,3.5920
2009-01-16,3.5750
2009-01-19,.
2009-01-20,3.6080
2009-01-21,3.6140
2009-01-22,3.6070
2009-01-23,3.6230
2009-01-26,3.6230
2009-01-27,3.6230
2009-01-28,3.5850
2009-01-29,3.5970
2009-01-30,3.6050
2009-02-02,3.6130
2009-02-03,3.6170
2009-02-04,3.6240
2009-02-05,3.6121
2009-02-06,3.5980
2009-02-09,3.5985
2009-02-10,3.5865
2009-02-11,3.6020
2009-02-12,3.6185
2009-02-13,3.6020
2009-02-16,.
2009-02-17,3.6380
2009-02-18,3.6570
2009-02-19,3.6580
2009-02-20,3.6740
2009-02-23,3.6530
2009-02-24,3.6630
2009-02-25,3.6670
2009-02-26,3.6680
2009-02-27,3.7050
2009-03-02,3.7260
2009-03-03,3.7070
2009-03-04,3.7110
2009-03-05,3.7250
2009-03-06,3.7150
2009-03-09,3.7150
2009-03-10,3.6900
2009-03-11,3.6940
2009-03-12,3.6900
2009-03-13,3.7040
2009-03-16,3.6610
2009-03-17,3.6725
2009-03-18,3.6800
2009-03-19,3.6500
2009-03-20,3.6400
2009-03-23,3.6410
2009-03-24,3.6230
2009-03-25,3.6260
2009-03-26,3.6220
2009-03-27,3.6125
2009-03-30,3.6500
2009-03-31,3.6430
2009-04-01,3.6450
2009-04-02,3.5950
2009-04-03,3.5775
2009-04-06,3.5550
2009-04-07,3.5900
2009-04-08,3.6280
2009-04-09,3.6040
2009-04-10,3.6135
2009-04-13,3.6270
2009-04-14,3.5850
2009-04-15,3.6050
2009-04-16,3.5970
2009-04-17,3.6140
2009-04-20,3.6300
2009-04-21,3.6420
2009-04-22,3.6430
2009-04-23,3.6200
2009-04-24,3.5830
2009-04-27,3.5950
2009-04-28,3.6250
2009-04-29,3.5850
2009-04-30,3.5580
2009-05-01,3.5580
2009-05-04,3.5290
2009-05-05,3.5080
2009-05-06,3.5310
2009-05-07,3.5220
2009-05-08,3.5150
2009-05-11,3.5140
2009-05-12,3.5100
2009-05-13,3.5240
2009-05-14,3.5410
2009-05-15,3.5470
2009-05-18,3.5520
2009-05-19,3.5280
2009-05-20,3.5350
2009-05-21,3.5270
2009-05-22,3.4880
2009-05-25,.
2009-05-26,3.5100
2009-05-27,3.5020
2009-05-28,3.5100
2009-05-29,3.4850
2009-06-01,3.4700
2009-06-02,3.4870
2009-06-03,3.4820
2009-06-04,3.4900
2009-06-05,3.4930
2009-06-08,3.5190
2009-06-09,3.5250
2009-06-10,3.4930
2009-06-11,3.5050
2009-06-12,3.5030
2009-06-15,3.5272
2009-06-16,3.5180
2009-06-17,3.5310
2009-06-18,3.5380
2009-06-19,3.5335
2009-06-22,3.5380
2009-06-23,3.5450
2009-06-24,3.5310
2009-06-25,3.5340
2009-06-26,3.5300
2009-06-29,3.5370
2009-06-30,3.5130
2009-07-01,3.5170
2009-07-02,3.5175
2009-07-03,3.5240
2009-07-06,3.5425
2009-07-07,3.5460
2009-07-08,3.5600
2009-07-09,3.5615
2009-07-10,3.5760
2009-07-13,3.5995
2009-07-14,3.5830
2009-07-15,3.5610
2009-07-16,3.5690
2009-07-17,3.5630
2009-07-20,3.5390
2009-07-21,3.5400
2009-07-22,3.5510
2009-07-23,3.5380
2009-07-24,3.5280
2009-07-27,3.5160
2009-07-28,3.5080
2009-07-29,3.5310
2009-07-30,3.5290
2009-07-31,3.5200
2009-08-03,3.5050
2009-08-04,3.4920
2009-08-05,3.4950
2009-08-06,3.4880
2009-08-07,3.4980
2009-08-10,3.5020
2009-08-11,3.5080
2009-08-12,3.5280
2009-08-13,3.5120
2009-08-14,3.5150
2009-08-17,3.5400
2009-08-18,3.5370
2009-08-19,3.5440
2009-08-20,3.5250
2009-08-21,3.5185
2009-08-24,3.5080
2009-08-25,3.5170
2009-08-26,3.5230
2009-08-27,3.5320
2009-08-28,3.5200
2009-08-31,3.5200
2009-09-01,3.5250
2009-09-02,3.5370
2009-09-03,3.5260
2009-09-04,3.5230
2009-09-07,.
2009-09-08,3.5000
2009-09-09,3.4940
2009-09-10,3.4920
2009-09-11,3.4900
2009-09-14,3.5060
2009-09-15,3.5000
2009-09-16,3.4790
2009-09-17,3.4680
2009-09-18,3.4780
2009-09-21,3.4780
2009-09-22,3.4780
2009-09-23,3.4630
2009-09-24,3.4610
2009-09-25,3.4700
2009-09-28,3.4780
2009-09-29,3.4830
2009-09-30,3.4590
2009-10-01,3.4640
2009-10-02,3.4780
2009-10-05,3.4580
2009-10-06,3.4335
2009-10-07,3.4150
2009-10-08,3.3885
2009-10-09,3.3965
2009-10-12,.
2009-10-13,3.3890
2009-10-14,3.3680
2009-10-15,3.3560
2009-10-16,3.3700
2009-10-19,3.3730
2009-10-20,3.3620
2009-10-21,3.3750
2009-10-22,3.3960
2009-10-23,3.3800
2009-10-26,3.3780
2009-10-27,3.4000
2009-10-28,3.4200
2009-10-29,3.4225
2009-10-30,3.4100
2009-11-02,3.4240
2009-11-03,3.4290
2009-11-04,3.4160
2009-11-05,3.4200
2009-11-06,3.4000
2009-11-09,3.3780
2009-11-10,3.3830
2009-11-11,.
2009-11-12,3.3800
2009-11-13,3.3730
2009-11-16,3.3650
2009-11-17,3.3650
2009-11-18,3.3640
2009-11-19,3.3895
2009-11-20,3.3840
2009-11-23,3.3730
2009-11-24,3.3860
2009-11-25,3.3690
2009-11-26,.
2009-11-27,3.3895
2009-11-30,3.3950
2009-12-01,3.3765
2009-12-02,3.3747
2009-12-03,3.3680
2009-12-04,3.3780
2009-12-07,3.3950
2009-12-08,3.3930
2009-12-09,3.3960
2009-12-10,3.3950
2009-12-11,3.3980
2009-12-14,3.4070
2009-12-15,3.4120
2009-12-16,3.4230
2009-12-17,3.4350
2009-12-18,3.4350
2009-12-21,3.4325
2009-12-22,3.4310
2009-12-23,3.4350
2009-12-24,3.4280
2009-12-25,.
2009-12-28,3.4275
2009-12-29,3.4300
2009-12-30,3.4250
2009-12-31,3.4220
2010-01-01,.
2010-01-04,3.3960
2010-01-05,3.3850
2010-01-06,3.3790
2010-01-07,3.3680
2010-01-08,3.3750
2010-01-11,3.3350
2010-01-12,3.3425
2010-01-13,3.3445
2010-01-14,3.3370
2010-01-15,3.3380
2010-01-18,.
2010-01-19,3.3380
2010-01-20,3.3620
2010-01-21,3.3680
2010-01-22,3.3955
2010-01-25,3.3970
2010-01-26,3.4200
2010-01-27,3.4300
2010-01-28,3.4040
2010-01-29,3.4100
2010-02-01,3.4130
2010-02-02,3.4200
2010-02-03,3.3970
2010-02-04,3.4200
2010-02-05,3.4420
2010-02-08,3.4400
2010-02-09,3.4305
2010-02-10,3.4315
2010-02-11,3.4290
2010-02-12,3.4190
2010-02-15,.
2010-02-16,3.4236
2010-02-17,3.3860
2010-02-18,3.3975
2010-02-19,3.4090
2010-02-22,3.4000
2010-02-23,3.4025
2010-02-24,3.3980
2010-02-25,3.4040
2010-02-26,3.4010
2010-03-01,3.3865
2010-03-02,3.3775
2010-03-03,3.3665
2010-03-04,3.3685
2010-03-05,3.3580
2010-03-08,3.3330
2010-03-09,3.3395
2010-03-10,3.3190
2010-03-11,3.3170
2010-03-12,3.3050
2010-03-15,3.3175
2010-03-16,3.3150
2010-03-17,3.2970
2010-03-18,3.3050
2010-03-19,3.3040
2010-03-22,3.3200
2010-03-23,3.3180
2010-03-24,3.3150
2010-03-25,3.3155
2010-03-26,3.3050
2010-03-29,3.2650
2010-03-30,3.2672
2010-03-31,3.2567
2010-04-01,3.2560
2010-04-02,3.2460
2010-04-05,3.2200
2010-04-06,3.2115
2010-04-07,3.2070
2010-04-08,3.1970
2010-04-09,3.1850
2010-04-12,3.2100
2010-04-13,3.2210
2010-04-14,3.1990
2010-04-15,3.1950
2010-04-16,3.1900
2010-04-19,3.2160
2010-04-20,3.2045
2010-04-21,3.1980
2010-04-22,3.1965
2010-04-23,3.1900
2010-04-26,3.1810
2010-04-27,3.1850
2010-04-28,3.2150
2010-04-29,3.1900
2010-04-30,3.1840
2010-05-03,3.2050
2010-05-04,3.2125
2010-05-05,3.2280
2010-05-06,3.2610
2010-05-07,3.2680
2010-05-10,3.1980
2010-05-11,3.2080
2010-05-12,3.2060
2010-05-13,3.1860
2010-05-14,3.1900
2010-05-17,3.2250
2010-05-18,3.2110
2010-05-19,3.2500
2010-05-20,3.2730
2010-05-21,3.3150
2010-05-24,3.3180
2010-05-25,3.3650
2010-05-26,3.3150
2010-05-27,3.2920
2010-05-28,3.2920
2010-05-31,.
2010-06-01,3.3100
2010-06-02,3.2920
2010-06-03,3.2630
2010-06-04,3.2740
2010-06-07,3.3300
2010-06-08,3.3250
2010-06-09,3.3170
2010-06-10,3.3000
2010-06-11,3.2810
2010-06-14,3.2460
2010-06-15,3.2670
2010-06-16,3.2560
2010-06-17,3.2650
2010-06-18,3.2500
2010-06-21,3.1870
2010-06-22,3.2050
2010-06-23,3.2300
2010-06-24,3.2370
2010-06-25,3.2470
2010-06-28,3.2220
2010-06-29,3.2520
2010-06-30,3.2360
2010-07-01,3.2380
2010-07-02,3.2225
2010-07-05,.
2010-07-06,3.2030
2010-07-07,3.2200
2010-07-08,3.2035
2010-07-09,3.1930
2010-07-12,3.2020
2010-07-13,3.2025
2010-07-14,3.1970
2010-07-15,3.2000
2010-07-16,3.2045
2010-07-19,3.2230
2010-07-20,3.2100
2010-07-21,3.2150
2010-07-22,3.2040
2010-07-23,3.1950
2010-07-26,3.1950
2010-07-27,3.1820
2010-07-28,3.1930
2010-07-29,3.1890
2010-07-30,3.1825
2010-08-02,3.1595
2010-08-03,3.1570
2010-08-04,3.1670
2010-08-05,3.1560
2010-08-06,3.1480
2010-08-09,3.1400
2010-08-10,3.1555
2010-08-11,3.1700
2010-08-12,3.1825
2010-08-13,3.1660
2010-08-16,3.1800
2010-08-17,3.1548
2010-08-18,3.1430
2010-08-19,3.1298
2010-08-20,3.1408
2010-08-23,3.1308
2010-08-24,3.1418
2010-08-25,3.1458
2010-08-26,3.1388
2010-08-27,3.1383
2010-08-30,3.1398
2010-08-31,3.1490
2010-09-01,3.1300
2010-09-02,3.1265
2010-09-03,3.1138
2010-09-06,.
2010-09-07,3.1238
2010-09-08,3.1058
2010-09-09,3.1058
2010-09-10,3.1018
2010-09-13,3.1000
2010-09-14,3.0988
2010-09-15,3.1160
2010-09-16,3.1160
2010-09-17,3.1010
2010-09-20,3.1015
2010-09-21,3.1000
2010-09-22,3.0900
2010-09-23,3.0930
2010-09-24,3.0920
2010-09-27,3.0900
2010-09-28,3.0915
2010-09-29,3.0840
2010-09-30,3.0860
2010-10-01,3.0850
2010-10-04,3.0900
2010-10-05,3.0950
2010-10-06,3.0930
2010-10-07,3.0890
2010-10-08,3.1130
2010-10-11,.
2010-10-12,3.1070
2010-10-13,3.0915
2010-10-14,3.0820
2010-10-15,3.0820
2010-10-18,3.0955
2010-10-19,3.1070
2010-10-20,3.1200
2010-10-21,3.1045
2010-10-22,3.1130
2010-10-25,3.0920
2010-10-26,3.0950
2010-10-27,3.1060
2010-10-28,3.1080
2010-10-29,3.1100
2010-11-01,3.0900
2010-11-02,3.0875
2010-11-03,3.0840
2010-11-04,3.0820
2010-11-05,3.0820
2010-11-08,3.0910
2010-11-09,3.0950
2010-11-10,3.0870
2010-11-11,.
2010-11-12,3.1090
2010-11-15,3.1370
2010-11-16,3.1290
2010-11-17,3.1290
2010-11-18,3.1180
2010-11-19,3.1130
2010-11-22,3.1000
2010-11-23,3.1270
2010-11-24,3.1350
2010-11-25,.
2010-11-26,3.1525
2010-11-29,3.1500
2010-11-30,3.1650
2010-12-01,3.1500
2010-12-02,3.1510
2010-12-03,3.1460
2010-12-06,3.1430
2010-12-07,3.1430
2010-12-08,3.1445
2010-12-09,3.1400
2010-12-10,3.1310
2010-12-13,3.1380
2010-12-14,3.1270
2010-12-15,3.1360
2010-12-16,3.1350
2010-12-17,3.1320
2010-12-20,3.1435
2010-12-21,3.1330
2010-12-22,3.1300
2010-12-23,3.1150
2010-12-24,.
2010-12-27,3.0935
2010-12-28,3.0930
2010-12-29,3.0880
2010-12-30,3.0820
2010-12-31,.
2011-01-03,3.0635
2011-01-04,3.0635
2011-01-05,3.0660
2011-01-06,3.0700
2011-01-07,3.0680
2011-01-10,3.0780
2011-01-11,3.0700
2011-01-12,3.0608
2011-01-13,3.0530
2011-01-14,3.0580
2011-01-17,.
2011-01-18,3.0560
2011-01-19,3.0510
2011-01-20,3.0510
2011-01-21,3.0600
2011-01-24,3.0540
2011-01-25,3.0510
2011-01-26,3.0500
2011-01-27,3.0515
2011-01-28,3.0540
2011-01-31,3.0600
2011-02-01,3.0600
2011-02-02,3.0420
2011-02-03,3.0420
2011-02-04,3.0420
2011-02-07,3.0360
2011-02-08,3.0320
2011-02-09,3.0370
2011-02-10,3.0440
2011-02-11,3.0510
2011-02-14,3.0520
2011-02-15,3.0520
2011-02-16,3.0430
2011-02-17,3.0440
2011-02-18,3.0330
2011-02-21,.
2011-02-22,3.0410
2011-02-23,3.0460
2011-02-24,3.0640
2011-02-25,3.0510
2011-02-28,3.0490
2011-03-01,3.0330
2011-03-02,3.0345
2011-03-03,3.0300
2011-03-04,3.0280
2011-03-07,3.0290
2011-03-08,3.0320
2011-03-09,3.0315
2011-03-10,3.0345
2011-03-11,3.0380
2011-03-14,3.0365
2011-03-15,3.0650
2011-03-16,3.0490
2011-03-17,3.0530
2011-03-18,3.0510
2011-03-21,3.0310
2011-03-22,3.0280
2011-03-23,3.0255
2011-03-24,3.0265
2011-03-25,3.0250
2011-03-28,3.0250
2011-03-29,3.0285
2011-03-30,3.0255
2011-03-31,3.0250
2011-04-01,3.0255
2011-04-04,3.0254
2011-04-05,3.0250
2011-04-06,3.0240
2011-04-07,3.0280
2011-04-08,3.0215
2011-04-11,3.0190
2011-04-12,3.0260
2011-04-13,3.0230
2011-04-14,3.0215
2011-04-15,3.0215
2011-04-18,3.0220
2011-04-19,3.0230
2011-04-20,3.0150
2011-04-21,3.0070
2011-04-22,3.0030
2011-04-25,2.9920
2011-04-26,2.9880
2011-04-27,2.9770
2011-04-28,2.9640
2011-04-29,2.9610
2011-05-02,2.9610
2011-05-03,2.9730
2011-05-04,2.9740
2011-05-05,2.9975
2011-05-06,3.0010
2011-05-09,2.9865
2011-05-10,2.9870
2011-05-11,2.9790
2011-05-12,3.0120
2011-05-13,3.0000
2011-05-16,3.0420
2011-05-17,3.0400
2011-05-18,3.0310
2011-05-19,3.0295
2011-05-20,3.0100
2011-05-23,3.0580
2011-05-24,3.0485
2011-05-25,3.0600
2011-05-26,3.0430
2011-05-27,3.0250
2011-05-30,.
2011-05-31,3.0080
2011-06-01,3.0080
2011-06-02,3.0150
2011-06-03,3.0080
2011-06-06,3.0040
2011-06-07,3.0035
2011-06-08,3.0150
2011-06-09,3.0205
2011-06-10,3.0190
2011-06-13,3.0400
2011-06-14,3.0290
2011-06-15,3.0310
2011-06-16,3.0470
2011-06-17,3.0355
2011-06-20,3.0425
2011-06-21,3.0280
2011-06-22,3.0231
2011-06-23,3.0300
2011-06-24,3.0380
2011-06-27,3.0560
2011-06-28,3.0470
2011-06-29,3.0330
2011-06-30,3.0180
2011-07-01,3.0080
2011-07-04,.
2011-07-05,3.0070
2011-07-06,3.0103
2011-07-07,3.0080
2011-07-08,2.9915
2011-07-11,3.0080
2011-07-12,3.0310
2011-07-13,3.0180
2011-07-14,3.0040
2011-07-15,3.0050
2011-07-18,3.0125
2011-07-19,3.0050
2011-07-20,2.9960
2011-07-21,2.9935
2011-07-22,2.9735
2011-07-25,2.9715
2011-07-26,2.9535
2011-07-27,2.9410
2011-07-28,2.9470
2011-07-29,2.9640
2011-08-01,2.9370
2011-08-02,2.9570
2011-08-03,2.9650
2011-08-04,2.9790
2011-08-05,3.0080
2011-08-08,3.0170
2011-08-09,3.0230
2011-08-10,3.0040
2011-08-11,2.9965
2011-08-12,2.9990
2011-08-15,2.9810
2011-08-16,2.9790
2011-08-17,2.9740
2011-08-18,2.9800
2011-08-19,2.9800
2011-08-22,2.9630
2011-08-23,2.9635
2011-08-24,2.9750
2011-08-25,2.9870
2011-08-26,2.9850
2011-08-29,2.9810
2011-08-30,2.9810
2011-08-31,2.9810
2011-09-01,2.9880
2011-09-02,2.9620
2011-09-05,.
2011-09-06,2.9800
2011-09-07,2.9820
2011-09-08,2.9900
2011-09-09,3.0050
2011-09-12,3.0288
2011-09-13,3.0540
2011-09-14,3.0772
2011-09-15,3.0880
2011-09-16,3.0880
2011-09-19,3.1135
2011-09-20,3.1170
2011-09-21,3.1235
2011-09-22,3.1470
2011-09-23,3.1650
2011-09-26,3.1802
2011-09-27,3.1430
2011-09-28,3.1600
2011-09-29,3.1770
2011-09-30,3.1900
2011-10-03,3.2090
2011-10-04,3.1960
2011-10-05,3.1890
2011-10-06,3.1770
2011-10-07,3.1560
2011-10-10,.
2011-10-11,3.1400
2011-10-12,3.1240
2011-10-13,3.1390
2011-10-14,3.1250
2011-10-17,3.0988
2011-10-18,3.1320
2011-10-19,3.1030
2011-10-20,3.1230
2011-10-21,3.1470
2011-10-24,3.1330
2011-10-25,3.1260
2011-10-26,3.1260
2011-10-27,3.1000
2011-10-28,3.0620
2011-10-31,3.0670
2011-11-01,3.1180
2011-11-02,3.1300
2011-11-03,3.1400
2011-11-04,3.1115
2011-11-07,3.1200
2011-11-08,3.1250
2011-11-09,3.1095
2011-11-10,3.1500
2011-11-11,.
2011-11-14,3.1340
2011-11-15,3.1525
2011-11-16,3.1490
2011-11-17,3.1555
2011-11-18,3.1600
2011-11-21,3.1820
2011-11-22,3.1760
2011-11-23,3.1820
2011-11-24,.
2011-11-25,3.1950
2011-11-28,3.1950
2011-11-29,3.1790
2011-11-30,3.1770
2011-12-01,3.1380
2011-12-02,3.1280
2011-12-05,3.1325
2011-12-06,3.1345
2011-12-07,3.1220
2011-12-08,3.1310
2011-12-09,3.1510
2011-12-12,3.1600
2011-12-13,3.1800
2011-12-14,3.1820
2011-12-15,3.1850
2011-12-16,3.1770
2011-12-19,3.1810
2011-12-20,3.1768
2011-12-21,3.1610
2011-12-22,3.1650
2011-12-23,3.1550
2011-12-26,.
2011-12-27,3.1710
2011-12-28,3.1640
2011-12-29,3.1760
2011-12-30,3.1690
2012-01-02,.
2012-01-03,3.1475
2012-01-04,3.1350
2012-01-05,3.1470
2012-01-06,3.1450
2012-01-09,3.1520
2012-01-10,3.1360
2012-01-11,3.1380
2012-01-12,3.1400
2012-01-13,3.1330
2012-01-16,.
2012-01-17,3.1220
2012-01-18,3.1177
2012-01-19,3.1040
2012-01-20,3.1050
2012-01-23,3.1050
2012-01-24,3.1050
2012-01-25,3.0755
2012-01-26,3.0400
2012-01-27,3.0410
2012-01-30,3.0550
2012-01-31,3.0400
2012-02-01,3.0456
2012-02-02,3.0160
2012-02-03,3.0100
2012-02-06,3.0100
2012-02-07,3.0100
2012-02-08,3.0015
2012-02-09,3.0061
2012-02-10,3.0350
2012-02-13,3.0245
2012-02-14,3.0445
2012-02-15,3.0340
2012-02-16,3.0570
2012-02-17,3.0420
2012-02-20,.
2012-02-21,3.0234
2012-02-22,3.0260
2012-02-23,3.0135
2012-02-24,3.0146
2012-02-27,3.0225
2012-02-28,3.0090
2012-02-29,2.9940
2012-03-01,3.0000
2012-03-02,2.9960
2012-03-05,3.0190
2012-03-06,3.0231
2012-03-07,3.0245
2012-03-08,3.0080
2012-03-09,3.0080
2012-03-12,3.0250
2012-03-13,3.0280
2012-03-14,3.0500
2012-03-15,3.0575
2012-03-16,3.0560
2012-03-19,3.0505
2012-03-20,3.0800
2012-03-21,3.0730
2012-03-22,3.0887
2012-03-23,3.0752
2012-03-26,3.0730
2012-03-27,3.0555
2012-03-28,3.0630
2012-03-29,3.0630
2012-03-30,3.0605
2012-04-02,3.0525
2012-04-03,3.0460
2012-04-04,3.0620
2012-04-05,3.0650
2012-04-06,3.0630
2012-04-09,3.0700
2012-04-10,3.0645
2012-04-11,3.0645
2012-04-12,3.0690
2012-04-13,3.0551
2012-04-16,3.0720
2012-04-17,3.0660
2012-04-18,3.0617
2012-04-19,3.0645
2012-04-20,3.0593
2012-04-23,3.0665
2012-04-24,3.0655
2012-04-25,3.0549
2012-04-26,3.0436
2012-04-27,3.0415
2012-04-30,3.0232
2012-05-01,3.0315
2012-05-02,3.0256
2012-05-03,3.0322
2012-05-04,3.0460
2012-05-07,3.0510
2012-05-08,3.0530
2012-05-09,3.0680
2012-05-10,3.0650
2012-05-11,3.0700
2012-05-14,3.0820
2012-05-15,3.0885
2012-05-16,3.1143
2012-05-17,3.1168
2012-05-18,3.1350
2012-05-21,3.1320
2012-05-22,3.1180
2012-05-23,3.1430
2012-05-24,3.1470
2012-05-25,3.1526
2012-05-28,.
2012-05-29,3.1485
2012-05-30,3.1615
2012-05-31,3.1700
2012-06-01,3.1970
2012-06-04,3.1980
2012-06-05,3.1980
2012-06-06,3.1740
2012-06-07,3.1590
2012-06-08,3.1830
2012-06-11,3.1835
2012-06-12,3.1784
2012-06-13,3.1717
2012-06-14,3.1746
2012-06-15,3.1580
2012-06-18,3.1560
2012-06-19,3.1550
2012-06-20,3.1540
2012-06-21,3.1750
2012-06-22,3.1890
2012-06-25,3.1950
2012-06-26,3.1915
2012-06-27,3.1910
2012-06-28,3.1940
2012-06-29,3.1680
2012-07-02,3.1620
2012-07-03,3.1505
2012-07-04,.
2012-07-05,3.1600
2012-07-06,3.1700
2012-07-09,3.1880
2012-07-10,3.1730
2012-07-11,3.1750
2012-07-12,3.1890
2012-07-13,3.1825
2012-07-16,3.1798
2012-07-17,3.1630
2012-07-18,3.1590
2012-07-19,3.1490
2012-07-20,3.1530
2012-07-23,3.1720
2012-07-24,3.1770
2012-07-25,3.1720
2012-07-26,3.1620
2012-07-27,3.1600
2012-07-30,3.1505
2012-07-31,3.1230
2012-08-01,3.1130
2012-08-02,3.1240
2012-08-03,3.1245
2012-08-06,3.1050
2012-08-07,3.1005
2012-08-08,3.1020
2012-08-09,3.0995
2012-08-10,3.1155
2012-08-13,3.1150
2012-08-14,3.1135
2012-08-15,3.1220
2012-08-16,3.1310
2012-08-17,3.1300
2012-08-20,3.1315
2012-08-21,3.1275
2012-08-22,3.1175
2012-08-23,3.0930
2012-08-24,3.0985
2012-08-27,3.1080
2012-08-28,3.1140
2012-08-29,3.1200
2012-08-30,3.1230
2012-08-31,3.1230
2012-09-03,.
2012-09-04,3.1061
2012-09-05,3.1135
2012-09-06,3.1150
2012-09-07,3.1100
2012-09-10,3.1010
2012-09-11,3.0870
2012-09-12,3.0710
2012-09-13,3.0790
2012-09-14,3.0350
2012-09-17,3.0350
2012-09-18,3.0600
2012-09-19,3.0590
2012-09-20,3.0675
2012-09-21,3.0490
2012-09-24,3.0716
2012-09-25,3.0705
2012-09-26,3.0805
2012-09-27,3.0710
2012-09-28,3.0587
2012-10-01,3.0590
2012-10-02,3.0500
2012-10-03,3.0560
2012-10-04,3.0525
2012-10-05,3.0530
2012-10-08,.
2012-10-09,3.0710
2012-10-10,3.0722
2012-10-11,3.0655
2012-10-12,3.0570
2012-10-15,3.0560
2012-10-16,3.0506
2012-10-17,3.0345
2012-10-18,3.0345
2012-10-19,3.0490
2012-10-22,3.0510
2012-10-23,3.0555
2012-10-24,3.0570
2012-10-25,3.0380
2012-10-26,3.0380
2012-10-29,3.0560
2012-10-30,3.0515
2012-10-31,3.0445
2012-11-01,3.0510
2012-11-02,3.0475
2012-11-05,3.0620
2012-11-06,3.0600
2012-11-07,3.0475
2012-11-08,3.0620
2012-11-09,3.0610
2012-11-12,.
2012-11-13,3.0625
2012-11-14,3.0595
2012-11-15,3.0595
2012-11-16,3.0700
2012-11-19,3.0580
2012-11-20,3.0590
2012-11-21,3.0595
2012-11-22,.
2012-11-23,3.0580
2012-11-26,3.0540
2012-11-27,3.0445
2012-11-28,3.0520
2012-11-29,3.0440
2012-11-30,3.0390
2012-12-03,3.0410
2012-12-04,3.0420
2012-12-05,3.0405
2012-12-06,3.0460
2012-12-07,3.0545
2012-12-10,3.0580
2012-12-11,3.0555
2012-12-12,3.0500
2012-12-13,3.0530
2012-12-14,3.0550
2012-12-17,3.0560
2012-12-18,3.0545
2012-12-19,3.0525
2012-12-20,3.0540
2012-12-21,3.0585
2012-12-24,3.0640
2012-12-25,.
2012-12-26,3.0628
2012-12-27,3.0590
2012-12-28,3.0600
2012-12-31,3.0570
2013-01-01,.
2013-01-02,3.0340
2013-01-03,3.0300
2013-01-04,3.0471
2013-01-07,3.0415
2013-01-08,3.0436
2013-01-09,3.0383
2013-01-10,3.0218
2013-01-11,3.0190
2013-01-14,3.0150
2013-01-15,3.0095
2013-01-16,3.0180
2013-01-17,3.0135
2013-01-18,3.0120
2013-01-21,.
2013-01-22,3.0410
2013-01-23,3.0400
2013-01-24,3.0400
2013-01-25,3.0430
2013-01-28,3.0825
2013-01-29,3.0770
2013-01-30,3.0820
2013-01-31,3.1050
2013-02-01,3.1080
2013-02-04,3.0920
2013-02-05,3.0870
2013-02-06,3.0970
2013-02-07,3.0905
2013-02-08,3.0970
2013-02-11,3.0970
2013-02-12,3.0970
2013-02-13,3.0890
2013-02-14,3.0890
2013-02-15,3.0930
2013-02-18,.
2013-02-19,3.1010
2013-02-20,3.0950
2013-02-21,3.1093
2013-02-22,3.1000
2013-02-25,3.0980
2013-02-26,3.1000
2013-02-27,3.1000
2013-02-28,3.0910
2013-03-01,3.0930
2013-03-04,3.1055
2013-03-05,3.1010
2013-03-06,3.1035
2013-03-07,3.1060
2013-03-08,3.1045
2013-03-11,3.1105
2013-03-12,3.1075
2013-03-13,3.1075
2013-03-14,3.1110
2013-03-15,3.1195
2013-03-18,3.1300
2013-03-19,3.1215
2013-03-20,3.1210
2013-03-21,3.1200
2013-03-22,3.1110
2013-03-25,3.0970
2013-03-26,3.0950
2013-03-27,3.1000
2013-03-28,3.0970
2013-03-29,3.0930
2013-04-01,3.0920
2013-04-02,3.0870
2013-04-03,3.0820
2013-04-04,3.0750
2013-04-05,3.0566
2013-04-08,3.0590
2013-04-09,3.0350
2013-04-10,3.0285
2013-04-11,3.0340
2013-04-12,3.0410
2013-04-15,3.0400
2013-04-16,3.0390
2013-04-17,3.0290
2013-04-18,3.0320
2013-04-19,3.0346
2013-04-22,3.0470
2013-04-23,3.0560
2013-04-24,3.0475
2013-04-25,3.0350
2013-04-26,3.0330
2013-04-29,3.0315
2013-04-30,3.0415
2013-05-01,3.0415
2013-05-02,3.0493
2013-05-03,3.0330
2013-05-06,2.9760
2013-05-07,2.9810
2013-05-08,2.9620
2013-05-09,2.9725
2013-05-10,2.9850
2013-05-13,2.9950
2013-05-14,2.9860
2013-05-15,3.0020
2013-05-16,3.0100
2013-05-17,3.0200
2013-05-20,3.0125
2013-05-21,3.0170
2013-05-22,3.0200
2013-05-23,3.0330
2013-05-24,3.0330
2013-05-27,.
2013-05-28,3.0400
2013-05-29,3.0780
2013-05-30,3.0720
2013-05-31,3.0940
2013-06-03,3.0980
2013-06-04,3.0930
2013-06-05,3.0820
2013-06-06,3.0815
2013-06-07,3.0920
2013-06-10,3.1270
2013-06-11,3.1460
2013-06-12,3.1300
2013-06-13,3.1310
2013-06-14,3.1140
2013-06-17,3.1310
2013-06-18,3.1535
2013-06-19,3.1500
2013-06-20,3.1971
2013-06-21,3.2020
2013-06-24,3.2201
2013-06-25,3.1830
2013-06-26,3.2025
2013-06-27,3.1735
2013-06-28,3.1580
2013-07-01,3.1630
2013-07-02,3.1685
2013-07-03,3.1846
2013-07-04,.
2013-07-05,3.1870
2013-07-08,3.2080
2013-07-09,3.1850
2013-07-10,3.1790
2013-07-11,3.1670
2013-07-12,3.1740
2013-07-15,3.1890
2013-07-16,3.1870
2013-07-17,3.1900
2013-07-18,3.1930
2013-07-19,3.1925
2013-07-22,3.1790
2013-07-23,3.1770
2013-07-24,3.1860
2013-07-25,3.1960
2013-07-26,3.2065
2013-07-29,3.2240
2013-07-30,3.2330
2013-07-31,3.2450
2013-08-01,3.2410
2013-08-02,3.2560
2013-08-05,3.2300
2013-08-06,3.2450
2013-08-07,3.2530
2013-08-08,3.2530
2013-08-09,3.2530
2013-08-12,3.2470
2013-08-13,3.2570
2013-08-14,3.2735
2013-08-15,3.2760
2013-08-16,3.2750
2013-08-19,3.2845
2013-08-20,3.2870
2013-08-21,3.2900
2013-08-22,3.3090
2013-08-23,3.3000
2013-08-26,3.3035
2013-08-27,3.3300
2013-08-28,3.3330
2013-08-29,3.3100
2013-08-30,3.2850
2013-09-02,.
2013-09-03,3.2850
2013-09-04,3.2810
2013-09-05,3.3030
2013-09-06,3.3270
2013-09-09,3.2910
2013-09-10,3.2750
2013-09-11,3.2580
2013-09-12,3.2761
2013-09-13,3.2880
2013-09-16,3.2880
2013-09-17,3.2455
2013-09-18,3.2320
2013-09-19,3.1455
2013-09-20,3.1640
2013-09-23,3.1990
2013-09-24,3.2150
2013-09-25,3.2210
2013-09-26,3.2145
2013-09-27,3.2260
2013-09-30,3.2560
2013-10-01,3.2320
2013-10-02,3.2255
2013-10-03,3.1925
2013-10-04,3.1800
2013-10-07,3.1880
2013-10-08,3.1950
2013-10-09,3.1945
2013-10-10,3.1900
2013-10-11,3.1785
2013-10-14,.
2013-10-15,3.1800
2013-10-16,3.1710
2013-10-17,3.1470
2013-10-18,3.1570
2013-10-21,3.1670
2013-10-22,3.1730
2013-10-23,3.1630
2013-10-24,3.1580
2013-10-25,3.1425
2013-10-28,3.1335
2013-10-29,3.1455
2013-10-30,3.1470
2013-10-31,3.1550
2013-11-01,3.1700
2013-11-04,3.1715
2013-11-05,3.1715
2013-11-06,3.1775
2013-11-07,3.1830
2013-11-08,3.1775
2013-11-11,.
2013-11-12,3.2100
2013-11-13,3.2100
2013-11-14,3.2030
2013-11-15,3.2030
2013-11-18,3.1845
2013-11-19,3.1770
2013-11-20,3.1790
2013-11-21,3.2091
2013-11-22,3.2120
2013-11-25,3.2170
2013-11-26,3.2190
2013-11-27,3.2290
2013-11-28,.
2013-11-29,3.2230
2013-12-02,3.2080
2013-12-03,3.2165
2013-12-04,3.2250
2013-12-05,3.2275
2013-12-06,3.2320
2013-12-09,3.2025
2013-12-10,3.2065
2013-12-11,3.2140
2013-12-12,3.2290
2013-12-13,3.2320
2013-12-16,3.2390
2013-12-17,3.2470
2013-12-18,3.2570
2013-12-19,3.2730
2013-12-20,3.2860
2013-12-23,3.2900
2013-12-24,3.2920
2013-12-25,.
2013-12-26,3.2960
2013-12-27,3.2880
2013-12-30,3.2930
2013-12-31,3.2770
2014-01-01,.
2014-01-02,3.2850
2014-01-03,3.2850
2014-01-06,3.2835
2014-01-07,3.2830
2014-01-08,3.2710
2014-01-09,3.2750
2014-01-10,3.2680
2014-01-13,3.2600
2014-01-14,3.2600
2014-01-15,3.2860
2014-01-16,3.2960
2014-01-17,3.2960
2014-01-20,.
2014-01-21,3.3230
2014-01-22,3.3220
2014-01-23,3.3290
2014-01-24,3.3330
2014-01-27,3.3435
2014-01-28,3.3340
2014-01-29,3.3365
2014-01-30,3.3450
2014-01-31,3.3450
2014-02-03,3.3450
2014-02-04,3.3235
2014-02-05,3.3125
2014-02-06,3.3215
2014-02-07,3.3290
2014-02-10,3.3350
2014-02-11,3.3265
2014-02-12,3.3210
2014-02-13,3.3235
2014-02-14,3.3065
2014-02-17,.
2014-02-18,3.3030
2014-02-19,3.2930
2014-02-20,3.3060
2014-02-21,3.2930
2014-02-24,3.2815
2014-02-25,3.2820
2014-02-26,3.2680
2014-02-27,3.2820
2014-02-28,3.2760
2014-03-03,3.2810
2014-03-04,3.2770
2014-03-05,3.2695
2014-03-06,3.2570
2014-03-07,3.2565
2014-03-10,3.2805
2014-03-11,3.2800
2014-03-12,3.2870
2014-03-13,3.2690
2014-03-14,3.2780
2014-03-17,3.2755
2014-03-18,3.2740
2014-03-19,3.2760
2014-03-20,3.2950
2014-03-21,3.3070
2014-03-24,3.2990
2014-03-25,3.3015
2014-03-26,3.2960
2014-03-27,3.2885
2014-03-28,3.2710
2014-03-31,3.2630
2014-04-01,3.2620
2014-04-02,3.2690
2014-04-03,3.2810
2014-04-04,3.2785
2014-04-07,3.2710
2014-04-08,3.2385
2014-04-09,3.2260
2014-04-10,3.2220
2014-04-11,3.2350
2014-04-14,3.2495
2014-04-15,3.2410
2014-04-16,3.2410
2014-04-17,3.2370
2014-04-18,3.2390
2014-04-21,3.2500
2014-04-22,3.2640
2014-04-23,3.2645
2014-04-24,3.2675
2014-04-25,3.2670
2014-04-28,3.2645
2014-04-29,3.2575
2014-04-30,3.2610
2014-05-01,3.2610
2014-05-02,3.2655
2014-05-05,3.2515
2014-05-06,3.2505
2014-05-07,3.2490
2014-05-08,3.2358
2014-05-09,3.2270
2014-05-12,3.2365
2014-05-13,3.2293
2014-05-14,3.2180
2014-05-15,3.2244
2014-05-16,3.2320
2014-05-19,3.2095
2014-05-20,3.2180
2014-05-21,3.2130
2014-05-22,3.2100
2014-05-23,3.2105
2014-05-26,.
2014-05-27,3.2170
2014-05-28,3.2250
2014-05-29,3.2130
2014-05-30,3.2150
2014-06-02,3.2265
2014-06-03,3.2290
2014-06-04,3.2380
2014-06-05,3.2275
2014-06-06,3.2115
2014-06-09,3.1965
2014-06-10,3.2060
2014-06-11,3.2100
2014-06-12,3.2065
2014-06-13,3.2170
2014-06-16,3.2240
2014-06-17,3.2205
2014-06-18,3.2325
2014-06-19,3.2120
2014-06-20,3.2225
2014-06-23,3.2160
2014-06-24,3.2120
2014-06-25,3.2230
2014-06-26,3.2160
2014-06-27,3.2110
2014-06-30,3.2095
2014-07-01,3.2060
2014-07-02,3.2020
2014-07-03,3.1930
2014-07-04,.
2014-07-07,3.1880
2014-07-08,3.1700
2014-07-09,3.1710
2014-07-10,3.1800
2014-07-11,3.1840
2014-07-14,3.1790
2014-07-15,3.1790
2014-07-16,3.1870
2014-07-17,3.1755
2014-07-18,3.1820
2014-07-21,3.1715
2014-07-22,3.1740
2014-07-23,3.1665
2014-07-24,3.1740
2014-07-25,3.1730
2014-07-28,3.1700
2014-07-29,3.1730
2014-07-30,3.1825
2014-07-31,3.1960
2014-08-01,3.2110
2014-08-04,3.2010
2014-08-05,3.1865
2014-08-06,3.1985
2014-08-07,3.2065
2014-08-08,3.2060
2014-08-11,3.1965
2014-08-12,3.1945
2014-08-13,3.1920
2014-08-14,3.1945
2014-08-15,3.1530
2014-08-18,3.1550
2014-08-19,3.1550
2014-08-20,3.1660
2014-08-21,3.1690
2014-08-22,3.1600
2014-08-25,3.1610
2014-08-26,3.1585
2014-08-27,3.1465
2014-08-28,3.1475
2014-08-29,3.1500
2014-09-01,.
2014-09-02,3.1785
2014-09-03,3.1775
2014-09-04,3.1770
2014-09-05,3.1830
2014-09-08,3.1730
2014-09-09,3.1885
2014-09-10,3.2000
2014-09-11,3.1920
2014-09-12,3.1960
2014-09-15,3.2250
2014-09-16,3.2250
2014-09-17,3.2160
2014-09-18,3.2300
2014-09-19,3.2305
2014-09-22,3.2420
2014-09-23,3.2435
2014-09-24,3.2400
2014-09-25,3.2515
2014-09-26,3.2570
2014-09-29,3.2770
2014-09-30,3.2790
2014-10-01,3.2710
2014-10-02,3.2500
2014-10-03,3.2560
2014-10-06,3.2560
2014-10-07,3.2580
2014-10-08,3.2715
2014-10-09,3.2390
2014-10-10,3.2560
2014-10-13,.
2014-10-14,3.2650
2014-10-15,3.2770
2014-10-16,3.2800
2014-10-17,3.2740
2014-10-20,3.2710
2014-10-21,3.2610
2014-10-22,3.2610
2014-10-23,3.2715
2014-10-24,3.2770
2014-10-27,3.2745
2014-10-28,3.2725
2014-10-29,3.2710
2014-10-30,3.2875
2014-10-31,3.2895
2014-11-03,3.3160
2014-11-04,3.3280
2014-11-05,3.3410
2014-11-06,3.3355
2014-11-07,3.3450
2014-11-10,3.3295
2014-11-11,.
2014-11-12,3.3335
2014-11-13,3.3360
2014-11-14,3.3460
2014-11-17,3.3460
2014-11-18,3.3515
2014-11-19,3.3590
2014-11-20,3.3650
2014-11-21,3.3525
2014-11-24,3.3510
2014-11-25,3.3515
2014-11-26,3.3500
2014-11-27,.
2014-11-28,3.3810
2014-12-01,3.4320
2014-12-02,3.4210
2014-12-03,3.4400
2014-12-04,3.4450
2014-12-05,3.4695
2014-12-08,3.4940
2014-12-09,3.4820
2014-12-10,3.4780
2014-12-11,3.4870
2014-12-12,3.4940
2014-12-15,3.4950
2014-12-16,3.4870
2014-12-17,3.4855
2014-12-18,3.4631
2014-12-19,3.4750
2014-12-22,3.4860
2014-12-23,3.4950
2014-12-24,3.4950
2014-12-25,.
2014-12-26,.
2014-12-29,3.4960
2014-12-30,3.4970
2014-12-31,3.4950
2015-01-01,.
2015-01-02,3.5150
2015-01-05,3.5320
2015-01-06,3.5555
2015-01-07,3.5800
2015-01-08,3.5650
2015-01-09,3.5610
2015-01-12,3.5660
2015-01-13,3.5920
2015-01-14,3.5925
2015-01-15,3.5620
2015-01-16,3.5570
2015-01-19,.
2015-01-20,3.6140
2015-01-21,3.6125
2015-01-22,3.6000
2015-01-23,3.6000
2015-01-26,3.6170
2015-01-27,3.5990
2015-01-28,3.6165
2015-01-29,3.6280
2015-01-30,3.6290
2015-02-02,3.6290
2015-02-03,3.6290
2015-02-04,3.5570
2015-02-05,3.5690
2015-02-06,3.5400
2015-02-09,3.5600
2015-02-10,3.5780
2015-02-11,3.5960
2015-02-12,3.6050
2015-02-13,3.5780
2015-02-16,.
2015-02-17,3.5830
2015-02-18,3.6180
2015-02-19,3.6180
2015-02-20,3.6180
2015-02-23,3.6330
2015-02-24,3.6400
2015-02-25,3.6030
2015-02-26,3.5820
2015-02-27,3.6100
2015-03-02,3.6300
2015-03-03,3.6240
2015-03-04,3.6445
2015-03-05,3.6480
2015-03-06,3.6510
2015-03-09,3.6770
2015-03-10,3.7000
2015-03-11,3.6970
2015-03-12,3.6890
2015-03-13,3.6870
2015-03-16,3.7035
2015-03-17,3.6960
2015-03-18,3.7060
2015-03-19,3.7025
2015-03-20,3.7290
2015-03-23,3.6945
2015-03-24,3.6470
2015-03-25,3.6645
2015-03-26,3.6570
2015-03-27,3.6830
2015-03-30,3.7115
2015-03-31,3.7020
2015-04-01,3.6975
2015-04-02,3.6690
2015-04-03,3.6680
2015-04-06,3.6300
2015-04-07,3.6345
2015-04-08,3.6270
2015-04-09,3.6270
2015-04-10,3.6632
2015-04-13,3.7050
2015-04-14,3.6990
2015-04-15,3.7030
2015-04-16,3.6540
2015-04-17,3.6240
2015-04-20,3.6200
2015-04-21,3.6313
2015-04-22,3.6100
2015-04-23,3.6220
2015-04-24,3.5820
2015-04-27,3.5655
2015-04-28,3.5540
2015-04-29,3.5580
2015-04-30,3.5600
2015-05-01,3.5600
2015-05-04,3.5600
2015-05-05,3.6100
2015-05-06,3.5700
2015-05-07,3.5925
2015-05-08,3.5950
2015-05-11,3.5985
2015-05-12,3.6150
2015-05-13,3.5965
2015-05-14,3.5800
2015-05-15,3.5620
2015-05-18,3.5680
2015-05-19,3.5900
2015-05-20,3.6125
2015-05-21,3.5941
2015-05-22,3.5820
2015-05-25,.
2015-05-26,3.6260
2015-05-27,3.6350
2015-05-28,3.6410
2015-05-29,3.6640
2015-06-01,3.6810
2015-06-02,3.6970
2015-06-03,3.6835
2015-06-04,3.6950
2015-06-05,3.7170
2015-06-08,3.7660
2015-06-09,3.7470
2015-06-10,3.7224
2015-06-11,3.7450
2015-06-12,3.7580
2015-06-15,3.7590
2015-06-16,3.7490
2015-06-17,3.7570
2015-06-18,3.7080
2015-06-19,3.7390
2015-06-22,3.7300
2015-06-23,3.7360
2015-06-24,3.7491
2015-06-25,3.7551
2015-06-26,3.7666
2015-06-29,3.7826
2015-06-30,3.7736
2015-07-01,3.7440
2015-07-02,3.7761
2015-07-03,.
2015-07-06,3.8071
2015-07-07,3.8061
2015-07-08,3.8056
2015-07-09,3.7945
2015-07-10,3.7925
2015-07-13,3.8052
2015-07-14,3.8048
2015-07-15,3.8042
2015-07-16,3.8060
2015-07-17,3.8048
2015-07-20,3.8071
2015-07-21,3.8067
2015-07-22,3.7905
2015-07-23,3.8050
2015-07-24,3.8086
2015-07-27,3.8176
2015-07-28,3.8131
2015-07-29,3.8127
2015-07-30,3.8156
2015-07-31,3.8156
2015-08-03,3.8502
2015-08-04,3.8506
2015-08-05,3.8766
2015-08-06,3.9040
2015-08-07,3.9241
2015-08-10,3.9270
2015-08-11,3.9270
2015-08-12,4.0375
2015-08-13,4.0080
2015-08-14,4.0791
2015-08-17,4.1020
2015-08-18,4.0791
2015-08-19,4.1041
2015-08-20,4.1350
2015-08-21,4.1726
2015-08-24,4.2580
2015-08-25,4.2104
2015-08-26,4.2480
2015-08-27,4.2285
2015-08-28,4.1949
2015-08-31,4.1920
2015-09-01,4.1640
2015-09-02,4.2070
2015-09-03,4.2350
2015-09-04,4.2560
2015-09-07,.
2015-09-08,4.3386
2015-09-09,4.3230
2015-09-10,4.3378
2015-09-11,4.3150
2015-09-14,4.3096
2015-09-15,4.3046
2015-09-16,4.3038
2015-09-17,4.2500
2015-09-18,4.2060
2015-09-21,4.2650
2015-09-22,4.2940
2015-09-23,4.3450
2015-09-24,4.3450
2015-09-25,4.3850
2015-09-28,4.4250
2015-09-29,4.4560
2015-09-30,4.3940
2015-10-01,4.4040
2015-10-02,4.4100
2015-10-05,4.3800
2015-10-06,4.3720
2015-10-07,4.2150
2015-10-08,4.2330
2015-10-09,4.1350
2015-10-12,.
2015-10-13,4.1770
2015-10-14,4.1770
2015-10-15,4.1200
2015-10-16,4.1700
2015-10-19,4.2050
2015-10-20,4.2600
2015-10-21,4.2750
2015-10-22,4.2800
2015-10-23,4.2220
2015-10-26,4.2220
2015-10-27,4.2600
2015-10-28,4.2664
2015-10-29,4.2935
2015-10-30,4.2920
2015-11-02,4.2920
2015-11-03,4.2920
2015-11-04,4.2630
2015-11-05,4.2920
2015-11-06,4.2920
2015-11-09,4.3675
2015-11-10,4.3675
2015-11-11,.
2015-11-12,4.3600
2015-11-13,4.3700
2015-11-16,4.3981
2015-11-17,4.3910
2015-11-18,4.3880
2015-11-19,4.3410
2015-11-20,4.2830
2015-11-23,4.3010
2015-11-24,4.2420
2015-11-25,4.2120
2015-11-26,.
2015-11-27,4.2550
2015-11-30,4.2420
2015-12-01,4.2420
2015-12-02,4.2420
2015-12-03,4.2420
2015-12-04,4.2420
2015-12-07,4.2120
2015-12-08,4.2550
2015-12-09,4.2660
2015-12-10,4.2560
2015-12-11,4.2900
2015-12-14,4.3240
2015-12-15,4.3000
2015-12-16,4.3120
2015-12-17,4.3150
2015-12-18,4.2870
2015-12-21,4.2970
2015-12-22,4.2900
2015-12-23,4.3050
2015-12-24,4.3050
2015-12-25,.
2015-12-28,4.2900
2015-12-29,4.2900
2015-12-30,4.2880
2015-12-31,4.2900
2016-01-01,.
2016-01-04,4.3420
2016-01-05,4.3400
2016-01-06,4.3890
2016-01-07,4.3900
2016-01-08,4.3750
2016-01-11,4.3800
2016-01-12,4.4090
2016-01-13,4.4090
2016-01-14,4.3900
2016-01-15,4.3965
2016-01-18,.
2016-01-19,4.3625
2016-01-20,4.3910
2016-01-21,4.3730
2016-01-22,4.2940
2016-01-25,4.2940
2016-01-26,4.2885
2016-01-27,4.2530
2016-01-28,4.2100
2016-01-29,4.1500
2016-02-01,4.1500
2016-02-02,4.2050
2016-02-03,4.2190
2016-02-04,4.1450
2016-02-05,4.1550
2016-02-08,4.1550
2016-02-09,4.1550
2016-02-10,4.1180
2016-02-11,4.1350
2016-02-12,4.1670
2016-02-15,.
2016-02-16,4.1500
2016-02-17,4.2125
2016-02-18,4.1600
2016-02-19,4.2030
2016-02-22,4.1940
2016-02-23,4.1980
2016-02-24,4.2150
2016-02-25,4.2160
2016-02-26,4.2070
2016-02-29,4.2000
2016-03-01,4.1650
2016-03-02,4.1600
2016-03-03,4.1300
2016-03-04,4.1110
2016-03-07,4.0800
2016-03-08,4.1100
2016-03-09,4.1210
2016-03-10,4.0900
2016-03-11,4.0860
2016-03-14,4.1010
2016-03-15,4.1320
2016-03-16,4.1350
2016-03-17,4.0565
2016-03-18,4.0465
2016-03-21,4.0585
2016-03-22,4.0000
2016-03-23,3.9930
2016-03-24,4.0270
2016-03-25,4.0350
2016-03-28,4.0110
2016-03-29,3.9955
2016-03-30,3.9380
2016-03-31,3.9000
2016-04-01,3.8890
2016-04-04,3.9020
2016-04-05,3.9220
2016-04-06,3.9140
2016-04-07,3.9110
2016-04-08,3.9000
2016-04-11,3.8870
2016-04-12,3.8780
2016-04-13,3.8700
2016-04-14,3.8900
2016-04-15,3.9000
2016-04-18,3.9250
2016-04-19,3.8820
2016-04-20,3.8620
2016-04-21,3.8880
2016-04-22,3.8960
2016-04-25,3.9010
2016-04-26,3.9200
2016-04-27,3.9100
2016-04-28,3.8900
2016-04-29,3.9030
2016-05-02,3.9030
2016-05-03,3.9270
2016-05-04,3.9860
2016-05-05,4.0020
2016-05-06,4.0060
2016-05-09,4.0100
2016-05-10,4.0530
2016-05-11,4.0330
2016-05-12,4.0170
2016-05-13,4.0270
2016-05-16,4.0250
2016-05-17,4.0160
2016-05-18,4.0450
2016-05-19,4.0780
2016-05-20,4.0780
2016-05-23,4.0840
2016-05-24,4.1200
2016-05-25,4.1010
2016-05-26,4.0780
2016-05-27,4.0760
2016-05-30,.
2016-05-31,4.1230
2016-06-01,4.1430
2016-06-02,4.1480
2016-06-03,4.1440
2016-06-06,4.0950
2016-06-07,4.0550
2016-06-08,4.0600
2016-06-09,4.0450
2016-06-10,4.0640
2016-06-13,4.0860
2016-06-14,4.1030
2016-06-15,4.0985
2016-06-16,4.0990
2016-06-17,4.0980
2016-06-20,4.0620
2016-06-21,4.0320
2016-06-22,4.0320
2016-06-23,4.0150
2016-06-24,4.0900
2016-06-27,4.1000
2016-06-28,4.0700
2016-06-29,4.0330
2016-06-30,4.0250
2016-07-01,3.9960
2016-07-04,.
2016-07-05,4.0200
2016-07-06,4.0200
2016-07-07,4.0200
2016-07-08,4.0300
2016-07-11,3.9930
2016-07-12,3.9600
2016-07-13,3.9700
2016-07-14,3.9500
2016-07-15,3.9450
2016-07-18,3.9750
2016-07-19,4.0000
2016-07-20,4.0240
2016-07-21,4.0380
2016-07-22,4.0535
2016-07-25,4.0620
2016-07-26,4.0580
2016-07-27,4.0735
2016-07-28,4.0470
2016-07-29,4.0670
2016-08-01,4.0215
2016-08-02,4.0300
2016-08-03,4.0560
2016-08-04,4.0490
2016-08-05,4.0250
2016-08-08,4.0350
2016-08-09,4.0280
2016-08-10,3.9880
2016-08-11,4.0020
2016-08-12,4.0260
2016-08-15,4.0050
2016-08-16,3.9830
2016-08-17,4.0100
2016-08-18,3.9925
2016-08-19,4.0105
2016-08-22,4.0200
2016-08-23,4.0250
2016-08-24,4.0350
2016-08-25,4.0100
2016-08-26,4.0130
2016-08-29,4.0425
2016-08-30,4.0480
2016-08-31,4.0480
2016-09-01,4.0740
2016-09-02,4.0830
2016-09-05,.
2016-09-06,4.0780
2016-09-07,4.0550
2016-09-08,4.0400
2016-09-09,4.0675
2016-09-12,4.0675
2016-09-13,4.1050
2016-09-14,4.1210
2016-09-15,4.1370
2016-09-16,4.1370
2016-09-19,4.1330
2016-09-20,4.1370
2016-09-21,4.1350
2016-09-22,4.1060
2016-09-23,4.1100
2016-09-26,4.1260
2016-09-27,4.1220
2016-09-28,4.1360
2016-09-29,4.1220
2016-09-30,4.1320
2016-10-03,4.1320
2016-10-04,4.1250
2016-10-05,4.1350
2016-10-06,4.1400
2016-10-07,4.1550
2016-10-10,.
2016-10-11,4.1700
2016-10-12,4.1900
2016-10-13,4.2110
2016-10-14,4.1980
2016-10-17,4.2150
2016-10-18,4.1925
2016-10-19,4.1900
2016-10-20,4.1810
2016-10-21,4.1830
2016-10-24,4.1750
2016-10-25,4.1550
2016-10-26,4.1590
2016-10-27,4.1820
2016-10-28,4.1970
2016-10-31,4.1900
2016-11-01,4.1790
2016-11-02,4.1890
2016-11-03,4.1850
2016-11-04,4.1790
2016-11-07,4.2070
2016-11-08,4.2000
2016-11-09,4.2240
2016-11-10,4.2700
2016-11-11,.
2016-11-14,4.3250
2016-11-15,4.3400
2016-11-16,4.3450
2016-11-17,4.3456
2016-11-18,4.4140
2016-11-21,4.4170
2016-11-22,4.4170
2016-11-23,4.4400
2016-11-24,.
2016-11-25,4.4530
2016-11-28,4.4600
2016-11-29,4.4640
2016-11-30,4.4640
2016-12-01,4.4610
2016-12-02,4.4500
2016-12-05,4.4470
2016-12-06,4.4330
2016-12-07,4.4300
2016-12-08,4.4200
2016-12-09,4.4215
2016-12-12,4.4215
2016-12-13,4.4340
2016-12-14,4.4440
2016-12-15,4.4620
2016-12-16,4.4763
2016-12-19,4.4765
2016-12-20,4.4780
2016-12-21,4.4770
2016-12-22,4.4760
2016-12-23,4.4725
2016-12-26,.
2016-12-27,4.4760
2016-12-28,4.4800
2016-12-29,4.4830
2016-12-30,4.4845
2017-01-02,.
2017-01-03,4.4900
2017-01-04,4.4960
2017-01-05,4.4830
2017-01-06,4.4710
2017-01-09,4.4750
2017-01-10,4.4730
2017-01-11,4.4700
2017-01-12,4.4560
2017-01-13,4.4600
2017-01-16,.
2017-01-17,4.4600
2017-01-18,4.4430
2017-01-19,4.4470
2017-01-20,.
2017-01-23,4.4360
2017-01-24,4.4330
2017-01-25,4.4370
2017-01-26,4.4270
2017-01-27,4.4300
2017-01-30,4.4300
2017-01-31,4.4280
2017-02-01,4.4280
2017-02-02,4.4220
2017-02-03,4.4260
