DATE,DEXNOUS
2007-02-05,6.2750
2007-02-06,6.2474
2007-02-07,6.2160
2007-02-08,6.2269
2007-02-09,6.2550
2007-02-12,6.2455
2007-02-13,6.2146
2007-02-14,6.1614
2007-02-15,6.1651
2007-02-16,6.1173
2007-02-19,.
2007-02-20,6.1365
2007-02-21,6.1427
2007-02-22,6.1414
2007-02-23,6.1246
2007-02-26,6.1161
2007-02-27,6.1115
2007-02-28,6.1316
2007-03-01,6.1551
2007-03-02,6.1607
2007-03-05,6.2500
2007-03-06,6.2226
2007-03-07,6.1983
2007-03-08,6.2010
2007-03-09,6.1780
2007-03-12,6.1347
2007-03-13,6.1290
2007-03-14,6.1404
2007-03-15,6.1263
2007-03-16,6.1113
2007-03-19,6.1271
2007-03-20,6.1573
2007-03-21,6.1586
2007-03-22,6.0967
2007-03-23,6.1007
2007-03-26,6.0864
2007-03-27,6.0994
2007-03-28,6.0802
2007-03-29,6.0910
2007-03-30,6.0774
2007-04-02,6.0992
2007-04-03,6.1114
2007-04-04,6.1178
2007-04-05,6.0698
2007-04-06,6.0930
2007-04-09,6.1007
2007-04-10,6.0259
2007-04-11,6.0259
2007-04-12,5.9994
2007-04-13,5.9914
2007-04-16,5.9551
2007-04-17,5.9554
2007-04-18,5.9725
2007-04-19,5.9622
2007-04-20,5.9560
2007-04-23,5.9664
2007-04-24,5.9490
2007-04-25,5.9612
2007-04-26,5.9823
2007-04-27,5.9676
2007-04-30,5.9441
2007-05-01,5.9702
2007-05-02,5.9682
2007-05-03,5.9823
2007-05-04,5.9695
2007-05-07,5.9700
2007-05-08,6.0115
2007-05-09,6.0076
2007-05-10,6.0512
2007-05-11,6.0475
2007-05-14,6.0524
2007-05-15,6.0101
2007-05-16,6.0450
2007-05-17,6.0592
2007-05-18,6.0468
2007-05-21,6.0669
2007-05-22,6.0385
2007-05-23,6.0157
2007-05-24,6.0318
2007-05-25,6.0159
2007-05-28,.
2007-05-29,6.0114
2007-05-30,6.0716
2007-05-31,6.0403
2007-06-01,6.0253
2007-06-04,5.9847
2007-06-05,5.9705
2007-06-06,5.9887
2007-06-07,5.9889
2007-06-08,6.0677
2007-06-11,6.0615
2007-06-12,6.0862
2007-06-13,6.0940
2007-06-14,6.0874
2007-06-15,6.0400
2007-06-18,6.0249
2007-06-19,6.0227
2007-06-20,5.9881
2007-06-21,5.9697
2007-06-22,5.9397
2007-06-25,5.9476
2007-06-26,5.9522
2007-06-27,5.9250
2007-06-28,5.8985
2007-06-29,5.8942
2007-07-02,5.8130
2007-07-03,5.8183
2007-07-04,.
2007-07-05,5.8300
2007-07-06,5.8054
2007-07-09,5.8073
2007-07-10,5.8096
2007-07-11,5.7906
2007-07-12,5.7380
2007-07-13,5.7368
2007-07-16,5.7263
2007-07-17,5.7247
2007-07-18,5.7205
2007-07-19,5.7276
2007-07-20,5.7160
2007-07-23,5.7244
2007-07-24,5.7427
2007-07-25,5.8038
2007-07-26,5.8166
2007-07-27,5.8858
2007-07-30,5.8483
2007-07-31,5.8086
2007-08-01,5.8268
2007-08-02,5.8024
2007-08-03,5.7582
2007-08-06,5.7741
2007-08-07,5.8158
2007-08-08,5.7625
2007-08-09,5.7968
2007-08-10,5.8376
2007-08-13,5.8595
2007-08-14,5.8770
2007-08-15,5.8934
2007-08-16,5.9846
2007-08-17,5.9405
2007-08-20,5.9226
2007-08-21,5.9457
2007-08-22,5.9055
2007-08-23,5.8707
2007-08-24,5.8264
2007-08-27,5.8251
2007-08-28,5.8353
2007-08-29,5.8231
2007-08-30,5.8262
2007-08-31,5.8210
2007-09-03,5.8210
2007-09-04,5.8154
2007-09-05,5.7812
2007-09-06,5.7645
2007-09-07,5.7481
2007-09-10,5.7058
2007-09-11,5.6770
2007-09-12,5.6236
2007-09-13,5.6372
2007-09-14,5.6324
2007-09-17,5.6205
2007-09-18,5.6427
2007-09-19,5.5810
2007-09-20,5.5259
2007-09-21,5.5318
2007-09-24,5.5162
2007-09-25,5.5105
2007-09-26,5.5046
2007-09-27,5.4632
2007-09-28,5.4095
2007-10-01,5.3674
2007-10-02,5.4234
2007-10-03,5.4267
2007-10-04,5.4462
2007-10-05,5.4051
2007-10-08,5.4051
2007-10-09,5.4469
2007-10-10,5.4294
2007-10-11,5.3688
2007-10-12,5.4200
2007-10-15,5.3761
2007-10-16,5.4089
2007-10-17,5.3894
2007-10-18,5.3730
2007-10-19,5.3694
2007-10-22,5.4738
2007-10-23,5.4070
2007-10-24,5.4539
2007-10-25,5.4110
2007-10-26,5.3603
2007-10-29,5.3554
2007-10-30,5.3487
2007-10-31,5.3867
2007-11-01,5.4220
2007-11-02,5.4142
2007-11-05,5.3785
2007-11-06,5.3483
2007-11-07,5.2903
2007-11-08,5.2619
2007-11-09,5.3177
2007-11-12,.
2007-11-13,5.4354
2007-11-14,5.4054
2007-11-15,5.4609
2007-11-16,5.4783
2007-11-19,5.5061
2007-11-20,5.3971
2007-11-21,5.4217
2007-11-22,5.4217
2007-11-23,5.3986
2007-11-26,5.4028
2007-11-27,5.4564
2007-11-28,5.4828
2007-11-29,5.5025
2007-11-30,5.5255
2007-12-03,5.5258
2007-12-04,5.4932
2007-12-05,5.4830
2007-12-06,5.4779
2007-12-07,5.4666
2007-12-10,5.4333
2007-12-11,5.4439
2007-12-12,5.4079
2007-12-13,5.4555
2007-12-14,5.5180
2007-12-17,5.5635
2007-12-18,5.5843
2007-12-19,5.5929
2007-12-20,5.5944
2007-12-21,5.5900
2007-12-24,5.5548
2007-12-25,.
2007-12-26,5.5221
2007-12-27,5.4567
2007-12-28,5.4047
2007-12-31,5.4310
2008-01-01,.
2008-01-02,5.4034
2008-01-03,5.3460
2008-01-04,5.3221
2008-01-07,5.3819
2008-01-08,5.3570
2008-01-09,5.3828
2008-01-10,5.2998
2008-01-11,5.2818
2008-01-14,5.2637
2008-01-15,5.2964
2008-01-16,5.4150
2008-01-17,5.4368
2008-01-18,5.4701
2008-01-21,.
2008-01-22,5.5006
2008-01-23,5.5487
2008-01-24,5.4463
2008-01-25,5.4772
2008-01-28,5.4639
2008-01-29,5.4326
2008-01-30,5.4458
2008-01-31,5.4126
2008-02-01,5.4046
2008-02-04,5.3970
2008-02-05,5.4943
2008-02-06,5.5103
2008-02-07,5.5546
2008-02-08,5.5345
2008-02-11,5.5216
2008-02-12,5.4782
2008-02-13,5.4760
2008-02-14,5.4228
2008-02-15,5.3876
2008-02-18,.
2008-02-19,5.3307
2008-02-20,5.3724
2008-02-21,5.3097
2008-02-22,5.3171
2008-02-25,5.3122
2008-02-26,5.2933
2008-02-27,5.1898
2008-02-28,5.1899
2008-02-29,5.2061
2008-03-03,5.1784
2008-03-04,5.1707
2008-03-05,5.1375
2008-03-06,5.1210
2008-03-07,5.1637
2008-03-10,5.1449
2008-03-11,5.1419
2008-03-12,5.1091
2008-03-13,5.1066
2008-03-14,5.1321
2008-03-17,5.1153
2008-03-18,5.1130
2008-03-19,5.1457
2008-03-20,5.2780
2008-03-21,5.2572
2008-03-24,5.2778
2008-03-25,5.1824
2008-03-26,5.0919
2008-03-27,5.0800
2008-03-28,5.1102
2008-03-31,5.0827
2008-04-01,5.1876
2008-04-02,5.1477
2008-04-03,5.1089
2008-04-04,5.0685
2008-04-07,5.0561
2008-04-08,5.0579
2008-04-09,5.0255
2008-04-10,5.0448
2008-04-11,5.0283
2008-04-14,5.0110
2008-04-15,5.0054
2008-04-16,4.9467
2008-04-17,4.9645
2008-04-18,5.0615
2008-04-21,5.0052
2008-04-22,4.9474
2008-04-23,4.9934
2008-04-24,5.0895
2008-04-25,5.1119
2008-04-28,5.0878
2008-04-29,5.1236
2008-04-30,5.1175
2008-05-01,5.1463
2008-05-02,5.1243
2008-05-05,5.0821
2008-05-06,5.0479
2008-05-07,5.1230
2008-05-08,5.1160
2008-05-09,5.0887
2008-05-12,5.0367
2008-05-13,5.0521
2008-05-14,5.0704
2008-05-15,5.0712
2008-05-16,5.0145
2008-05-19,5.0305
2008-05-20,4.9952
2008-05-21,4.9861
2008-05-22,5.0091
2008-05-23,5.0093
2008-05-26,.
2008-05-27,4.9945
2008-05-28,5.0403
2008-05-29,5.0728
2008-05-30,5.0872
2008-06-02,5.1170
2008-06-03,5.1525
2008-06-04,5.1590
2008-06-05,5.1160
2008-06-06,5.0327
2008-06-09,5.0500
2008-06-10,5.1622
2008-06-11,5.1361
2008-06-12,5.2100
2008-06-13,5.2380
2008-06-16,5.1813
2008-06-17,5.1859
2008-06-18,5.1812
2008-06-19,5.1820
2008-06-20,5.1433
2008-06-23,5.1665
2008-06-24,5.1061
2008-06-25,5.1072
2008-06-26,5.0558
2008-06-27,5.0653
2008-06-30,5.0899
2008-07-01,5.0695
2008-07-02,5.0604
2008-07-03,5.0957
2008-07-04,.
2008-07-07,5.1008
2008-07-08,5.1357
2008-07-09,5.1044
2008-07-10,5.1137
2008-07-11,5.0649
2008-07-14,5.0565
2008-07-15,5.0510
2008-07-16,5.0920
2008-07-17,5.0734
2008-07-18,5.0802
2008-07-21,5.0687
2008-07-22,5.0960
2008-07-23,5.1548
2008-07-24,5.1719
2008-07-25,5.1427
2008-07-28,5.1289
2008-07-29,5.1779
2008-07-30,5.1562
2008-07-31,5.1323
2008-08-01,5.1374
2008-08-04,5.1360
2008-08-05,5.1903
2008-08-06,5.2080
2008-08-07,5.2134
2008-08-08,5.3480
2008-08-11,5.3500
2008-08-12,5.3792
2008-08-13,5.3890
2008-08-14,5.3707
2008-08-15,5.4214
2008-08-18,5.4079
2008-08-19,5.3911
2008-08-20,5.4084
2008-08-21,5.3281
2008-08-22,5.3614
2008-08-25,5.3520
2008-08-26,5.4090
2008-08-27,5.3835
2008-08-28,5.3871
2008-08-29,5.4241
2008-09-01,.
2008-09-02,5.4948
2008-09-03,5.5280
2008-09-04,5.5657
2008-09-05,5.6066
2008-09-08,5.6719
2008-09-09,5.6755
2008-09-10,5.7416
2008-09-11,5.8295
2008-09-12,5.7256
2008-09-15,5.7794
2008-09-16,5.8516
2008-09-17,5.9307
2008-09-18,5.7752
2008-09-19,5.7074
2008-09-22,5.5464
2008-09-23,5.5754
2008-09-24,5.6212
2008-09-25,5.6408
2008-09-26,5.6583
2008-09-29,5.7980
2008-09-30,5.8890
2008-10-01,5.8833
2008-10-02,5.9770
2008-10-03,5.9957
2008-10-06,6.2428
2008-10-07,6.1447
2008-10-08,6.1485
2008-10-09,6.1489
2008-10-10,6.2937
2008-10-13,.
2008-10-14,6.2477
2008-10-15,6.3717
2008-10-16,6.5835
2008-10-17,6.5144
2008-10-20,6.6210
2008-10-21,6.8251
2008-10-22,7.0680
2008-10-23,6.9755
2008-10-24,6.8532
2008-10-27,7.0261
2008-10-28,6.9090
2008-10-29,6.7077
2008-10-30,6.6932
2008-10-31,6.7089
2008-11-03,6.6857
2008-11-04,6.5930
2008-11-05,6.6858
2008-11-06,6.8572
2008-11-07,6.8510
2008-11-10,6.7969
2008-11-11,.
2008-11-12,7.0577
2008-11-13,7.0456
2008-11-14,6.8736
2008-11-17,6.9724
2008-11-18,6.9966
2008-11-19,7.0089
2008-11-20,7.1412
2008-11-21,7.2169
2008-11-24,6.9580
2008-11-25,6.9290
2008-11-26,7.0506
2008-11-27,.
2008-11-28,7.0021
2008-12-01,7.0855
2008-12-02,7.0191
2008-12-03,7.0938
2008-12-04,7.0742
2008-12-05,7.2848
2008-12-08,7.0518
2008-12-09,7.0615
2008-12-10,7.0128
2008-12-11,6.8937
2008-12-12,6.9255
2008-12-15,6.8904
2008-12-16,6.9767
2008-12-17,6.6216
2008-12-18,6.7846
2008-12-19,7.0840
2008-12-22,7.0936
2008-12-23,7.1168
2008-12-24,7.1513
2008-12-25,.
2008-12-26,7.1438
2008-12-29,7.0047
2008-12-30,7.0030
2008-12-31,6.9756
2009-01-01,.
2009-01-02,6.8773
2009-01-05,6.9639
2009-01-06,6.9918
2009-01-07,6.8510
2009-01-08,6.9770
2009-01-09,6.9949
2009-01-12,7.0107
2009-01-13,7.1410
2009-01-14,7.2087
2009-01-15,7.1847
2009-01-16,6.9514
2009-01-19,.
2009-01-20,7.1228
2009-01-21,6.9840
2009-01-22,6.9680
2009-01-23,6.9955
2009-01-26,6.7180
2009-01-27,6.7894
2009-01-28,6.6827
2009-01-29,6.8038
2009-01-30,6.9158
2009-02-02,7.0415
2009-02-03,6.9201
2009-02-04,6.9149
2009-02-05,6.8297
2009-02-06,6.7927
2009-02-09,6.6179
2009-02-10,6.7063
2009-02-11,6.7646
2009-02-12,6.8709
2009-02-13,6.7705
2009-02-16,.
2009-02-17,7.0329
2009-02-18,7.0319
2009-02-19,6.8926
2009-02-20,6.8542
2009-02-23,6.8270
2009-02-24,6.8533
2009-02-25,6.8710
2009-02-26,6.9090
2009-02-27,7.0474
2009-03-02,7.1486
2009-03-03,7.2778
2009-03-04,7.0479
2009-03-05,7.0921
2009-03-06,7.0612
2009-03-09,7.0635
2009-03-10,6.9795
2009-03-11,6.9380
2009-03-12,6.9605
2009-03-13,6.8437
2009-03-16,6.7682
2009-03-17,6.7717
2009-03-18,6.7332
2009-03-19,6.3130
2009-03-20,6.3795
2009-03-23,6.3271
2009-03-24,6.3512
2009-03-25,6.5093
2009-03-26,6.5070
2009-03-27,6.6407
2009-03-30,6.8243
2009-03-31,6.7437
2009-04-01,6.7311
2009-04-02,6.5398
2009-04-03,6.5469
2009-04-06,6.5893
2009-04-07,6.6720
2009-04-08,6.6627
2009-04-09,6.6734
2009-04-10,6.6775
2009-04-13,6.5787
2009-04-14,6.6040
2009-04-15,6.7311
2009-04-16,6.6698
2009-04-17,6.6945
2009-04-20,6.8380
2009-04-21,6.7770
2009-04-22,6.7118
2009-04-23,6.6456
2009-04-24,6.5504
2009-04-27,6.6989
2009-04-28,6.7240
2009-04-29,6.5425
2009-04-30,6.5670
2009-05-01,6.5461
2009-05-04,6.5000
2009-05-05,6.5275
2009-05-06,6.5268
2009-05-07,6.4737
2009-05-08,6.4140
2009-05-11,6.4163
2009-05-12,6.4685
2009-05-13,6.5121
2009-05-14,6.4851
2009-05-15,6.5160
2009-05-18,6.4899
2009-05-19,6.4588
2009-05-20,6.4046
2009-05-21,6.4210
2009-05-22,6.3325
2009-05-25,.
2009-05-26,6.3784
2009-05-27,6.3990
2009-05-28,6.4237
2009-05-29,6.3139
2009-06-01,6.1871
2009-06-02,6.1904
2009-06-03,6.3210
2009-06-04,6.2891
2009-06-05,6.3985
2009-06-08,6.4550
2009-06-09,6.3497
2009-06-10,6.3835
2009-06-11,6.3332
2009-06-12,6.3242
2009-06-15,6.4836
2009-06-16,6.4235
2009-06-17,6.4130
2009-06-18,6.3672
2009-06-19,6.3613
2009-06-22,6.5572
2009-06-23,6.5005
2009-06-24,6.4408
2009-06-25,6.5102
2009-06-26,6.4654
2009-06-29,6.4233
2009-06-30,6.4354
2009-07-01,6.3161
2009-07-02,6.4055
2009-07-03,6.4122
2009-07-06,6.4983
2009-07-07,6.4887
2009-07-08,6.5769
2009-07-09,6.4830
2009-07-10,6.5294
2009-07-13,6.5014
2009-07-14,6.4827
2009-07-15,6.3682
2009-07-16,6.3890
2009-07-17,6.3911
2009-07-20,6.3265
2009-07-21,6.3025
2009-07-22,6.2970
2009-07-23,6.2363
2009-07-24,6.2353
2009-07-27,6.1952
2009-07-28,6.1620
2009-07-29,6.2621
2009-07-30,6.2274
2009-07-31,6.1147
2009-08-03,6.0120
2009-08-04,6.0411
2009-08-05,6.0264
2009-08-06,6.0454
2009-08-07,6.1236
2009-08-10,6.1920
2009-08-11,6.2431
2009-08-12,6.1007
2009-08-13,6.0387
2009-08-14,6.0768
2009-08-17,6.1835
2009-08-18,6.1695
2009-08-19,6.0481
2009-08-20,6.0287
2009-08-21,6.0054
2009-08-24,5.9890
2009-08-25,6.0022
2009-08-26,6.0784
2009-08-27,6.0724
2009-08-28,5.9981
2009-08-31,6.0051
2009-09-01,6.0686
2009-09-02,6.0806
2009-09-03,6.0386
2009-09-04,6.0285
2009-09-07,.
2009-09-08,5.9166
2009-09-09,5.8860
2009-09-10,5.9578
2009-09-11,5.9150
2009-09-14,5.9330
2009-09-15,5.9071
2009-09-16,5.8587
2009-09-17,5.8486
2009-09-18,5.8697
2009-09-21,5.9069
2009-09-22,5.8311
2009-09-23,5.7984
2009-09-24,5.8105
2009-09-25,5.8071
2009-09-28,5.8172
2009-09-29,5.8560
2009-09-30,5.7773
2009-10-01,5.8251
2009-10-02,5.8094
2009-10-05,5.7558
2009-10-06,5.6758
2009-10-07,5.7048
2009-10-08,5.6444
2009-10-09,5.6469
2009-10-12,.
2009-10-13,5.6213
2009-10-14,5.5627
2009-10-15,5.5588
2009-10-16,5.6342
2009-10-19,5.5657
2009-10-20,5.6110
2009-10-21,5.5369
2009-10-22,5.5426
2009-10-23,5.5413
2009-10-26,5.5925
2009-10-27,5.6433
2009-10-28,5.6854
2009-10-29,5.6451
2009-10-30,5.6950
2009-11-02,5.6982
2009-11-03,5.7989
2009-11-04,5.6865
2009-11-05,5.6814
2009-11-06,5.6958
2009-11-09,5.5887
2009-11-10,5.5973
2009-11-11,.
2009-11-12,5.6504
2009-11-13,5.6170
2009-11-16,5.5575
2009-11-17,5.6229
2009-11-18,5.5750
2009-11-19,5.6377
2009-11-20,5.6476
2009-11-23,5.5870
2009-11-24,5.6379
2009-11-25,5.5760
2009-11-26,.
2009-11-27,5.6677
2009-11-30,5.6928
2009-12-01,5.6159
2009-12-02,5.6076
2009-12-03,5.6122
2009-12-04,5.6780
2009-12-07,5.7174
2009-12-08,5.7639
2009-12-09,5.7741
2009-12-10,5.7564
2009-12-11,5.7804
2009-12-14,5.7827
2009-12-15,5.8208
2009-12-16,5.7491
2009-12-17,5.8899
2009-12-18,5.8522
2009-12-21,5.8544
2009-12-22,5.8823
2009-12-23,5.8238
2009-12-24,5.8145
2009-12-25,.
2009-12-28,5.7864
2009-12-29,5.8050
2009-12-30,5.8015
2009-12-31,5.7899
2010-01-01,.
2010-01-04,5.7113
2010-01-05,5.6986
2010-01-06,5.6805
2010-01-07,5.7118
2010-01-08,5.6868
2010-01-11,5.6162
2010-01-12,5.6341
2010-01-13,5.6445
2010-01-14,5.6354
2010-01-15,5.6816
2010-01-18,.
2010-01-19,5.7059
2010-01-20,5.7772
2010-01-21,5.7878
2010-01-22,5.7904
2010-01-25,5.8156
2010-01-26,5.8625
2010-01-27,5.8539
2010-01-28,5.8499
2010-01-29,5.9201
2010-02-01,5.8786
2010-02-02,5.8383
2010-02-03,5.8601
2010-02-04,5.9539
2010-02-05,6.0166
2010-02-08,5.9418
2010-02-09,5.9068
2010-02-10,5.9124
2010-02-11,5.9192
2010-02-12,5.9135
2010-02-15,.
2010-02-16,5.8521
2010-02-17,5.8851
2010-02-18,5.9530
2010-02-19,5.9667
2010-02-22,5.9096
2010-02-23,5.9334
2010-02-24,5.9203
2010-02-25,5.9843
2010-02-26,5.8992
2010-03-01,5.9508
2010-03-02,5.9450
2010-03-03,5.8582
2010-03-04,5.9384
2010-03-05,5.8990
2010-03-08,5.9038
2010-03-09,5.9030
2010-03-10,5.8627
2010-03-11,5.8689
2010-03-12,5.8342
2010-03-15,5.8733
2010-03-16,5.8227
2010-03-17,5.8176
2010-03-18,5.8837
2010-03-19,5.8902
2010-03-22,5.9517
2010-03-23,5.9315
2010-03-24,6.0249
2010-03-25,6.0594
2010-03-26,6.0366
2010-03-29,5.9797
2010-03-30,5.9949
2010-03-31,5.9387
2010-04-01,5.9145
2010-04-02,5.9435
2010-04-05,5.9393
2010-04-06,5.9827
2010-04-07,5.9648
2010-04-08,5.9520
2010-04-09,5.9138
2010-04-12,5.8851
2010-04-13,5.8777
2010-04-14,5.8451
2010-04-15,5.8708
2010-04-16,5.9032
2010-04-19,5.9309
2010-04-20,5.9022
2010-04-21,5.9045
2010-04-22,5.9314
2010-04-23,5.8943
2010-04-26,5.8781
2010-04-27,5.9305
2010-04-28,5.9890
2010-04-29,5.9175
2010-04-30,5.9005
2010-05-03,5.9418
2010-05-04,6.0126
2010-05-05,6.0350
2010-05-06,6.1746
2010-05-07,6.2653
2010-05-10,6.1278
2010-05-11,6.1550
2010-05-12,6.1464
2010-05-13,6.1781
2010-05-14,6.2365
2010-05-17,6.2783
2010-05-18,6.2837
2010-05-19,6.4329
2010-05-20,6.5339
2010-05-21,6.4497
2010-05-24,6.4707
2010-05-25,6.6258
2010-05-26,6.5359
2010-05-27,6.4240
2010-05-28,6.4367
2010-05-31,.
2010-06-01,6.4490
2010-06-02,6.5011
2010-06-03,6.4565
2010-06-04,6.5816
2010-06-07,6.6700
2010-06-08,6.6539
2010-06-09,6.5680
2010-06-10,6.4965
2010-06-11,6.4787
2010-06-14,6.3910
2010-06-15,6.3658
2010-06-16,6.3892
2010-06-17,6.3749
2010-06-18,6.3778
2010-06-21,6.3599
2010-06-22,6.4503
2010-06-23,6.4871
2010-06-24,6.4993
2010-06-25,6.4596
2010-06-28,6.4162
2010-06-29,6.4937
2010-06-30,6.4824
2010-07-01,6.4793
2010-07-02,6.4361
2010-07-05,.
2010-07-06,6.3511
2010-07-07,6.4179
2010-07-08,6.3616
2010-07-09,6.3429
2010-07-12,6.3599
2010-07-13,6.2543
2010-07-14,6.2244
2010-07-15,6.1964
2010-07-16,6.2631
2010-07-19,6.2972
2010-07-20,6.2888
2010-07-21,6.2500
2010-07-22,6.1778
2010-07-23,6.1970
2010-07-26,6.1611
2010-07-27,6.1599
2010-07-28,6.1526
2010-07-29,6.1121
2010-07-30,6.0455
2010-08-02,5.9625
2010-08-03,5.9540
2010-08-04,5.9941
2010-08-05,6.0027
2010-08-06,5.9549
2010-08-09,5.9617
2010-08-10,6.0528
2010-08-11,6.1636
2010-08-12,6.1580
2010-08-13,6.2050
2010-08-16,6.1458
2010-08-17,6.1300
2010-08-18,6.1528
2010-08-19,6.1745
2010-08-20,6.2542
2010-08-23,6.2421
2010-08-24,6.2868
2010-08-25,6.3464
2010-08-26,6.2925
2010-08-27,6.2452
2010-08-30,6.2912
2010-08-31,6.2877
2010-09-01,6.1755
2010-09-02,6.1456
2010-09-03,6.1226
2010-09-06,.
2010-09-07,6.2053
2010-09-08,6.1911
2010-09-09,6.1886
2010-09-10,6.1759
2010-09-13,6.1040
2010-09-14,6.0244
2010-09-15,6.0902
2010-09-16,6.0975
2010-09-17,6.0954
2010-09-20,6.0453
2010-09-21,6.0279
2010-09-22,5.9048
2010-09-23,5.9325
2010-09-24,5.8865
2010-09-27,5.9018
2010-09-28,5.8563
2010-09-29,5.8378
2010-09-30,5.8952
2010-10-01,5.8379
2010-10-04,5.8743
2010-10-05,5.8178
2010-10-06,5.7744
2010-10-07,5.8135
2010-10-08,5.8199
2010-10-11,.
2010-10-12,5.8764
2010-10-13,5.7990
2010-10-14,5.7426
2010-10-15,5.7939
2010-10-18,5.8244
2010-10-19,5.8981
2010-10-20,5.8326
2010-10-21,5.8266
2010-10-22,5.8173
2010-10-25,5.7794
2010-10-26,5.8529
2010-10-27,5.9003
2010-10-28,5.8842
2010-10-29,5.8785
2010-11-01,5.8667
2010-11-02,5.8480
2010-11-03,5.8507
2010-11-04,5.7307
2010-11-05,5.7645
2010-11-08,5.8040
2010-11-09,5.8116
2010-11-10,5.8828
2010-11-11,.
2010-11-12,5.9462
2010-11-15,5.9815
2010-11-16,6.0589
2010-11-17,6.0149
2010-11-18,5.9963
2010-11-19,5.9900
2010-11-22,6.0154
2010-11-23,6.1070
2010-11-24,6.0787
2010-11-25,.
2010-11-26,6.1563
2010-11-29,6.1988
2010-11-30,6.1871
2010-12-01,6.1362
2010-12-02,6.0776
2010-12-03,5.9936
2010-12-06,6.0156
2010-12-07,5.9751
2010-12-08,6.0289
2010-12-09,6.0446
2010-12-10,5.9929
2010-12-13,5.9232
2010-12-14,5.8890
2010-12-15,5.9385
2010-12-16,5.9665
2010-12-17,5.9998
2010-12-20,5.9847
2010-12-21,5.9730
2010-12-22,5.9988
2010-12-23,5.9803
2010-12-24,.
2010-12-27,5.9578
2010-12-28,5.9555
2010-12-29,5.9271
2010-12-30,5.8904
2010-12-31,.
2011-01-03,5.8244
2011-01-04,5.8691
2011-01-05,5.9028
2011-01-06,5.9555
2011-01-07,5.9688
2011-01-10,5.9766
2011-01-11,5.9497
2011-01-12,5.9159
2011-01-13,5.8466
2011-01-14,5.8647
2011-01-17,.
2011-01-18,5.8356
2011-01-19,5.8120
2011-01-20,5.8775
2011-01-21,5.8129
2011-01-24,5.7811
2011-01-25,5.7694
2011-01-26,5.7554
2011-01-27,5.7992
2011-01-28,5.8295
2011-01-31,5.7759
2011-02-01,5.7199
2011-02-02,5.7371
2011-02-03,5.7343
2011-02-04,5.7586
2011-02-07,5.7838
2011-02-08,5.7381
2011-02-09,5.7710
2011-02-10,5.8176
2011-02-11,5.8660
2011-02-14,5.8404
2011-02-15,5.8287
2011-02-16,5.7558
2011-02-17,5.7070
2011-02-18,5.6727
2011-02-21,.
2011-02-22,5.6769
2011-02-23,5.6274
2011-02-24,5.6006
2011-02-25,5.6568
2011-02-28,5.6138
2011-03-01,5.5778
2011-03-02,5.5499
2011-03-03,5.5719
2011-03-04,5.5728
2011-03-07,5.5594
2011-03-08,5.5828
2011-03-09,5.5745
2011-03-10,5.6547
2011-03-11,5.6303
2011-03-14,5.6061
2011-03-15,5.6545
2011-03-16,5.6685
2011-03-17,5.6555
2011-03-18,5.5942
2011-03-21,5.5586
2011-03-22,5.5689
2011-03-23,5.5895
2011-03-24,5.5402
2011-03-25,5.5761
2011-03-28,5.5854
2011-03-29,5.6072
2011-03-30,5.5881
2011-03-31,5.5334
2011-04-01,5.4971
2011-04-04,5.4964
2011-04-05,5.4652
2011-04-06,5.4561
2011-04-07,5.4745
2011-04-08,5.3976
2011-04-11,5.4272
2011-04-12,5.4702
2011-04-13,5.4367
2011-04-14,5.4148
2011-04-15,5.3830
2011-04-18,5.4893
2011-04-19,5.4280
2011-04-20,5.3517
2011-04-21,5.3494
2011-04-22,5.3743
2011-04-25,5.3559
2011-04-26,5.3231
2011-04-27,5.3275
2011-04-28,5.2727
2011-04-29,5.2398
2011-05-02,5.2247
2011-05-03,5.2447
2011-05-04,5.3154
2011-05-05,5.4465
2011-05-06,5.4640
2011-05-09,5.4937
2011-05-10,5.4460
2011-05-11,5.4745
2011-05-12,5.5152
2011-05-13,5.5584
2011-05-16,5.5326
2011-05-17,5.6138
2011-05-18,5.5512
2011-05-19,5.5281
2011-05-20,5.5384
2011-05-23,5.6176
2011-05-24,5.5589
2011-05-25,5.5564
2011-05-26,5.5257
2011-05-27,5.4205
2011-05-30,.
2011-05-31,5.3822
2011-06-01,5.3791
2011-06-02,5.4010
2011-06-03,5.3392
2011-06-06,5.3565
2011-06-07,5.3442
2011-06-08,5.3869
2011-06-09,5.4087
2011-06-10,5.4756
2011-06-13,5.4448
2011-06-14,5.3930
2011-06-15,5.5163
2011-06-16,5.5402
2011-06-17,5.5083
2011-06-20,5.5352
2011-06-21,5.4950
2011-06-22,5.4427
2011-06-23,5.5104
2011-06-24,5.4783
2011-06-27,5.4629
2011-06-28,5.4261
2011-06-29,5.3863
2011-06-30,5.3749
2011-07-01,5.3670
2011-07-04,.
2011-07-05,5.3499
2011-07-06,5.4022
2011-07-07,5.3888
2011-07-08,5.4169
2011-07-11,5.5174
2011-07-12,5.5641
2011-07-13,5.5070
2011-07-14,5.5341
2011-07-15,5.5507
2011-07-18,5.6110
2011-07-19,5.5311
2011-07-20,5.4960
2011-07-21,5.4139
2011-07-22,5.4084
2011-07-25,5.4170
2011-07-26,5.3535
2011-07-27,5.3946
2011-07-28,5.4045
2011-07-29,5.3750
2011-08-01,5.4110
2011-08-02,5.3818
2011-08-03,5.3618
2011-08-04,5.4855
2011-08-05,5.5212
2011-08-08,5.4593
2011-08-09,5.5121
2011-08-10,5.5248
2011-08-11,5.5102
2011-08-12,5.5205
2011-08-15,5.4342
2011-08-16,5.4258
2011-08-17,5.3936
2011-08-18,5.4756
2011-08-19,5.4514
2011-08-22,5.4446
2011-08-23,5.4265
2011-08-24,5.4282
2011-08-25,5.4184
2011-08-26,5.3661
2011-08-29,5.3533
2011-08-30,5.3568
2011-08-31,5.3490
2011-09-01,5.3920
2011-09-02,5.3959
2011-09-05,.
2011-09-06,5.3942
2011-09-07,5.3870
2011-09-08,5.3897
2011-09-09,5.4840
2011-09-12,5.6207
2011-09-13,5.6431
2011-09-14,5.6696
2011-09-15,5.5906
2011-09-16,5.5875
2011-09-19,5.7031
2011-09-20,5.6523
2011-09-21,5.6674
2011-09-22,5.8579
2011-09-23,5.8365
2011-09-26,5.7863
2011-09-27,5.7274
2011-09-28,5.7462
2011-09-29,5.7718
2011-09-30,5.8368
2011-10-03,5.8581
2011-10-04,5.9111
2011-10-05,5.8818
2011-10-06,5.8514
2011-10-07,5.7828
2011-10-10,.
2011-10-11,5.6865
2011-10-12,5.6242
2011-10-13,5.6459
2011-10-14,5.5708
2011-10-17,5.6147
2011-10-18,5.6294
2011-10-19,5.6007
2011-10-20,5.6442
2011-10-21,5.5665
2011-10-24,5.5228
2011-10-25,5.5319
2011-10-26,5.5367
2011-10-27,5.4146
2011-10-28,5.4220
2011-10-31,5.5131
2011-11-01,5.6691
2011-11-02,5.6443
2011-11-03,5.6065
2011-11-04,5.6329
2011-11-07,5.6054
2011-11-08,5.6166
2011-11-09,5.7107
2011-11-10,5.6935
2011-11-11,.
2011-11-14,5.7086
2011-11-15,5.7511
2011-11-16,5.7732
2011-11-17,5.7802
2011-11-18,5.7761
2011-11-21,5.7902
2011-11-22,5.7844
2011-11-23,5.8545
2011-11-24,.
2011-11-25,5.9212
2011-11-28,5.8828
2011-11-29,5.8453
2011-11-30,5.7643
2011-12-01,5.7873
2011-12-02,5.7945
2011-12-05,5.7428
2011-12-06,5.7605
2011-12-07,5.7585
2011-12-08,5.7890
2011-12-09,5.7473
2011-12-12,5.8272
2011-12-13,5.9074
2011-12-14,5.9908
2011-12-15,5.9921
2011-12-16,5.9714
2011-12-19,5.9334
2011-12-20,5.8960
2011-12-21,5.9397
2011-12-22,5.9492
2011-12-23,5.9755
2011-12-26,.
2011-12-27,5.9579
2011-12-28,6.0268
2011-12-29,5.9988
2011-12-30,5.9682
2012-01-02,.
2012-01-03,5.9015
2012-01-04,5.9428
2012-01-05,6.0259
2012-01-06,6.0202
2012-01-09,6.0133
2012-01-10,5.9802
2012-01-11,6.0450
2012-01-12,6.0026
2012-01-13,6.0708
2012-01-16,.
2012-01-17,6.0291
2012-01-18,5.9949
2012-01-19,5.9102
2012-01-20,5.9219
2012-01-23,5.8681
2012-01-24,5.8938
2012-01-25,5.9131
2012-01-26,5.8105
2012-01-27,5.8027
2012-01-30,5.8275
2012-01-31,5.8730
2012-02-01,5.8070
2012-02-02,5.8142
2012-02-03,5.8201
2012-02-06,5.8106
2012-02-07,5.7695
2012-02-08,5.7588
2012-02-09,5.7408
2012-02-10,5.7548
2012-02-13,5.7073
2012-02-14,5.7295
2012-02-15,5.7699
2012-02-16,5.7543
2012-02-17,5.6929
2012-02-20,.
2012-02-21,5.6782
2012-02-22,5.6499
2012-02-23,5.6356
2012-02-24,5.5650
2012-02-27,5.5991
2012-02-28,5.5632
2012-02-29,5.5737
2012-03-01,5.5800
2012-03-02,5.6104
2012-03-05,5.6108
2012-03-06,5.7067
2012-03-07,5.6590
2012-03-08,5.5901
2012-03-09,5.6992
2012-03-12,5.6970
2012-03-13,5.6804
2012-03-14,5.8228
2012-03-15,5.7900
2012-03-16,5.7435
2012-03-19,5.7158
2012-03-20,5.7573
2012-03-21,5.7635
2012-03-22,5.7855
2012-03-23,5.7506
2012-03-26,5.6901
2012-03-27,5.6979
2012-03-28,5.7509
2012-03-29,5.7603
2012-03-30,5.7001
2012-04-02,5.6779
2012-04-03,5.6799
2012-04-04,5.7689
2012-04-05,5.7876
2012-04-06,5.7878
2012-04-09,5.7936
2012-04-10,5.8109
2012-04-11,5.8014
2012-04-12,5.7660
2012-04-13,5.7931
2012-04-16,5.7797
2012-04-17,5.7430
2012-04-18,5.7523
2012-04-19,5.7460
2012-04-20,5.7188
2012-04-23,5.7486
2012-04-24,5.7262
2012-04-25,5.7209
2012-04-26,5.7329
2012-04-27,5.7303
2012-04-30,5.7276
2012-05-01,5.7170
2012-05-02,5.7458
2012-05-03,5.7446
2012-05-04,5.7888
2012-05-07,5.7902
2012-05-08,5.8291
2012-05-09,5.8278
2012-05-10,5.8532
2012-05-11,5.8551
2012-05-14,5.9222
2012-05-15,5.9802
2012-05-16,5.9634
2012-05-17,5.9816
2012-05-18,5.9955
2012-05-21,5.9546
2012-05-22,5.9452
2012-05-23,6.0096
2012-05-24,6.0056
2012-05-25,6.0133
2012-05-28,.
2012-05-29,6.0328
2012-05-30,6.0674
2012-05-31,6.1097
2012-06-01,6.1301
2012-06-04,6.0882
2012-06-05,6.1140
2012-06-06,6.0789
2012-06-07,6.0401
2012-06-08,6.0675
2012-06-11,6.0255
2012-06-12,6.0343
2012-06-13,5.9789
2012-06-14,5.9570
2012-06-15,5.9574
2012-06-18,5.9920
2012-06-19,5.9274
2012-06-20,5.8990
2012-06-21,5.9480
2012-06-22,5.9600
2012-06-25,6.0216
2012-06-26,6.0261
2012-06-27,6.0424
2012-06-28,6.0638
2012-06-29,5.9541
2012-07-02,5.9706
2012-07-03,5.9569
2012-07-04,.
2012-07-05,6.0393
2012-07-06,6.1241
2012-07-09,6.0925
2012-07-10,6.1025
2012-07-11,6.1104
2012-07-12,6.1095
2012-07-13,6.1008
2012-07-16,6.0879
2012-07-17,6.0973
2012-07-18,6.1037
2012-07-19,6.0682
2012-07-20,6.0760
2012-07-23,6.0953
2012-07-24,6.1087
2012-07-25,6.0900
2012-07-26,6.0172
2012-07-27,6.0281
2012-07-30,6.0512
2012-07-31,6.0189
2012-08-01,6.0148
2012-08-02,6.0647
2012-08-03,5.9728
2012-08-06,5.9461
2012-08-07,5.9073
2012-08-08,5.8708
2012-08-09,5.9272
2012-08-10,5.9176
2012-08-13,5.9332
2012-08-14,5.9210
2012-08-15,5.9488
2012-08-16,5.9452
2012-08-17,5.9349
2012-08-20,5.9230
2012-08-21,5.8775
2012-08-22,5.8840
2012-08-23,5.8222
2012-08-24,5.8203
2012-08-27,5.8270
2012-08-28,5.8235
2012-08-29,5.8268
2012-08-30,5.8200
2012-08-31,5.7990
2012-09-03,.
2012-09-04,5.7980
2012-09-05,5.8264
2012-09-06,5.8496
2012-09-07,5.7544
2012-09-10,5.7589
2012-09-11,5.7645
2012-09-12,5.7459
2012-09-13,5.7647
2012-09-14,5.6658
2012-09-17,5.7014
2012-09-18,5.7136
2012-09-19,5.6972
2012-09-20,5.7418
2012-09-21,5.7334
2012-09-24,5.7522
2012-09-25,5.7092
2012-09-26,5.7585
2012-09-27,5.7225
2012-09-28,5.7292
2012-10-01,5.7275
2012-10-02,5.6830
2012-10-03,5.7558
2012-10-04,5.7029
2012-10-05,5.6632
2012-10-08,.
2012-10-09,5.7355
2012-10-10,5.7333
2012-10-11,5.7080
2012-10-12,5.7130
2012-10-15,5.7090
2012-10-16,5.6670
2012-10-17,5.6271
2012-10-18,5.6164
2012-10-19,5.6581
2012-10-22,5.6701
2012-10-23,5.7290
2012-10-24,5.7584
2012-10-25,5.7672
2012-10-26,5.7616
2012-10-29,5.7574
2012-10-30,5.7206
2012-10-31,5.7075
2012-11-01,5.6816
2012-11-02,5.7207
2012-11-05,5.7308
2012-11-06,5.7171
2012-11-07,5.7375
2012-11-08,5.7364
2012-11-09,5.7405
2012-11-12,.
2012-11-13,5.7637
2012-11-14,5.7521
2012-11-15,5.7542
2012-11-16,5.7948
2012-11-19,5.7371
2012-11-20,5.7325
2012-11-21,5.7197
2012-11-22,.
2012-11-23,5.6622
2012-11-26,5.6487
2012-11-27,5.6886
2012-11-28,5.6831
2012-11-29,5.6925
2012-11-30,5.6667
2012-12-03,5.6368
2012-12-04,5.6232
2012-12-05,5.6198
2012-12-06,5.6468
2012-12-07,5.6675
2012-12-10,5.6728
2012-12-11,5.6524
2012-12-12,5.6290
2012-12-13,5.6170
2012-12-14,5.6230
2012-12-17,5.6040
2012-12-18,5.5936
2012-12-19,5.5602
2012-12-20,5.5607
2012-12-21,5.5709
2012-12-24,5.6100
2012-12-25,.
2012-12-26,5.5884
2012-12-27,5.5805
2012-12-28,5.5885
2012-12-31,5.5618
2013-01-01,.
2013-01-02,5.5422
2013-01-03,5.5617
2013-01-04,5.6114
2013-01-07,5.5927
2013-01-08,5.6044
2013-01-09,5.5879
2013-01-10,5.5369
2013-01-11,5.5260
2013-01-14,5.5055
2013-01-15,5.5647
2013-01-16,5.5661
2013-01-17,5.5554
2013-01-18,5.6085
2013-01-21,.
2013-01-22,5.5758
2013-01-23,5.5657
2013-01-24,5.5339
2013-01-25,5.5286
2013-01-28,5.5303
2013-01-29,5.4999
2013-01-30,5.4838
2013-01-31,5.4680
2013-02-01,5.4312
2013-02-04,5.4720
2013-02-05,5.4884
2013-02-06,5.4943
2013-02-07,5.5244
2013-02-08,5.5404
2013-02-11,5.5026
2013-02-12,5.4870
2013-02-13,5.4747
2013-02-14,5.5120
2013-02-15,5.5426
2013-02-18,.
2013-02-19,5.5357
2013-02-20,5.5670
2013-02-21,5.6588
2013-02-22,5.6829
2013-02-25,5.6747
2013-02-26,5.7167
2013-02-27,5.7047
2013-02-28,5.7209
2013-03-01,5.7599
2013-03-04,5.7218
2013-03-05,5.7125
2013-03-06,5.7075
2013-03-07,5.6730
2013-03-08,5.7242
2013-03-11,5.7268
2013-03-12,5.7136
2013-03-13,5.7510
2013-03-14,5.8019
2013-03-15,5.7756
2013-03-18,5.7886
2013-03-19,5.8319
2013-03-20,5.8429
2013-03-21,5.8411
2013-03-22,5.8073
2013-03-25,5.8396
2013-03-26,5.8409
2013-03-27,5.8549
2013-03-28,5.8326
2013-03-29,5.8446
2013-04-01,5.8143
2013-04-02,5.8115
2013-04-03,5.8043
2013-04-04,5.8110
2013-04-05,5.7204
2013-04-08,5.7435
2013-04-09,5.7083
2013-04-10,5.7452
2013-04-11,5.7029
2013-04-12,5.7188
2013-04-15,5.7281
2013-04-16,5.7377
2013-04-17,5.7934
2013-04-18,5.8119
2013-04-19,5.8161
2013-04-22,5.8504
2013-04-23,5.9034
2013-04-24,5.9120
2013-04-25,5.8797
2013-04-26,5.8506
2013-04-29,5.8257
2013-04-30,5.7674
2013-05-01,5.7601
2013-05-02,5.7982
2013-05-03,5.7944
2013-05-06,5.8294
2013-05-07,5.8385
2013-05-08,5.7462
2013-05-09,5.7510
2013-05-10,5.8180
2013-05-13,5.7987
2013-05-14,5.8109
2013-05-15,5.8567
2013-05-16,5.8166
2013-05-17,5.8626
2013-05-20,5.8390
2013-05-21,5.7892
2013-05-22,5.8128
2013-05-23,5.8322
2013-05-24,5.8315
2013-05-27,.
2013-05-28,5.8774
2013-05-29,5.8947
2013-05-30,5.8245
2013-05-31,5.8623
2013-06-03,5.7990
2013-06-04,5.8123
2013-06-05,5.8081
2013-06-06,5.7547
2013-06-07,5.7649
2013-06-10,5.7610
2013-06-11,5.7908
2013-06-12,5.7344
2013-06-13,5.7630
2013-06-14,5.7189
2013-06-17,5.7308
2013-06-18,5.7295
2013-06-19,5.7209
2013-06-20,6.0010
2013-06-21,6.0966
2013-06-24,6.1593
2013-06-25,6.1294
2013-06-26,6.0993
2013-06-27,6.0544
2013-06-28,6.0903
2013-07-01,6.0734
2013-07-02,6.0854
2013-07-03,6.0977
2013-07-04,.
2013-07-05,6.2630
2013-07-08,6.1483
2013-07-09,6.1887
2013-07-10,6.1401
2013-07-11,6.0874
2013-07-12,6.0700
2013-07-15,6.0741
2013-07-16,5.9965
2013-07-17,6.0100
2013-07-18,6.0010
2013-07-19,5.9695
2013-07-22,5.9329
2013-07-23,5.8876
2013-07-24,5.9136
2013-07-25,5.9311
2013-07-26,5.9169
2013-07-29,5.9238
2013-07-30,5.9268
2013-07-31,5.9040
2013-08-01,5.9465
2013-08-02,5.9419
2013-08-05,5.9337
2013-08-06,5.9244
2013-08-07,5.9130
2013-08-08,5.8994
2013-08-09,5.8572
2013-08-12,5.8634
2013-08-13,5.8990
2013-08-14,5.8867
2013-08-15,5.9412
2013-08-16,5.9119
2013-08-19,5.9035
2013-08-20,5.9404
2013-08-21,6.0574
2013-08-22,6.1057
2013-08-23,6.0202
2013-08-26,6.0391
2013-08-27,6.0169
2013-08-28,6.0590
2013-08-29,6.1009
2013-08-30,6.1281
2013-09-02,.
2013-09-03,6.0722
2013-09-04,6.0583
2013-09-05,6.1202
2013-09-06,6.0830
2013-09-09,6.0191
2013-09-10,5.9269
2013-09-11,5.9153
2013-09-12,5.8858
2013-09-13,5.9386
2013-09-16,5.8983
2013-09-17,5.8998
2013-09-18,5.9018
2013-09-19,5.8216
2013-09-20,5.9184
2013-09-23,5.9091
2013-09-24,5.9670
2013-09-25,5.9964
2013-09-26,5.9842
2013-09-27,5.9966
2013-09-30,6.0105
2013-10-01,5.9839
2013-10-02,6.0220
2013-10-03,5.9476
2013-10-04,5.9577
2013-10-07,5.9680
2013-10-08,5.9673
2013-10-09,6.0058
2013-10-10,6.0345
2013-10-11,5.9960
2013-10-14,.
2013-10-15,6.0313
2013-10-16,6.0209
2013-10-17,5.9319
2013-10-18,5.8987
2013-10-21,5.9150
2013-10-22,5.8953
2013-10-23,5.9149
2013-10-24,5.8904
2013-10-25,5.8958
2013-10-28,5.8918
2013-10-29,5.8865
2013-10-30,5.8769
2013-10-31,5.9476
2013-11-01,5.9678
2013-11-04,5.9478
2013-11-05,5.9810
2013-11-06,5.9555
2013-11-07,6.0320
2013-11-08,6.1542
2013-11-11,.
2013-11-12,6.1986
2013-11-13,6.1794
2013-11-14,6.1645
2013-11-15,6.1182
2013-11-18,6.1085
2013-11-19,6.0936
2013-11-20,6.1008
2013-11-21,6.1080
2013-11-22,6.0744
2013-11-25,6.1158
2013-11-26,6.1026
2013-11-27,6.1070
2013-11-28,.
2013-11-29,6.1160
2013-12-02,6.1240
2013-12-03,6.0880
2013-12-04,6.1579
2013-12-05,6.1519
2013-12-06,6.1535
2013-12-09,6.1410
2013-12-10,6.1130
2013-12-11,6.1176
2013-12-12,6.1991
2013-12-13,6.1851
2013-12-16,6.1529
2013-12-17,6.1234
2013-12-18,6.1125
2013-12-19,6.1580
2013-12-20,6.1494
2013-12-23,6.1469
2013-12-24,6.1455
2013-12-25,.
2013-12-26,6.1416
2013-12-27,6.1246
2013-12-30,6.0657
2013-12-31,6.0657
2014-01-01,.
2014-01-02,6.1473
2014-01-03,6.1416
2014-01-06,6.1712
2014-01-07,6.1654
2014-01-08,6.1960
2014-01-09,6.1891
2014-01-10,6.1598
2014-01-13,6.1202
2014-01-14,6.0840
2014-01-15,6.1274
2014-01-16,6.1885
2014-01-17,6.1564
2014-01-20,.
2014-01-21,6.1720
2014-01-22,6.1541
2014-01-23,6.1012
2014-01-24,6.1507
2014-01-27,6.1597
2014-01-28,6.1350
2014-01-29,6.1653
2014-01-30,6.2437
2014-01-31,6.2768
2014-02-03,6.2764
2014-02-04,6.2920
2014-02-05,6.2367
2014-02-06,6.2079
2014-02-07,6.1838
2014-02-10,6.1347
2014-02-11,6.1183
2014-02-12,6.1167
2014-02-13,6.1016
2014-02-14,6.0822
2014-02-17,.
2014-02-18,6.0468
2014-02-19,6.0332
2014-02-20,6.1159
2014-02-21,6.0783
2014-02-24,6.0269
2014-02-25,6.0314
2014-02-26,6.0669
2014-02-27,6.0366
2014-02-28,5.9938
2014-03-03,6.0376
2014-03-04,6.0159
2014-03-05,5.9868
2014-03-06,5.9813
2014-03-07,5.9772
2014-03-10,5.9642
2014-03-11,5.9503
2014-03-12,5.9540
2014-03-13,5.9305
2014-03-14,5.9546
2014-03-17,5.9459
2014-03-18,5.9618
2014-03-19,5.9874
2014-03-20,6.0596
2014-03-21,6.0594
2014-03-24,6.0432
2014-03-25,6.0489
2014-03-26,6.0445
2014-03-27,6.0081
2014-03-28,6.0057
2014-03-31,5.9890
2014-04-01,5.9847
2014-04-02,5.9807
2014-04-03,6.0125
2014-04-04,5.9966
2014-04-07,5.9947
2014-04-08,5.9665
2014-04-09,5.9503
2014-04-10,5.9122
2014-04-11,5.9272
2014-04-14,5.9606
2014-04-15,5.9591
2014-04-16,5.9732
2014-04-17,5.9813
2014-04-18,5.9850
2014-04-21,6.0066
2014-04-22,5.9809
2014-04-23,5.9937
2014-04-24,6.0001
2014-04-25,6.0160
2014-04-28,6.0034
2014-04-29,6.0073
2014-04-30,5.9463
2014-05-01,5.9438
2014-05-02,5.9444
2014-05-05,5.9496
2014-05-06,5.9183
2014-05-07,5.9028
2014-05-08,5.8829
2014-05-09,5.9084
2014-05-12,5.9238
2014-05-13,5.9239
2014-05-14,5.9203
2014-05-15,5.9468
2014-05-16,5.9319
2014-05-19,5.9320
2014-05-20,5.9466
2014-05-21,5.9564
2014-05-22,5.9456
2014-05-23,5.9590
2014-05-26,.
2014-05-27,5.9647
2014-05-28,5.9740
2014-05-29,5.9614
2014-05-30,5.9803
2014-06-02,5.9934
2014-06-03,6.0004
2014-06-04,5.9982
2014-06-05,5.9944
2014-06-06,5.9504
2014-06-09,5.9710
2014-06-10,5.9788
2014-06-11,5.9961
2014-06-12,5.9903
2014-06-13,6.0044
2014-06-16,5.9878
2014-06-17,5.9962
2014-06-18,6.0316
2014-06-19,6.1201
2014-06-20,6.1295
2014-06-23,6.1170
2014-06-24,6.1204
2014-06-25,6.1401
2014-06-26,6.1367
2014-06-27,6.1301
2014-06-30,6.1309
2014-07-01,6.1631
2014-07-02,6.1702
2014-07-03,6.1825
2014-07-04,.
2014-07-07,6.1638
2014-07-08,6.1829
2014-07-09,6.1627
2014-07-10,6.1666
2014-07-11,6.1794
2014-07-14,6.1770
2014-07-15,6.2160
2014-07-16,6.1961
2014-07-17,6.1920
2014-07-18,6.1899
2014-07-21,6.2020
2014-07-22,6.1894
2014-07-23,6.1966
2014-07-24,6.2066
2014-07-25,6.2245
2014-07-28,6.2221
2014-07-29,6.2503
2014-07-30,6.2629
2014-07-31,6.2850
2014-08-01,6.2688
2014-08-04,6.2721
2014-08-05,6.2807
2014-08-06,6.2777
2014-08-07,6.2451
2014-08-08,6.2277
2014-08-11,6.1782
2014-08-12,6.1733
2014-08-13,6.1571
2014-08-14,6.1485
2014-08-15,6.1469
2014-08-18,6.1530
2014-08-19,6.1601
2014-08-20,6.1742
2014-08-21,6.1490
2014-08-22,6.1638
2014-08-25,6.1695
2014-08-26,6.1713
2014-08-27,6.1821
2014-08-28,6.1810
2014-08-29,6.1844
2014-09-01,.
2014-09-02,6.2002
2014-09-03,6.2274
2014-09-04,6.2681
2014-09-05,6.2826
2014-09-08,6.3123
2014-09-09,6.3503
2014-09-10,6.3509
2014-09-11,6.3753
2014-09-12,6.3617
2014-09-15,6.3936
2014-09-16,6.3941
2014-09-17,6.3990
2014-09-18,6.3247
2014-09-19,6.3519
2014-09-22,6.3527
2014-09-23,6.3490
2014-09-24,6.3855
2014-09-25,6.3998
2014-09-26,6.4490
2014-09-29,6.4371
2014-09-30,6.4371
2014-10-01,6.4462
2014-10-02,6.4496
2014-10-03,6.5257
2014-10-06,6.4908
2014-10-07,6.4795
2014-10-08,6.4774
2014-10-09,6.4713
2014-10-10,6.5162
2014-10-13,.
2014-10-14,6.5638
2014-10-15,6.5722
2014-10-16,6.5706
2014-10-17,6.5445
2014-10-20,6.5674
2014-10-21,6.5677
2014-10-22,6.6044
2014-10-23,6.5676
2014-10-24,6.5952
2014-10-27,6.6069
2014-10-28,6.6103
2014-10-29,6.6419
2014-10-30,6.7022
2014-10-31,6.7491
2014-11-03,6.7854
2014-11-04,6.8575
2014-11-05,6.8267
2014-11-06,6.8531
2014-11-07,6.8346
2014-11-10,6.8086
2014-11-11,.
2014-11-12,6.7766
2014-11-13,6.7808
2014-11-14,6.7583
2014-11-17,6.7882
2014-11-18,6.7228
2014-11-19,6.7877
2014-11-20,6.7641
2014-11-21,6.7966
2014-11-24,6.7808
2014-11-25,6.8133
2014-11-26,6.8208
2014-11-27,.
2014-11-28,7.0062
2014-12-01,6.9254
2014-12-02,7.0099
2014-12-03,7.0423
2014-12-04,7.0372
2014-12-05,7.1291
2014-12-08,7.1628
2014-12-09,7.0938
2014-12-10,7.1836
2014-12-11,7.2818
2014-12-12,7.3418
2014-12-15,7.4270
2014-12-16,7.4611
2014-12-17,7.3753
2014-12-18,7.3759
2014-12-19,7.3588
2014-12-22,7.4015
2014-12-23,7.4270
2014-12-24,7.4580
2014-12-25,.
2014-12-26,.
2014-12-29,7.4246
2014-12-30,7.4227
2014-12-31,7.4816
2015-01-01,.
2015-01-02,7.5682
2015-01-05,7.6073
2015-01-06,7.6975
2015-01-07,7.7123
2015-01-08,7.6132
2015-01-09,7.6690
2015-01-12,7.7148
2015-01-13,7.7430
2015-01-14,7.6354
2015-01-15,7.6475
2015-01-16,7.5998
2015-01-19,.
2015-01-20,7.6624
2015-01-21,7.6165
2015-01-22,7.6497
2015-01-23,7.7603
2015-01-26,7.7591
2015-01-27,7.7193
2015-01-28,7.7785
2015-01-29,7.8265
2015-01-30,7.7498
2015-02-02,7.6259
2015-02-03,7.5442
2015-02-04,7.5493
2015-02-05,7.5207
2015-02-06,7.5929
2015-02-09,7.6154
2015-02-10,7.5728
2015-02-11,7.6530
2015-02-12,7.6527
2015-02-13,7.5680
2015-02-16,.
2015-02-17,7.5376
2015-02-18,7.5275
2015-02-19,7.5737
2015-02-20,7.5256
2015-02-23,7.6068
2015-02-24,7.6145
2015-02-25,7.5540
2015-02-26,7.6402
2015-02-27,7.6619
2015-03-02,7.6959
2015-03-03,7.6924
2015-03-04,7.8102
2015-03-05,7.7416
2015-03-06,7.8978
2015-03-09,7.9361
2015-03-10,8.0967
2015-03-11,8.1874
2015-03-12,8.1054
2015-03-13,8.1922
2015-03-16,8.2575
2015-03-17,8.2920
2015-03-18,8.3524
2015-03-19,8.0920
2015-03-20,8.0431
2015-03-23,7.8837
2015-03-24,7.8650
2015-03-25,7.8314
2015-03-26,7.8802
2015-03-27,7.9595
2015-03-30,8.0301
2015-03-31,8.0513
2015-04-01,8.0070
2015-04-02,7.9831
2015-04-03,7.9191
2015-04-06,7.9026
2015-04-07,8.0654
2015-04-08,8.0359
2015-04-09,8.1059
2015-04-10,8.1127
2015-04-13,8.0943
2015-04-14,7.9347
2015-04-15,7.8993
2015-04-16,7.7677
2015-04-17,7.8368
2015-04-20,7.8586
2015-04-21,7.8395
2015-04-22,7.9045
2015-04-23,7.8484
2015-04-24,7.7770
2015-04-27,7.7167
2015-04-28,7.6529
2015-04-29,7.4722
2015-04-30,7.5680
2015-05-01,7.6248
2015-05-04,7.5801
2015-05-05,7.5859
2015-05-06,7.4202
2015-05-07,7.4559
2015-05-08,7.4502
2015-05-11,7.5605
2015-05-12,7.4720
2015-05-13,7.3597
2015-05-14,7.3829
2015-05-15,7.3113
2015-05-18,7.3808
2015-05-19,7.5117
2015-05-20,7.5870
2015-05-21,7.5470
2015-05-22,7.6290
2015-05-25,.
2015-05-26,7.7518
2015-05-27,7.7634
2015-05-28,7.8466
2015-05-29,7.7845
2015-06-01,7.9633
2015-06-02,7.8547
2015-06-03,7.7207
2015-06-04,7.7435
2015-06-05,7.9611
2015-06-08,7.8678
2015-06-09,7.7673
2015-06-10,7.7619
2015-06-11,7.8584
2015-06-12,7.7208
2015-06-15,7.7691
2015-06-16,7.7743
2015-06-17,7.7211
2015-06-18,7.7561
2015-06-19,7.7871
2015-06-22,7.7179
2015-06-23,7.8240
2015-06-24,7.8748
2015-06-25,7.8175
2015-06-26,7.8377
2015-06-29,7.8883
2015-06-30,7.8574
2015-07-01,7.8909
2015-07-02,7.9616
2015-07-03,.
2015-07-06,8.0604
2015-07-07,8.2154
2015-07-08,8.2541
2015-07-09,8.1315
2015-07-10,8.0023
2015-07-13,8.0721
2015-07-14,8.1198
2015-07-15,8.1445
2015-07-16,8.1304
2015-07-17,8.1869
2015-07-20,8.2207
2015-07-21,8.1136
2015-07-22,8.1728
2015-07-23,8.1850
2015-07-24,8.1839
2015-07-27,8.1369
2015-07-28,8.1553
2015-07-29,8.1313
2015-07-30,8.1557
2015-07-31,8.1366
2015-08-03,8.2370
2015-08-04,8.2384
2015-08-05,8.2812
2015-08-06,8.2804
2015-08-07,8.2658
2015-08-10,8.2121
2015-08-11,8.2721
2015-08-12,8.1323
2015-08-13,8.2118
2015-08-14,8.2289
2015-08-17,8.1896
2015-08-18,8.2802
2015-08-19,8.3486
2015-08-20,8.2199
2015-08-21,8.2030
2015-08-24,8.1990
2015-08-25,8.2626
2015-08-26,8.3497
2015-08-27,8.2981
2015-08-28,8.2678
2015-08-31,8.3223
2015-09-01,8.2830
2015-09-02,8.2556
2015-09-03,8.2742
2015-09-04,8.3138
2015-09-07,.
2015-09-08,8.2278
2015-09-09,8.2160
2015-09-10,8.1859
2015-09-11,8.1591
2015-09-14,8.1914
2015-09-15,8.1913
2015-09-16,8.1204
2015-09-17,8.1604
2015-09-18,8.1221
2015-09-21,8.1982
2015-09-22,8.2880
2015-09-23,8.2841
2015-09-24,8.4628
2015-09-25,8.5154
2015-09-28,8.5350
2015-09-29,8.4642
2015-09-30,8.5259
2015-10-01,8.4364
2015-10-02,8.3319
2015-10-05,8.4044
2015-10-06,8.2927
2015-10-07,8.2099
2015-10-08,8.1419
2015-10-09,8.0783
2015-10-12,.
2015-10-13,8.1299
2015-10-14,8.0997
2015-10-15,8.1041
2015-10-16,8.0990
2015-10-19,8.1211
2015-10-20,8.1136
2015-10-21,8.1741
2015-10-22,8.2819
2015-10-23,8.3982
2015-10-26,8.3314
2015-10-27,8.4384
2015-10-28,8.4480
2015-10-29,8.5706
2015-10-30,8.4643
2015-11-02,8.4759
2015-11-03,8.5199
2015-11-04,8.6318
2015-11-05,8.5570
2015-11-06,8.6520
2015-11-09,8.6491
2015-11-10,8.6510
2015-11-11,.
2015-11-12,8.6878
2015-11-13,8.7066
2015-11-16,8.6829
2015-11-17,8.6823
2015-11-18,8.7105
2015-11-19,8.5877
2015-11-20,8.6196
2015-11-23,8.6640
2015-11-24,8.6468
2015-11-25,8.6489
2015-11-26,.
2015-11-27,8.6917
2015-11-30,8.6838
2015-12-01,8.6434
2015-12-02,8.6591
2015-12-03,8.4994
2015-12-04,8.5194
2015-12-07,8.6566
2015-12-08,8.7939
2015-12-09,8.7036
2015-12-10,8.6285
2015-12-11,8.6778
2015-12-14,8.6619
2015-12-15,8.7022
2015-12-16,8.7458
2015-12-17,8.7615
2015-12-18,8.7488
2015-12-21,8.7639
2015-12-22,8.6970
2015-12-23,8.7346
2015-12-24,8.6763
2015-12-25,.
2015-12-28,8.6758
2015-12-29,8.7186
2015-12-30,8.8137
2015-12-31,8.8542
2016-01-01,.
2016-01-04,8.9246
2016-01-05,8.9165
2016-01-06,8.9668
2016-01-07,8.9190
2016-01-08,8.9045
2016-01-11,8.9399
2016-01-12,8.9039
2016-01-13,8.8019
2016-01-14,8.7635
2016-01-15,8.8195
2016-01-18,.
2016-01-19,8.7946
2016-01-20,8.8980
2016-01-21,8.8153
2016-01-22,8.7590
2016-01-25,8.7447
2016-01-26,8.6972
2016-01-27,8.6589
2016-01-28,8.6332
2016-01-29,8.7071
2016-02-01,8.7104
2016-02-02,8.7184
2016-02-03,8.6074
2016-02-04,8.4820
2016-02-05,8.6002
2016-02-08,8.5956
2016-02-09,8.5929
2016-02-10,8.5613
2016-02-11,8.5465
2016-02-12,8.5917
2016-02-15,.
2016-02-16,8.6203
2016-02-17,8.5696
2016-02-18,8.5961
2016-02-19,8.5654
2016-02-22,8.5997
2016-02-23,8.5984
2016-02-24,8.6713
2016-02-25,8.6532
2016-02-26,8.6826
2016-02-29,8.6919
2016-03-01,8.6574
2016-03-02,8.7023
2016-03-03,8.5932
2016-03-04,8.5072
2016-03-07,8.4984
2016-03-08,8.5397
2016-03-09,8.5066
2016-03-10,8.5309
2016-03-11,8.3974
2016-03-14,8.4710
2016-03-15,8.5487
2016-03-16,8.5798
2016-03-17,8.3467
2016-03-18,8.3382
2016-03-21,8.3938
2016-03-22,8.4002
2016-03-23,8.4854
2016-03-24,8.4995
2016-03-25,8.4853
2016-03-28,8.4195
2016-03-29,8.4597
2016-03-30,8.3215
2016-03-31,8.2520
2016-04-01,8.3127
2016-04-04,8.3098
2016-04-05,8.3486
2016-04-06,8.2844
2016-04-07,8.3254
2016-04-08,8.2230
2016-04-11,8.1972
2016-04-12,8.1703
2016-04-13,8.2299
2016-04-14,8.2241
2016-04-15,8.2278
2016-04-18,8.2129
2016-04-19,8.1119
2016-04-20,8.1050
2016-04-21,8.1741
2016-04-22,8.2170
2016-04-25,8.1893
2016-04-26,8.1360
2016-04-27,8.1573
2016-04-28,8.1507
2016-04-29,8.0643
2016-05-02,8.0361
2016-05-03,8.0891
2016-05-04,8.1466
2016-05-05,8.1613
2016-05-06,8.1868
2016-05-09,8.2147
2016-05-10,8.2055
2016-05-11,8.1339
2016-05-12,8.1522
2016-05-13,8.2157
2016-05-16,8.1476
2016-05-17,8.1578
2016-05-18,8.2253
2016-05-19,8.3497
2016-05-20,8.3272
2016-05-23,8.3650
2016-05-24,8.3515
2016-05-25,8.3389
2016-05-26,8.2705
2016-05-27,8.3221
2016-05-30,.
2016-05-31,8.3678
2016-06-01,8.3099
2016-06-02,8.3355
2016-06-03,8.2017
2016-06-06,8.1761
2016-06-07,8.1332
2016-06-08,8.1101
2016-06-09,8.1486
2016-06-10,8.2325
2016-06-13,8.2787
2016-06-14,8.3513
2016-06-15,8.3130
2016-06-16,8.4505
2016-06-17,8.3841
2016-06-20,8.2614
2016-06-21,8.3092
2016-06-22,8.2902
2016-06-23,8.1661
2016-06-24,8.4412
2016-06-27,8.5699
2016-06-28,8.5082
2016-06-29,8.3763
2016-06-30,8.3931
2016-07-01,8.3279
2016-07-04,.
2016-07-05,8.4065
2016-07-06,8.4724
2016-07-07,8.4940
2016-07-08,8.5421
2016-07-11,8.4990
2016-07-12,8.4157
2016-07-13,8.4159
2016-07-14,8.3653
2016-07-15,8.4520
2016-07-18,8.4489
2016-07-19,8.5075
2016-07-20,8.4929
2016-07-21,8.4697
2016-07-22,8.5524
2016-07-25,8.5847
2016-07-26,8.5798
2016-07-27,8.5910
2016-07-28,8.5468
2016-07-29,8.4250
2016-08-01,8.4750
2016-08-02,8.4295
2016-08-03,8.4277
2016-08-04,8.4283
2016-08-05,8.4981
2016-08-08,8.4772
2016-08-09,8.3952
2016-08-10,8.2804
2016-08-11,8.2219
2016-08-12,8.1874
2016-08-15,8.2086
2016-08-16,8.1940
2016-08-17,8.2419
2016-08-18,8.1562
2016-08-19,8.2137
2016-08-22,8.2256
2016-08-23,8.2110
2016-08-24,8.2249
2016-08-25,8.2223
2016-08-26,8.2343
2016-08-29,8.2881
2016-08-30,8.3362
2016-08-31,8.3438
2016-09-01,8.3256
2016-09-02,8.3206
2016-09-05,.
2016-09-06,8.1862
2016-09-07,8.1839
2016-09-08,8.1934
2016-09-09,8.2573
2016-09-12,8.2301
2016-09-13,8.2491
2016-09-14,8.2232
2016-09-15,8.2309
2016-09-16,8.3020
2016-09-19,8.2822
2016-09-20,8.2961
2016-09-21,8.2941
2016-09-22,8.1070
2016-09-23,8.1099
2016-09-26,8.0889
2016-09-27,8.1532
2016-09-28,8.0828
2016-09-29,8.0040
2016-09-30,7.9897
2016-10-03,7.9725
2016-10-04,7.9934
2016-10-05,8.0317
2016-10-06,8.0431
2016-10-07,8.1198
2016-10-10,.
2016-10-11,8.1872
2016-10-12,8.2290
2016-10-13,8.1870
2016-10-14,8.2257
2016-10-17,8.1820
2016-10-18,8.1468
2016-10-19,8.1423
2016-10-20,8.1841
2016-10-21,8.2636
2016-10-24,8.2463
2016-10-25,8.2593
2016-10-26,8.2620
2016-10-27,8.2536
2016-10-28,8.2647
2016-10-31,8.2501
2016-11-01,8.1986
2016-11-02,8.1826
2016-11-03,8.1660
2016-11-04,8.1751
2016-11-07,8.2355
2016-11-08,8.2277
2016-11-09,8.2885
2016-11-10,8.3883
2016-11-11,.
2016-11-14,8.4973
2016-11-15,8.4359
2016-11-16,8.4915
2016-11-17,8.5061
2016-11-18,8.5850
2016-11-21,8.5630
2016-11-22,8.5354
2016-11-23,8.6025
2016-11-24,.
2016-11-25,8.5757
2016-11-28,8.5702
2016-11-29,8.5460
2016-11-30,8.5223
2016-12-01,8.4446
2016-12-02,8.4152
2016-12-05,8.3801
2016-12-06,8.3907
2016-12-07,8.3641
2016-12-08,8.4326
2016-12-09,8.5199
2016-12-12,8.4506
2016-12-13,8.4178
2016-12-14,8.4628
2016-12-15,8.6916
2016-12-16,8.6706
2016-12-19,8.6555
2016-12-20,8.6995
2016-12-21,8.6671
2016-12-22,8.7014
2016-12-23,8.7043
2016-12-26,.
2016-12-27,8.7092
2016-12-28,8.7485
2016-12-29,8.6598
2016-12-30,8.6107
2017-01-02,.
2017-01-03,8.6489
2017-01-04,8.5925
2017-01-05,8.4944
2017-01-06,8.5193
2017-01-09,8.5454
2017-01-10,8.5949
2017-01-11,8.6240
2017-01-12,8.4988
2017-01-13,8.5060
2017-01-16,.
2017-01-17,8.4667
2017-01-18,8.4536
2017-01-19,8.4648
2017-01-20,.
2017-01-23,8.3693
2017-01-24,8.3274
2017-01-25,8.3213
2017-01-26,8.3583
2017-01-27,8.3346
2017-01-30,8.3181
2017-01-31,8.2444
2017-02-01,8.2492
2017-02-02,8.2157
2017-02-03,8.2061
