DATE,DEXSDUS
2007-02-05,7.0564
2007-02-06,7.0393
2007-02-07,6.9993
2007-02-08,6.9653
2007-02-09,6.9950
2007-02-12,7.0409
2007-02-13,7.0316
2007-02-14,6.9595
2007-02-15,7.0310
2007-02-16,7.0379
2007-02-19,.
2007-02-20,7.0510
2007-02-21,7.0839
2007-02-22,7.0823
2007-02-23,7.0572
2007-02-26,7.0481
2007-02-27,6.9711
2007-02-28,6.9980
2007-03-01,7.0502
2007-03-02,7.0407
2007-03-05,7.1060
2007-03-06,7.0618
2007-03-07,7.0432
2007-03-08,7.0768
2007-03-09,7.0928
2007-03-12,7.0471
2007-03-13,7.0311
2007-03-14,7.0294
2007-03-15,6.9889
2007-03-16,6.9674
2007-03-19,6.9860
2007-03-20,6.9862
2007-03-21,6.9850
2007-03-22,6.9622
2007-03-23,6.9821
2007-03-26,6.9786
2007-03-27,6.9776
2007-03-28,7.0101
2007-03-29,6.9898
2007-03-30,6.9837
2007-04-02,7.0057
2007-04-03,7.0035
2007-04-04,6.9600
2007-04-05,6.9073
2007-04-06,6.9355
2007-04-09,6.9452
2007-04-10,6.9003
2007-04-11,6.9027
2007-04-12,6.8731
2007-04-13,6.8735
2007-04-16,6.7987
2007-04-17,6.7873
2007-04-18,6.7845
2007-04-19,6.7660
2007-04-20,6.7590
2007-04-23,6.7681
2007-04-24,6.7512
2007-04-25,6.7149
2007-04-26,6.7339
2007-04-27,6.7119
2007-04-30,6.6975
2007-05-01,6.7123
2007-05-02,6.7093
2007-05-03,6.7323
2007-05-04,6.7496
2007-05-07,6.7306
2007-05-08,6.7878
2007-05-09,6.7976
2007-05-10,6.8199
2007-05-11,6.8309
2007-05-14,6.8094
2007-05-15,6.7539
2007-05-16,6.8095
2007-05-17,6.8377
2007-05-18,6.8194
2007-05-21,6.8519
2007-05-22,6.8199
2007-05-23,6.8231
2007-05-24,6.8416
2007-05-25,6.8346
2007-05-28,.
2007-05-29,6.8779
2007-05-30,6.9376
2007-05-31,6.9191
2007-06-01,6.9293
2007-06-04,6.9161
2007-06-05,6.8872
2007-06-06,6.9225
2007-06-07,6.9280
2007-06-08,6.9992
2007-06-11,6.9962
2007-06-12,7.0644
2007-06-13,7.0708
2007-06-14,7.0794
2007-06-15,7.0405
2007-06-18,7.0380
2007-06-19,7.0116
2007-06-20,6.8968
2007-06-21,6.9052
2007-06-22,6.8791
2007-06-25,6.8768
2007-06-26,6.8845
2007-06-27,6.8910
2007-06-28,6.8555
2007-06-29,6.8455
2007-07-02,6.7934
2007-07-03,6.7678
2007-07-04,.
2007-07-05,6.7394
2007-07-06,6.7316
2007-07-09,6.7468
2007-07-10,6.6919
2007-07-11,6.6634
2007-07-12,6.6416
2007-07-13,6.6331
2007-07-16,6.6370
2007-07-17,6.6519
2007-07-18,6.6468
2007-07-19,6.6413
2007-07-20,6.6263
2007-07-23,6.6526
2007-07-24,6.6570
2007-07-25,6.7223
2007-07-26,6.7333
2007-07-27,6.7417
2007-07-30,6.7249
2007-07-31,6.7147
2007-08-01,6.7607
2007-08-02,6.7344
2007-08-03,6.6979
2007-08-06,6.6950
2007-08-07,6.7270
2007-08-08,6.6954
2007-08-09,6.7548
2007-08-10,6.7744
2007-08-13,6.8409
2007-08-14,6.8653
2007-08-15,6.9495
2007-08-16,6.9980
2007-08-17,6.9111
2007-08-20,6.9417
2007-08-21,6.9626
2007-08-22,6.9261
2007-08-23,6.9147
2007-08-24,6.8671
2007-08-27,6.8675
2007-08-28,6.8894
2007-08-29,6.8584
2007-08-30,6.8724
2007-08-31,6.8822
2007-09-03,6.8822
2007-09-04,6.8946
2007-09-05,6.8662
2007-09-06,6.8188
2007-09-07,6.7865
2007-09-10,6.7768
2007-09-11,6.7414
2007-09-12,6.6684
2007-09-13,6.6660
2007-09-14,6.6960
2007-09-17,6.6935
2007-09-18,6.6884
2007-09-19,6.6251
2007-09-20,6.5347
2007-09-21,6.5284
2007-09-24,6.5133
2007-09-25,6.5151
2007-09-26,6.5350
2007-09-27,6.5211
2007-09-28,6.4745
2007-10-01,6.4470
2007-10-02,6.5023
2007-10-03,6.4982
2007-10-04,6.5118
2007-10-05,6.4713
2007-10-08,6.4713
2007-10-09,6.4976
2007-10-10,6.4517
2007-10-11,6.4025
2007-10-12,6.4243
2007-10-15,6.4107
2007-10-16,6.4607
2007-10-17,6.4460
2007-10-18,6.4132
2007-10-19,6.4280
2007-10-22,6.5156
2007-10-23,6.4515
2007-10-24,6.4792
2007-10-25,6.4345
2007-10-26,6.3817
2007-10-29,6.3836
2007-10-30,6.3654
2007-10-31,6.3608
2007-11-01,6.4111
2007-11-02,6.4015
2007-11-05,6.4070
2007-11-06,6.3523
2007-11-07,6.2989
2007-11-08,6.2978
2007-11-09,6.3260
2007-11-12,.
2007-11-13,6.3451
2007-11-14,6.2813
2007-11-15,6.3100
2007-11-16,6.3244
2007-11-19,6.3258
2007-11-20,6.2809
2007-11-21,6.2921
2007-11-22,6.2921
2007-11-23,6.2701
2007-11-26,6.2356
2007-11-27,6.2915
2007-11-28,6.3340
2007-11-29,6.3503
2007-11-30,6.3806
2007-12-03,6.4022
2007-12-04,6.3636
2007-12-05,6.4050
2007-12-06,6.4169
2007-12-07,6.3984
2007-12-10,6.3889
2007-12-11,6.3991
2007-12-12,6.4069
2007-12-13,6.4681
2007-12-14,6.5069
2007-12-17,6.5705
2007-12-18,6.5681
2007-12-19,6.6089
2007-12-20,6.5840
2007-12-21,6.5911
2007-12-24,6.5808
2007-12-25,.
2007-12-26,6.5187
2007-12-27,6.4854
2007-12-28,6.4086
2007-12-31,6.4568
2008-01-01,.
2008-01-02,6.3966
2008-01-03,6.3547
2008-01-04,6.3352
2008-01-07,6.3821
2008-01-08,6.3752
2008-01-09,6.4210
2008-01-10,6.3521
2008-01-11,6.3435
2008-01-14,6.3080
2008-01-15,6.3341
2008-01-16,6.4398
2008-01-17,6.4161
2008-01-18,6.4475
2008-01-21,.
2008-01-22,6.5015
2008-01-23,6.5289
2008-01-24,6.4207
2008-01-25,6.4562
2008-01-28,6.3968
2008-01-29,6.3960
2008-01-30,6.3714
2008-01-31,6.3758
2008-02-01,6.3512
2008-02-04,6.3268
2008-02-05,6.4433
2008-02-06,6.4218
2008-02-07,6.5116
2008-02-08,6.4903
2008-02-11,6.5012
2008-02-12,6.4343
2008-02-13,6.4116
2008-02-14,6.3771
2008-02-15,6.3418
2008-02-18,.
2008-02-19,6.3093
2008-02-20,6.3517
2008-02-21,6.2850
2008-02-22,6.2909
2008-02-25,6.2909
2008-02-26,6.2503
2008-02-27,6.1643
2008-02-28,6.1741
2008-02-29,6.1716
2008-03-03,6.1562
2008-03-04,6.1598
2008-03-05,6.1232
2008-03-06,6.1020
2008-03-07,6.1337
2008-03-10,6.1191
2008-03-11,6.1279
2008-03-12,6.0762
2008-03-13,6.0559
2008-03-14,6.0541
2008-03-17,6.0058
2008-03-18,5.9863
2008-03-19,6.0065
2008-03-20,6.1176
2008-03-21,6.0980
2008-03-24,6.1328
2008-03-25,6.0231
2008-03-26,5.9696
2008-03-27,5.9498
2008-03-28,5.9540
2008-03-31,5.9360
2008-04-01,6.0079
2008-04-02,5.9920
2008-04-03,5.9678
2008-04-04,5.9543
2008-04-07,5.9570
2008-04-08,5.9610
2008-04-09,5.9338
2008-04-10,5.9620
2008-04-11,5.9586
2008-04-14,5.9400
2008-04-15,5.9512
2008-04-16,5.8751
2008-04-17,5.9066
2008-04-18,5.9732
2008-04-21,5.8976
2008-04-22,5.8346
2008-04-23,5.8730
2008-04-24,5.9460
2008-04-25,5.9758
2008-04-28,5.9758
2008-04-29,5.9991
2008-04-30,5.9910
2008-05-01,6.0513
2008-05-02,6.0685
2008-05-05,6.0386
2008-05-06,6.0022
2008-05-07,6.0595
2008-05-08,6.0295
2008-05-09,6.0035
2008-05-12,5.9753
2008-05-13,5.9924
2008-05-14,6.0158
2008-05-15,6.0302
2008-05-16,5.9696
2008-05-19,5.9827
2008-05-20,5.9288
2008-05-21,5.9094
2008-05-22,5.9313
2008-05-23,5.8934
2008-05-26,.
2008-05-27,5.9096
2008-05-28,5.9784
2008-05-29,5.9965
2008-05-30,5.9959
2008-06-02,6.0260
2008-06-03,6.0382
2008-06-04,6.0405
2008-06-05,5.9867
2008-06-06,5.9242
2008-06-09,5.9470
2008-06-10,6.0457
2008-06-11,6.0168
2008-06-12,6.0880
2008-06-13,6.0954
2008-06-16,6.0387
2008-06-17,6.0300
2008-06-18,6.0506
2008-06-19,6.0588
2008-06-20,6.0162
2008-06-23,6.0654
2008-06-24,6.0363
2008-06-25,6.0393
2008-06-26,5.9777
2008-06-27,5.9813
2008-06-30,6.0208
2008-07-01,5.9874
2008-07-02,5.9690
2008-07-03,5.9876
2008-07-04,.
2008-07-07,6.0087
2008-07-08,6.0280
2008-07-09,6.0026
2008-07-10,5.9991
2008-07-11,5.9560
2008-07-14,5.9600
2008-07-15,5.9611
2008-07-16,6.0066
2008-07-17,5.9636
2008-07-18,5.9584
2008-07-21,5.9532
2008-07-22,5.9905
2008-07-23,6.0233
2008-07-24,6.0400
2008-07-25,6.0375
2008-07-28,6.0056
2008-07-29,6.0793
2008-07-30,6.0615
2008-07-31,6.0532
2008-08-01,6.0780
2008-08-04,6.0757
2008-08-05,6.1048
2008-08-06,6.1090
2008-08-07,6.1147
2008-08-08,6.2419
2008-08-11,6.2790
2008-08-12,6.2987
2008-08-13,6.2883
2008-08-14,6.3030
2008-08-15,6.3661
2008-08-18,6.3458
2008-08-19,6.3784
2008-08-20,6.3870
2008-08-21,6.2983
2008-08-22,6.3200
2008-08-25,6.3244
2008-08-26,6.3914
2008-08-27,6.4080
2008-08-28,6.4212
2008-08-29,6.4399
2008-09-01,.
2008-09-02,6.5066
2008-09-03,6.5400
2008-09-04,6.5897
2008-09-05,6.6271
2008-09-08,6.7067
2008-09-09,6.7109
2008-09-10,6.7817
2008-09-11,6.8395
2008-09-12,6.7162
2008-09-15,6.7555
2008-09-16,6.7932
2008-09-17,6.8180
2008-09-18,6.6796
2008-09-19,6.6435
2008-09-22,6.5123
2008-09-23,6.5391
2008-09-24,6.6000
2008-09-25,6.5897
2008-09-26,6.6350
2008-09-29,6.7837
2008-09-30,6.9459
2008-10-01,6.9107
2008-10-02,7.0058
2008-10-03,7.0341
2008-10-06,7.2172
2008-10-07,7.0776
2008-10-08,7.0807
2008-10-09,7.0828
2008-10-10,7.1693
2008-10-13,.
2008-10-14,7.1399
2008-10-15,7.3410
2008-10-16,7.4486
2008-10-17,7.3980
2008-10-20,7.4801
2008-10-21,7.6665
2008-10-22,7.8291
2008-10-23,7.7268
2008-10-24,7.8615
2008-10-27,8.0805
2008-10-28,8.0404
2008-10-29,7.6814
2008-10-30,7.7044
2008-10-31,7.7816
2008-11-03,7.7400
2008-11-04,7.5957
2008-11-05,7.6839
2008-11-06,7.8598
2008-11-07,7.8538
2008-11-10,7.8183
2008-11-11,.
2008-11-12,8.0426
2008-11-13,8.0239
2008-11-14,7.8552
2008-11-17,7.9335
2008-11-18,7.9931
2008-11-19,8.1123
2008-11-20,8.2498
2008-11-21,8.4380
2008-11-24,8.0450
2008-11-25,7.8610
2008-11-26,8.0750
2008-11-27,.
2008-11-28,8.1199
2008-12-01,8.2834
2008-12-02,8.1561
2008-12-03,8.1945
2008-12-04,8.1949
2008-12-05,8.4858
2008-12-08,8.0502
2008-12-09,8.1599
2008-12-10,8.1049
2008-12-11,7.9622
2008-12-12,8.0778
2008-12-15,8.0302
2008-12-16,8.0933
2008-12-17,7.6754
2008-12-18,7.6800
2008-12-19,7.8465
2008-12-22,7.8612
2008-12-23,7.9736
2008-12-24,8.0357
2008-12-25,.
2008-12-26,8.0072
2008-12-29,7.7354
2008-12-30,7.7875
2008-12-31,7.8770
2009-01-01,.
2009-01-02,7.7836
2009-01-05,7.9217
2009-01-06,7.8715
2009-01-07,7.7658
2009-01-08,7.8404
2009-01-09,7.9293
2009-01-12,8.0622
2009-01-13,8.2419
2009-01-14,8.3951
2009-01-15,8.3587
2009-01-16,8.2010
2009-01-19,.
2009-01-20,8.3929
2009-01-21,8.3394
2009-01-22,8.2329
2009-01-23,8.2494
2009-01-26,7.9832
2009-01-27,8.0804
2009-01-28,7.9540
2009-01-29,8.1204
2009-01-30,8.3647
2009-02-02,8.3831
2009-02-03,8.2575
2009-02-04,8.2768
2009-02-05,8.2685
2009-02-06,8.1745
2009-02-09,7.9905
2009-02-10,8.1988
2009-02-11,8.3834
2009-02-12,8.4300
2009-02-13,8.3500
2009-02-16,.
2009-02-17,8.8196
2009-02-18,8.7568
2009-02-19,8.7270
2009-02-20,8.8018
2009-02-23,8.7602
2009-02-24,8.9220
2009-02-25,8.9177
2009-02-26,8.9230
2009-02-27,9.0240
2009-03-02,9.1955
2009-03-03,9.2730
2009-03-04,9.0759
2009-03-05,9.2863
2009-03-06,9.2012
2009-03-09,9.1100
2009-03-10,8.8852
2009-03-11,8.7906
2009-03-12,8.7407
2009-03-13,8.6372
2009-03-16,8.4445
2009-03-17,8.5039
2009-03-18,8.3778
2009-03-19,7.9558
2009-03-20,8.1644
2009-03-23,8.0470
2009-03-24,8.0927
2009-03-25,8.0700
2009-03-26,8.0113
2009-03-27,8.1513
2009-03-30,8.3327
2009-03-31,8.2522
2009-04-01,8.2182
2009-04-02,8.0222
2009-04-03,7.9945
2009-04-06,8.0541
2009-04-07,8.1690
2009-04-08,8.2267
2009-04-09,8.3114
2009-04-10,8.2710
2009-04-13,8.1683
2009-04-14,8.1536
2009-04-15,8.3090
2009-04-16,8.3080
2009-04-17,8.4525
2009-04-20,8.6763
2009-04-21,8.5214
2009-04-22,8.4171
2009-04-23,8.3676
2009-04-24,8.0830
2009-04-27,8.1212
2009-04-28,8.2068
2009-04-29,8.0143
2009-04-30,7.9882
2009-05-01,8.0405
2009-05-04,7.9155
2009-05-05,7.9285
2009-05-06,7.9318
2009-05-07,7.8438
2009-05-08,7.7426
2009-05-11,7.7638
2009-05-12,7.8138
2009-05-13,7.8751
2009-05-14,7.8492
2009-05-15,7.8593
2009-05-18,7.7879
2009-05-19,7.6954
2009-05-20,7.5764
2009-05-21,7.5800
2009-05-22,7.4613
2009-05-25,.
2009-05-26,7.5600
2009-05-27,7.6510
2009-05-28,7.7053
2009-05-29,7.6222
2009-06-01,7.3909
2009-06-02,7.5082
2009-06-03,7.6554
2009-06-04,7.6450
2009-06-05,7.7682
2009-06-08,7.8522
2009-06-09,7.7081
2009-06-10,7.6875
2009-06-11,7.6530
2009-06-12,7.6455
2009-06-15,7.8927
2009-06-16,7.8283
2009-06-17,7.9365
2009-06-18,7.8621
2009-06-19,7.8520
2009-06-22,8.0137
2009-06-23,7.9354
2009-06-24,7.8470
2009-06-25,7.9478
2009-06-26,7.7879
2009-06-29,7.7293
2009-06-30,7.7282
2009-07-01,7.5568
2009-07-02,7.7574
2009-07-03,7.7717
2009-07-06,7.8508
2009-07-07,7.8957
2009-07-08,8.0010
2009-07-09,7.8460
2009-07-10,7.9575
2009-07-13,7.8980
2009-07-14,7.8795
2009-07-15,7.7686
2009-07-16,7.8092
2009-07-17,7.8307
2009-07-20,7.7651
2009-07-21,7.6527
2009-07-22,7.6020
2009-07-23,7.4414
2009-07-24,7.4597
2009-07-27,7.4307
2009-07-28,7.4328
2009-07-29,7.5021
2009-07-30,7.4131
2009-07-31,7.2171
2009-08-03,7.0895
2009-08-04,7.1522
2009-08-05,7.1521
2009-08-06,7.1478
2009-08-07,7.1771
2009-08-10,7.2580
2009-08-11,7.3336
2009-08-12,7.1957
2009-08-13,7.1441
2009-08-14,7.1899
2009-08-17,7.2829
2009-08-18,7.2798
2009-08-19,7.1776
2009-08-20,7.1599
2009-08-21,7.0257
2009-08-24,7.0353
2009-08-25,7.0303
2009-08-26,7.1331
2009-08-27,7.1411
2009-08-28,7.0634
2009-08-31,7.1105
2009-09-01,7.2470
2009-09-02,7.2175
2009-09-03,7.2209
2009-09-04,7.1847
2009-09-07,.
2009-09-08,7.0361
2009-09-09,7.0019
2009-09-10,7.0359
2009-09-11,6.9990
2009-09-14,7.0006
2009-09-15,6.9800
2009-09-16,6.8865
2009-09-17,6.8629
2009-09-18,6.8657
2009-09-21,6.9102
2009-09-22,6.8049
2009-09-23,6.8440
2009-09-24,6.8983
2009-09-25,6.9364
2009-09-28,6.9445
2009-09-29,7.0238
2009-09-30,6.9751
2009-10-01,7.0413
2009-10-02,7.0376
2009-10-05,7.0424
2009-10-06,6.9284
2009-10-07,7.0324
2009-10-08,6.9569
2009-10-09,7.0129
2009-10-12,.
2009-10-13,6.9718
2009-10-14,6.9198
2009-10-15,6.9211
2009-10-16,6.9708
2009-10-19,6.9316
2009-10-20,6.9653
2009-10-21,6.8283
2009-10-22,6.8500
2009-10-23,6.7908
2009-10-26,6.8213
2009-10-27,6.9552
2009-10-28,7.0426
2009-10-29,6.9834
2009-10-30,7.0508
2009-11-02,6.9971
2009-11-03,7.1360
2009-11-04,7.0337
2009-11-05,7.0082
2009-11-06,7.0057
2009-11-09,6.8494
2009-11-10,6.8445
2009-11-11,.
2009-11-12,6.8911
2009-11-13,6.8414
2009-11-16,6.7950
2009-11-17,6.8955
2009-11-18,6.8181
2009-11-19,6.8934
2009-11-20,6.9339
2009-11-23,6.8805
2009-11-24,6.9468
2009-11-25,6.8755
2009-11-26,.
2009-11-27,6.9699
2009-11-30,6.9919
2009-12-01,6.9053
2009-12-02,6.8723
2009-12-03,6.8419
2009-12-04,6.9687
2009-12-07,7.0461
2009-12-08,7.1127
2009-12-09,7.1179
2009-12-10,7.0942
2009-12-11,7.1362
2009-12-14,7.1005
2009-12-15,7.1829
2009-12-16,7.1623
2009-12-17,7.3008
2009-12-18,7.2923
2009-12-21,7.2702
2009-12-22,7.3322
2009-12-23,7.2793
2009-12-24,7.2892
2009-12-25,.
2009-12-28,7.2141
2009-12-29,7.2010
2009-12-30,7.1710
2009-12-31,7.1532
2010-01-01,.
2010-01-04,7.0633
2010-01-05,7.0919
2010-01-06,7.0744
2010-01-07,7.1251
2010-01-08,7.1185
2010-01-11,7.0242
2010-01-12,7.0409
2010-01-13,7.0453
2010-01-14,7.0217
2010-01-15,7.0611
2010-01-18,.
2010-01-19,7.0926
2010-01-20,7.1896
2010-01-21,7.2175
2010-01-22,7.2227
2010-01-25,7.2387
2010-01-26,7.3075
2010-01-27,7.2952
2010-01-28,7.2992
2010-01-29,7.3852
2010-02-01,7.2766
2010-02-02,7.2426
2010-02-03,7.2670
2010-02-04,7.3958
2010-02-05,7.4777
2010-02-08,7.4020
2010-02-09,7.3280
2010-02-10,7.3148
2010-02-11,7.2718
2010-02-12,7.2563
2010-02-15,.
2010-02-16,7.1868
2010-02-17,7.2038
2010-02-18,7.2189
2010-02-19,7.2483
2010-02-22,7.2035
2010-02-23,7.2477
2010-02-24,7.2038
2010-02-25,7.2505
2010-02-26,7.1010
2010-03-01,7.2029
2010-03-02,7.1830
2010-03-03,7.1208
2010-03-04,7.1651
2010-03-05,7.1213
2010-03-08,7.1164
2010-03-09,7.1461
2010-03-10,7.1204
2010-03-11,7.1125
2010-03-12,7.0597
2010-03-15,7.1310
2010-03-16,7.0615
2010-03-17,7.0720
2010-03-18,7.1427
2010-03-19,7.1579
2010-03-22,7.2042
2010-03-23,7.1703
2010-03-24,7.2628
2010-03-25,7.2201
2010-03-26,7.2525
2010-03-29,7.2511
2010-03-30,7.2712
2010-03-31,7.2028
2010-04-01,7.1672
2010-04-02,7.1910
2010-04-05,7.1714
2010-04-06,7.2249
2010-04-07,7.2320
2010-04-08,7.2370
2010-04-09,7.2110
2010-04-12,7.1872
2010-04-13,7.1656
2010-04-14,7.1175
2010-04-15,7.1539
2010-04-16,7.1909
2010-04-19,7.1902
2010-04-20,7.1465
2010-04-21,7.1848
2010-04-22,7.2422
2010-04-23,7.1778
2010-04-26,7.1680
2010-04-27,7.2664
2010-04-28,7.3420
2010-04-29,7.2528
2010-04-30,7.2359
2010-05-03,7.2807
2010-05-04,7.3850
2010-05-05,7.4891
2010-05-06,7.6822
2010-05-07,7.6913
2010-05-10,7.4981
2010-05-11,7.5814
2010-05-12,7.5594
2010-05-13,7.6020
2010-05-14,7.7468
2010-05-17,7.8035
2010-05-18,7.7450
2010-05-19,7.8712
2010-05-20,7.9583
2010-05-21,7.7984
2010-05-24,7.8262
2010-05-25,7.9904
2010-05-26,7.9419
2010-05-27,7.8392
2010-05-28,7.7942
2010-05-31,.
2010-06-01,7.8104
2010-06-02,7.8260
2010-06-03,7.8258
2010-06-04,7.9977
2010-06-07,8.0593
2010-06-08,8.0499
2010-06-09,7.9652
2010-06-10,7.8925
2010-06-11,7.9337
2010-06-14,7.8139
2010-06-15,7.7515
2010-06-16,7.7870
2010-06-17,7.7483
2010-06-18,7.7205
2010-06-21,7.6742
2010-06-22,7.7452
2010-06-23,7.7626
2010-06-24,7.7872
2010-06-25,7.7400
2010-06-28,7.7315
2010-06-29,7.7994
2010-06-30,7.7521
2010-07-01,7.7202
2010-07-02,7.6214
2010-07-05,.
2010-07-06,7.5776
2010-07-07,7.6153
2010-07-08,7.5235
2010-07-09,7.4780
2010-07-12,7.5093
2010-07-13,7.4060
2010-07-14,7.3612
2010-07-15,7.3102
2010-07-16,7.3499
2010-07-19,7.3450
2010-07-20,7.3704
2010-07-21,7.3669
2010-07-22,7.3131
2010-07-23,7.3471
2010-07-26,7.2821
2010-07-27,7.2998
2010-07-28,7.2946
2010-07-29,7.2490
2010-07-30,7.1972
2010-08-02,7.0986
2010-08-03,7.0860
2010-08-04,7.1408
2010-08-05,7.1369
2010-08-06,7.0805
2010-08-09,7.0959
2010-08-10,7.1944
2010-08-11,7.3475
2010-08-12,7.3736
2010-08-13,7.4364
2010-08-16,7.3583
2010-08-17,7.3120
2010-08-18,7.3380
2010-08-19,7.3777
2010-08-20,7.4316
2010-08-23,7.4046
2010-08-24,7.4490
2010-08-25,7.4650
2010-08-26,7.4013
2010-08-27,7.3454
2010-08-30,7.3908
2010-08-31,7.3690
2010-09-01,7.2696
2010-09-02,7.2552
2010-09-03,7.2318
2010-09-06,.
2010-09-07,7.3134
2010-09-08,7.2749
2010-09-09,7.2720
2010-09-10,7.2326
2010-09-13,7.1346
2010-09-14,7.0469
2010-09-15,7.0826
2010-09-16,7.0527
2010-09-17,7.0629
2010-09-20,6.9909
2010-09-21,6.9669
2010-09-22,6.8608
2010-09-23,6.8868
2010-09-24,6.8200
2010-09-27,6.8380
2010-09-28,6.7649
2010-09-29,6.7144
2010-09-30,6.7626
2010-10-01,6.7117
2010-10-04,6.7725
2010-10-05,6.7018
2010-10-06,6.6991
2010-10-07,6.6572
2010-10-08,6.6730
2010-10-11,.
2010-10-12,6.6960
2010-10-13,6.6343
2010-10-14,6.5580
2010-10-15,6.6209
2010-10-18,6.6383
2010-10-19,6.7490
2010-10-20,6.6679
2010-10-21,6.6498
2010-10-22,6.6408
2010-10-25,6.5734
2010-10-26,6.7083
2010-10-27,6.7647
2010-10-28,6.7193
2010-10-29,6.7048
2010-11-01,6.6923
2010-11-02,6.6421
2010-11-03,6.6479
2010-11-04,6.5145
2010-11-05,6.5991
2010-11-08,6.6954
2010-11-09,6.6931
2010-11-10,6.7540
2010-11-11,.
2010-11-12,6.8407
2010-11-15,6.8656
2010-11-16,6.9486
2010-11-17,6.9169
2010-11-18,6.8791
2010-11-19,6.8709
2010-11-22,6.8924
2010-11-23,6.9856
2010-11-24,6.9420
2010-11-25,.
2010-11-26,6.9969
2010-11-29,7.0130
2010-11-30,7.0125
2010-12-01,6.9666
2010-12-02,6.9024
2010-12-03,6.8257
2010-12-06,6.8600
2010-12-07,6.8604
2010-12-08,6.8921
2010-12-09,6.9052
2010-12-10,6.8905
2010-12-13,6.8393
2010-12-14,6.8010
2010-12-15,6.8143
2010-12-16,6.8305
2010-12-17,6.8440
2010-12-20,6.8473
2010-12-21,6.8278
2010-12-22,6.8648
2010-12-23,6.8529
2010-12-24,.
2010-12-27,6.8315
2010-12-28,6.8630
2010-12-29,6.8247
2010-12-30,6.7571
2010-12-31,.
2011-01-03,6.6916
2011-01-04,6.7284
2011-01-05,6.7653
2011-01-06,6.8580
2011-01-07,6.8977
2011-01-10,6.8793
2011-01-11,6.8374
2011-01-12,6.7707
2011-01-13,6.6903
2011-01-14,6.6924
2011-01-17,.
2011-01-18,6.6582
2011-01-19,6.6030
2011-01-20,6.6683
2011-01-21,6.6026
2011-01-24,6.5745
2011-01-25,6.5468
2011-01-26,6.4711
2011-01-27,6.4493
2011-01-28,6.5284
2011-01-31,6.4318
2011-02-01,6.3879
2011-02-02,6.4451
2011-02-03,6.4713
2011-02-04,6.4873
2011-02-07,6.4737
2011-02-08,6.4011
2011-02-09,6.4362
2011-02-10,6.4583
2011-02-11,6.4907
2011-02-14,6.5005
2011-02-15,6.4828
2011-02-16,6.4234
2011-02-17,6.4100
2011-02-18,6.3946
2011-02-21,.
2011-02-22,6.4301
2011-02-23,6.3941
2011-02-24,6.3889
2011-02-25,6.4289
2011-02-28,6.3442
2011-03-01,6.3122
2011-03-02,6.3185
2011-03-03,6.3249
2011-03-04,6.3447
2011-03-07,6.3557
2011-03-08,6.3658
2011-03-09,6.3370
2011-03-10,6.3893
2011-03-11,6.3695
2011-03-14,6.3496
2011-03-15,6.4153
2011-03-16,6.4762
2011-03-17,6.4105
2011-03-18,6.3080
2011-03-21,6.2844
2011-03-22,6.3009
2011-03-23,6.3372
2011-03-24,6.3073
2011-03-25,6.3552
2011-03-28,6.3674
2011-03-29,6.3544
2011-03-30,6.3360
2011-03-31,6.3134
2011-04-01,6.2937
2011-04-04,6.3126
2011-04-05,6.3186
2011-04-06,6.2971
2011-04-07,6.3223
2011-04-08,6.2176
2011-04-11,6.2449
2011-04-12,6.2989
2011-04-13,6.2494
2011-04-14,6.2235
2011-04-15,6.1947
2011-04-18,6.3130
2011-04-19,6.2315
2011-04-20,6.1234
2011-04-21,6.0854
2011-04-22,6.1160
2011-04-25,6.0838
2011-04-26,6.1023
2011-04-27,6.0907
2011-04-28,6.0340
2011-04-29,6.0258
2011-05-02,5.9968
2011-05-03,6.0239
2011-05-04,6.0808
2011-05-05,6.1901
2011-05-06,6.2262
2011-05-09,6.2712
2011-05-10,6.2357
2011-05-11,6.2852
2011-05-12,6.3036
2011-05-13,6.3745
2011-05-16,6.3202
2011-05-17,6.3593
2011-05-18,6.2968
2011-05-19,6.2788
2011-05-20,6.3104
2011-05-23,6.3796
2011-05-24,6.3332
2011-05-25,6.3157
2011-05-26,6.3194
2011-05-27,6.2244
2011-05-30,.
2011-05-31,6.1779
2011-06-01,6.1812
2011-06-02,6.2300
2011-06-03,6.1414
2011-06-06,6.1651
2011-06-07,6.1431
2011-06-08,6.1754
2011-06-09,6.2142
2011-06-10,6.3241
2011-06-13,6.3495
2011-06-14,6.3130
2011-06-15,6.4535
2011-06-16,6.4909
2011-06-17,6.3990
2011-06-20,6.3952
2011-06-21,6.3567
2011-06-22,6.3538
2011-06-23,6.5030
2011-06-24,6.4782
2011-06-27,6.4393
2011-06-28,6.4384
2011-06-29,6.3526
2011-06-30,6.3027
2011-07-01,6.2746
2011-07-04,.
2011-07-05,6.2613
2011-07-06,6.3427
2011-07-07,6.3230
2011-07-08,6.3898
2011-07-11,6.5488
2011-07-12,6.5498
2011-07-13,6.4668
2011-07-14,6.4937
2011-07-15,6.4911
2011-07-18,6.5991
2011-07-19,6.5170
2011-07-20,6.4620
2011-07-21,6.3195
2011-07-22,6.3402
2011-07-25,6.3340
2011-07-26,6.2573
2011-07-27,6.3244
2011-07-28,6.3337
2011-07-29,6.2860
2011-08-01,6.3514
2011-08-02,6.3427
2011-08-03,6.3466
2011-08-04,6.5030
2011-08-05,6.5227
2011-08-08,6.4612
2011-08-09,6.5263
2011-08-10,6.5620
2011-08-11,6.4880
2011-08-12,6.4989
2011-08-15,6.3999
2011-08-16,6.3917
2011-08-17,6.3392
2011-08-18,6.4427
2011-08-19,6.3681
2011-08-22,6.3523
2011-08-23,6.3294
2011-08-24,6.3176
2011-08-25,6.3272
2011-08-26,6.2952
2011-08-29,6.2921
2011-08-30,6.3516
2011-08-31,6.3223
2011-09-01,6.3742
2011-09-02,6.4031
2011-09-05,.
2011-09-06,6.4520
2011-09-07,6.3860
2011-09-08,6.3994
2011-09-09,6.4931
2011-09-12,6.6634
2011-09-13,6.6765
2011-09-14,6.7220
2011-09-15,6.6150
2011-09-16,6.6457
2011-09-19,6.7191
2011-09-20,6.6295
2011-09-21,6.6761
2011-09-22,6.9087
2011-09-23,6.8765
2011-09-26,6.8530
2011-09-27,6.7328
2011-09-28,6.7521
2011-09-29,6.7686
2011-09-30,6.8190
2011-10-03,6.8541
2011-10-04,6.9050
2011-10-05,6.8783
2011-10-06,6.8398
2011-10-07,6.7451
2011-10-10,.
2011-10-11,6.6716
2011-10-12,6.6111
2011-10-13,6.6767
2011-10-14,6.6053
2011-10-17,6.6392
2011-10-18,6.6571
2011-10-19,6.6112
2011-10-20,6.6738
2011-10-21,6.5712
2011-10-24,6.5460
2011-10-25,6.5537
2011-10-26,6.5635
2011-10-27,6.3575
2011-10-28,6.3676
2011-10-31,6.4635
2011-11-01,6.6242
2011-11-02,6.5799
2011-11-03,6.5786
2011-11-04,6.6020
2011-11-07,6.5744
2011-11-08,6.5507
2011-11-09,6.6606
2011-11-10,6.6812
2011-11-11,.
2011-11-14,6.7029
2011-11-15,6.7385
2011-11-16,6.7797
2011-11-17,6.7705
2011-11-18,6.7773
2011-11-21,6.8092
2011-11-22,6.8221
2011-11-23,6.9138
2011-11-24,.
2011-11-25,7.0013
2011-11-28,6.9458
2011-11-29,6.8848
2011-11-30,6.7555
2011-12-01,6.7618
2011-12-02,6.7650
2011-12-05,6.7128
2011-12-06,6.7474
2011-12-07,6.7405
2011-12-08,6.7980
2011-12-09,6.7379
2011-12-12,6.8695
2011-12-13,6.9435
2011-12-14,7.0054
2011-12-15,6.9736
2011-12-16,6.9292
2011-12-19,6.9065
2011-12-20,6.8582
2011-12-21,6.9037
2011-12-22,6.8708
2011-12-23,6.8897
2011-12-26,.
2011-12-27,6.8530
2011-12-28,6.9177
2011-12-29,6.9029
2011-12-30,6.8737
2012-01-02,.
2012-01-03,6.8109
2012-01-04,6.8518
2012-01-05,6.9320
2012-01-06,6.9318
2012-01-09,6.9184
2012-01-10,6.8770
2012-01-11,6.9412
2012-01-12,6.9221
2012-01-13,7.0137
2012-01-16,.
2012-01-17,6.9227
2012-01-18,6.8644
2012-01-19,6.7623
2012-01-20,6.7785
2012-01-23,6.7350
2012-01-24,6.7690
2012-01-25,6.8169
2012-01-26,6.7539
2012-01-27,6.7527
2012-01-30,6.7557
2012-01-31,6.8161
2012-02-01,6.7389
2012-02-02,6.7305
2012-02-03,6.7206
2012-02-06,6.7084
2012-02-07,6.6658
2012-02-08,6.6479
2012-02-09,6.6233
2012-02-10,6.6743
2012-02-13,6.6480
2012-02-14,6.6843
2012-02-15,6.7058
2012-02-16,6.7327
2012-02-17,6.7182
2012-02-20,.
2012-02-21,6.6447
2012-02-22,6.6613
2012-02-23,6.6470
2012-02-24,6.5561
2012-02-27,6.5868
2012-02-28,6.5591
2012-02-29,6.5843
2012-03-01,6.6206
2012-03-02,6.6790
2012-03-05,6.6943
2012-03-06,6.7903
2012-03-07,6.7939
2012-03-08,6.7059
2012-03-09,6.7960
2012-03-12,6.8108
2012-03-13,6.7629
2012-03-14,6.8522
2012-03-15,6.8099
2012-03-16,6.7489
2012-03-19,6.7104
2012-03-20,6.7485
2012-03-21,6.7307
2012-03-22,6.7711
2012-03-23,6.7422
2012-03-26,6.6810
2012-03-27,6.6801
2012-03-28,6.6748
2012-03-29,6.6799
2012-03-30,6.6191
2012-04-02,6.6042
2012-04-03,6.5950
2012-04-04,6.7087
2012-04-05,6.7524
2012-04-06,6.7518
2012-04-09,6.7716
2012-04-10,6.8118
2012-04-11,6.7954
2012-04-12,6.7490
2012-04-13,6.7880
2012-04-16,6.7911
2012-04-17,6.7693
2012-04-18,6.7418
2012-04-19,6.7285
2012-04-20,6.6936
2012-04-23,6.7723
2012-04-24,6.7360
2012-04-25,6.7312
2012-04-26,6.7171
2012-04-27,6.7170
2012-04-30,6.7274
2012-05-01,6.7206
2012-05-02,6.7468
2012-05-03,6.7585
2012-05-04,6.8163
2012-05-07,6.8190
2012-05-08,6.8502
2012-05-09,6.8710
2012-05-10,6.9286
2012-05-11,6.9432
2012-05-14,7.0303
2012-05-15,7.1303
2012-05-16,7.1545
2012-05-17,7.1988
2012-05-18,7.1841
2012-05-21,7.1274
2012-05-22,7.1153
2012-05-23,7.1903
2012-05-24,7.1558
2012-05-25,7.1681
2012-05-28,.
2012-05-29,7.2084
2012-05-30,7.2323
2012-05-31,7.2655
2012-06-01,7.2494
2012-06-04,7.1865
2012-06-05,7.2235
2012-06-06,7.1922
2012-06-07,7.1461
2012-06-08,7.1526
2012-06-11,7.0997
2012-06-12,7.0950
2012-06-13,7.0241
2012-06-14,7.0235
2012-06-15,6.9962
2012-06-18,7.0374
2012-06-19,6.9574
2012-06-20,6.9518
2012-06-21,6.9974
2012-06-22,7.0167
2012-06-25,7.0877
2012-06-26,7.0828
2012-06-27,7.0687
2012-06-28,7.0666
2012-06-29,6.9123
2012-07-02,6.9189
2012-07-03,6.9263
2012-07-04,.
2012-07-05,6.9619
2012-07-06,7.0284
2012-07-09,7.0114
2012-07-10,6.9778
2012-07-11,6.9965
2012-07-12,7.0341
2012-07-13,7.0320
2012-07-16,7.0411
2012-07-17,6.9956
2012-07-18,6.9406
2012-07-19,6.9326
2012-07-20,6.9280
2012-07-23,6.9670
2012-07-24,6.9793
2012-07-25,6.9800
2012-07-26,6.8726
2012-07-27,6.8516
2012-07-30,6.7956
2012-07-31,6.7870
2012-08-01,6.7602
2012-08-02,6.8218
2012-08-03,6.7119
2012-08-06,6.7051
2012-08-07,6.7024
2012-08-08,6.6843
2012-08-09,6.7026
2012-08-10,6.6560
2012-08-13,6.6952
2012-08-14,6.6906
2012-08-15,6.6895
2012-08-16,6.6941
2012-08-17,6.6915
2012-08-20,6.6680
2012-08-21,6.6537
2012-08-22,6.6662
2012-08-23,6.6023
2012-08-24,6.5906
2012-08-27,6.5873
2012-08-28,6.6032
2012-08-29,6.6580
2012-08-30,6.6916
2012-08-31,6.6176
2012-09-03,.
2012-09-04,6.7102
2012-09-05,6.7253
2012-09-06,6.7450
2012-09-07,6.6144
2012-09-10,6.6103
2012-09-11,6.6060
2012-09-12,6.5769
2012-09-13,6.6182
2012-09-14,6.5459
2012-09-17,6.5825
2012-09-18,6.5643
2012-09-19,6.5018
2012-09-20,6.5357
2012-09-21,6.5620
2012-09-24,6.5741
2012-09-25,6.5410
2012-09-26,6.6032
2012-09-27,6.5421
2012-09-28,6.5649
2012-10-01,6.5751
2012-10-02,6.5902
2012-10-03,6.6830
2012-10-04,6.6165
2012-10-05,6.5826
2012-10-08,.
2012-10-09,6.6951
2012-10-10,6.6934
2012-10-11,6.6952
2012-10-12,6.6991
2012-10-15,6.6614
2012-10-16,6.6150
2012-10-17,6.5892
2012-10-18,6.5484
2012-10-19,6.5684
2012-10-22,6.5890
2012-10-23,6.6490
2012-10-24,6.6993
2012-10-25,6.7023
2012-10-26,6.7014
2012-10-29,6.6713
2012-10-30,6.6208
2012-10-31,6.6348
2012-11-01,6.6580
2012-11-02,6.6892
2012-11-05,6.6884
2012-11-06,6.6875
2012-11-07,6.6901
2012-11-08,6.6959
2012-11-09,6.7349
2012-11-12,.
2012-11-13,6.7780
2012-11-14,6.7802
2012-11-15,6.7557
2012-11-16,6.8019
2012-11-19,6.7388
2012-11-20,6.7696
2012-11-21,6.7357
2012-11-22,.
2012-11-23,6.6287
2012-11-26,6.6092
2012-11-27,6.6787
2012-11-28,6.6604
2012-11-29,6.6780
2012-11-30,6.6594
2012-12-03,6.6249
2012-12-04,6.6008
2012-12-05,6.5898
2012-12-06,6.6381
2012-12-07,6.6652
2012-12-10,6.6920
2012-12-11,6.6408
2012-12-12,6.6610
2012-12-13,6.6670
2012-12-14,6.6716
2012-12-17,6.6412
2012-12-18,6.5954
2012-12-19,6.5457
2012-12-20,6.5131
2012-12-21,6.5337
2012-12-24,6.5557
2012-12-25,.
2012-12-26,6.5092
2012-12-27,6.5091
2012-12-28,6.5099
2012-12-31,6.5074
2013-01-01,.
2013-01-02,6.4851
2013-01-03,6.5060
2013-01-04,6.5518
2013-01-07,6.5081
2013-01-08,6.5490
2013-01-09,6.5568
2013-01-10,6.5066
2013-01-11,6.4660
2013-01-14,6.4453
2013-01-15,6.4911
2013-01-16,6.5010
2013-01-17,6.4916
2013-01-18,6.5329
2013-01-21,.
2013-01-22,6.5131
2013-01-23,6.5316
2013-01-24,6.4895
2013-01-25,6.4602
2013-01-28,6.4167
2013-01-29,6.3789
2013-01-30,6.3476
2013-01-31,6.3533
2013-02-01,6.2904
2013-02-04,6.3201
2013-02-05,6.3336
2013-02-06,6.3561
2013-02-07,6.4304
2013-02-08,6.4443
2013-02-11,6.3891
2013-02-12,6.3554
2013-02-13,6.2880
2013-02-14,6.3290
2013-02-15,6.3183
2013-02-18,.
2013-02-19,6.3096
2013-02-20,6.3136
2013-02-21,6.4082
2013-02-22,6.4384
2013-02-25,6.4319
2013-02-26,6.4764
2013-02-27,6.4514
2013-02-28,6.4518
2013-03-01,6.4531
2013-03-04,6.4349
2013-03-05,6.3917
2013-03-06,6.4095
2013-03-07,6.3412
2013-03-08,6.4007
2013-03-11,6.4013
2013-03-12,6.3674
2013-03-13,6.4230
2013-03-14,6.4522
2013-03-15,6.3968
2013-03-18,6.4349
2013-03-19,6.4604
2013-03-20,6.4635
2013-03-21,6.4769
2013-03-22,6.4840
2013-03-25,6.5229
2013-03-26,6.4969
2013-03-27,6.5152
2013-03-28,6.5015
2013-03-29,6.5280
2013-04-01,6.5094
2013-04-02,6.4765
2013-04-03,6.4989
2013-04-04,6.5565
2013-04-05,6.4423
2013-04-08,6.4190
2013-04-09,6.3896
2013-04-10,6.3894
2013-04-11,6.3406
2013-04-12,6.3627
2013-04-15,6.3783
2013-04-16,6.3789
2013-04-17,6.4979
2013-04-18,6.5285
2013-04-19,6.5288
2013-04-22,6.5296
2013-04-23,6.6267
2013-04-24,6.6347
2013-04-25,6.6155
2013-04-26,6.5722
2013-04-29,6.5487
2013-04-30,6.4817
2013-05-01,6.4734
2013-05-02,6.5300
2013-05-03,6.4944
2013-05-06,6.5375
2013-05-07,6.5218
2013-05-08,6.4925
2013-05-09,6.5058
2013-05-10,6.6185
2013-05-13,6.6067
2013-05-14,6.6440
2013-05-15,6.6792
2013-05-16,6.6465
2013-05-17,6.7003
2013-05-20,6.6588
2013-05-21,6.6240
2013-05-22,6.6328
2013-05-23,6.6400
2013-05-24,6.6503
2013-05-27,.
2013-05-28,6.6913
2013-05-29,6.6492
2013-05-30,6.5622
2013-05-31,6.6221
2013-06-03,6.5304
2013-06-04,6.5691
2013-06-05,6.5957
2013-06-06,6.5386
2013-06-07,6.5607
2013-06-10,6.5897
2013-06-11,6.5834
2013-06-12,6.4865
2013-06-13,6.5075
2013-06-14,6.4390
2013-06-17,6.4713
2013-06-18,6.4444
2013-06-19,6.3855
2013-06-20,6.5830
2013-06-21,6.7003
2013-06-24,6.7776
2013-06-25,6.7350
2013-06-26,6.7185
2013-06-27,6.7470
2013-06-28,6.7318
2013-07-01,6.6636
2013-07-02,6.6876
2013-07-03,6.6928
2013-07-04,.
2013-07-05,6.8171
2013-07-08,6.7798
2013-07-09,6.7985
2013-07-10,6.7726
2013-07-11,6.6912
2013-07-12,6.6760
2013-07-15,6.6853
2013-07-16,6.5934
2013-07-17,6.5836
2013-07-18,6.5995
2013-07-19,6.5397
2013-07-22,6.4872
2013-07-23,6.4521
2013-07-24,6.4964
2013-07-25,6.5185
2013-07-26,6.4730
2013-07-29,6.4742
2013-07-30,6.5426
2013-07-31,6.5284
2013-08-01,6.6039
2013-08-02,6.6078
2013-08-05,6.5902
2013-08-06,6.5633
2013-08-07,6.5238
2013-08-08,6.4771
2013-08-09,6.5064
2013-08-12,6.5251
2013-08-13,6.5481
2013-08-14,6.5060
2013-08-15,6.5367
2013-08-16,6.5154
2013-08-19,6.4974
2013-08-20,6.4791
2013-08-21,6.5538
2013-08-22,6.5164
2013-08-23,6.4871
2013-08-26,6.5166
2013-08-27,6.4992
2013-08-28,6.5212
2013-08-29,6.5945
2013-08-30,6.6338
2013-09-02,.
2013-09-03,6.6205
2013-09-04,6.5962
2013-09-05,6.6700
2013-09-06,6.6371
2013-09-09,6.5656
2013-09-10,6.5457
2013-09-11,6.5265
2013-09-12,6.5141
2013-09-13,6.5641
2013-09-16,6.4926
2013-09-17,6.4606
2013-09-18,6.4595
2013-09-19,6.3416
2013-09-20,6.3615
2013-09-23,6.3815
2013-09-24,6.3947
2013-09-25,6.4080
2013-09-26,6.4256
2013-09-27,6.4170
2013-09-30,6.4095
2013-10-01,6.3584
2013-10-02,6.3751
2013-10-03,6.3345
2013-10-04,6.4141
2013-10-07,6.4210
2013-10-08,6.4218
2013-10-09,6.4741
2013-10-10,6.4923
2013-10-11,6.4713
2013-10-14,.
2013-10-15,6.5130
2013-10-16,6.5075
2013-10-17,6.4091
2013-10-18,6.4116
2013-10-21,6.4033
2013-10-22,6.3719
2013-10-23,6.3734
2013-10-24,6.3560
2013-10-25,6.3237
2013-10-28,6.3346
2013-10-29,6.3720
2013-10-30,6.3684
2013-10-31,6.4692
2013-11-01,6.5354
2013-11-04,6.5005
2013-11-05,6.5267
2013-11-06,6.4922
2013-11-07,6.5298
2013-11-08,6.5947
2013-11-11,.
2013-11-12,6.6472
2013-11-13,6.6600
2013-11-14,6.6453
2013-11-15,6.6473
2013-11-18,6.5974
2013-11-19,6.6193
2013-11-20,6.6267
2013-11-21,6.6522
2013-11-22,6.5897
2013-11-25,6.5701
2013-11-26,6.5775
2013-11-27,6.5794
2013-11-28,.
2013-11-29,6.5475
2013-12-02,6.5484
2013-12-03,6.5047
2013-12-04,6.5142
2013-12-05,6.4911
2013-12-06,6.5081
2013-12-09,6.5346
2013-12-10,6.5314
2013-12-11,6.5380
2013-12-12,6.5964
2013-12-13,6.5772
2013-12-16,6.5723
2013-12-17,6.5664
2013-12-18,6.5379
2013-12-19,6.5783
2013-12-20,6.5755
2013-12-23,6.5563
2013-12-24,6.5646
2013-12-25,.
2013-12-26,6.5441
2013-12-27,6.5114
2013-12-30,6.4127
2013-12-31,6.4254
2014-01-01,.
2014-01-02,6.4909
2014-01-03,6.5177
2014-01-06,6.5134
2014-01-07,6.5172
2014-01-08,6.5631
2014-01-09,6.5597
2014-01-10,6.4956
2014-01-13,6.5054
2014-01-14,6.4358
2014-01-15,6.4660
2014-01-16,6.4699
2014-01-17,6.4565
2014-01-20,.
2014-01-21,6.4867
2014-01-22,6.4773
2014-01-23,6.4295
2014-01-24,6.4453
2014-01-27,6.4297
2014-01-28,6.4285
2014-01-29,6.4566
2014-01-30,6.5250
2014-01-31,6.5412
2014-02-03,6.5421
2014-02-04,6.5260
2014-02-05,6.5321
2014-02-06,6.4997
2014-02-07,6.4952
2014-02-10,6.4831
2014-02-11,6.4335
2014-02-12,6.4471
2014-02-13,6.4615
2014-02-14,6.4515
2014-02-17,.
2014-02-18,6.4839
2014-02-19,6.4930
2014-02-20,6.5515
2014-02-21,6.5421
2014-02-24,6.4917
2014-02-25,6.4925
2014-02-26,6.5181
2014-02-27,6.5124
2014-02-28,6.4109
2014-03-03,6.4595
2014-03-04,6.4490
2014-03-05,6.4282
2014-03-06,6.3998
2014-03-07,6.3883
2014-03-10,6.3862
2014-03-11,6.3700
2014-03-12,6.3619
2014-03-13,6.3543
2014-03-14,6.3769
2014-03-17,6.3510
2014-03-18,6.3394
2014-03-19,6.3557
2014-03-20,6.4098
2014-03-21,6.4379
2014-03-24,6.4282
2014-03-25,6.4272
2014-03-26,6.4574
2014-03-27,6.4805
2014-03-28,6.5024
2014-03-31,6.4750
2014-04-01,6.4524
2014-04-02,6.4842
2014-04-03,6.5461
2014-04-04,6.5509
2014-04-07,6.5280
2014-04-08,6.4936
2014-04-09,6.5066
2014-04-10,6.5229
2014-04-11,6.5227
2014-04-14,6.5524
2014-04-15,6.5770
2014-04-16,6.5919
2014-04-17,6.5922
2014-04-18,6.5940
2014-04-21,6.6229
2014-04-22,6.5824
2014-04-23,6.5749
2014-04-24,6.5726
2014-04-25,6.5870
2014-04-28,6.5458
2014-04-29,6.5685
2014-04-30,6.5049
2014-05-01,6.5013
2014-05-02,6.5131
2014-05-05,6.5452
2014-05-06,6.5068
2014-05-07,6.4864
2014-05-08,6.5073
2014-05-09,6.5587
2014-05-12,6.5679
2014-05-13,6.5502
2014-05-14,6.5489
2014-05-15,6.5776
2014-05-16,6.5605
2014-05-19,6.5848
2014-05-20,6.5811
2014-05-21,6.5803
2014-05-22,6.5923
2014-05-23,6.6488
2014-05-26,.
2014-05-27,6.6253
2014-05-28,6.6463
2014-05-29,6.6414
2014-05-30,6.6855
2014-06-02,6.6841
2014-06-03,6.6851
2014-06-04,6.6480
2014-06-05,6.6779
2014-06-06,6.6276
2014-06-09,6.6805
2014-06-10,6.6995
2014-06-11,6.6928
2014-06-12,6.6903
2014-06-13,6.6558
2014-06-16,6.6238
2014-06-17,6.6305
2014-06-18,6.6600
2014-06-19,6.6915
2014-06-20,6.7315
2014-06-23,6.7032
2014-06-24,6.7315
2014-06-25,6.7278
2014-06-26,6.7398
2014-06-27,6.7358
2014-06-30,6.6874
2014-07-01,6.6937
2014-07-02,6.7078
2014-07-03,6.8162
2014-07-04,.
2014-07-07,6.8339
2014-07-08,6.8292
2014-07-09,6.7986
2014-07-10,6.7809
2014-07-11,6.7955
2014-07-14,6.7944
2014-07-15,6.8155
2014-07-16,6.8239
2014-07-17,6.8240
2014-07-18,6.8431
2014-07-21,6.8519
2014-07-22,6.8479
2014-07-23,6.8384
2014-07-24,6.8329
2014-07-25,6.8218
2014-07-28,6.8301
2014-07-29,6.8514
2014-07-30,6.8896
2014-07-31,6.8958
2014-08-01,6.8672
2014-08-04,6.8923
2014-08-05,6.8980
2014-08-06,6.9115
2014-08-07,6.9017
2014-08-08,6.8893
2014-08-11,6.8685
2014-08-12,6.8793
2014-08-13,6.8785
2014-08-14,6.8533
2014-08-15,6.8341
2014-08-18,6.8559
2014-08-19,6.8702
2014-08-20,6.9013
2014-08-21,6.8898
2014-08-22,6.9178
2014-08-25,6.9233
2014-08-26,6.9416
2014-08-27,6.9462
2014-08-28,6.9688
2014-08-29,6.9753
2014-09-01,.
2014-09-02,7.0127
2014-09-03,7.0185
2014-09-04,7.0707
2014-09-05,7.0869
2014-09-08,7.0877
2014-09-09,7.1136
2014-09-10,7.0987
2014-09-11,7.1179
2014-09-12,7.1326
2014-09-15,7.1106
2014-09-16,7.1087
2014-09-17,7.1238
2014-09-18,7.1000
2014-09-19,7.1460
2014-09-22,7.1575
2014-09-23,7.1433
2014-09-24,7.1759
2014-09-25,7.2146
2014-09-26,7.2600
2014-09-29,7.2391
2014-09-30,7.2151
2014-10-01,7.2224
2014-10-02,7.1889
2014-10-03,7.2710
2014-10-06,7.2206
2014-10-07,7.2049
2014-10-08,7.2206
2014-10-09,7.2147
2014-10-10,7.2213
2014-10-13,.
2014-10-14,7.2428
2014-10-15,7.1984
2014-10-16,7.1632
2014-10-17,7.1883
2014-10-20,7.1869
2014-10-21,7.2319
2014-10-22,7.2655
2014-10-23,7.2552
2014-10-24,7.2565
2014-10-27,7.2906
2014-10-28,7.3280
2014-10-29,7.2990
2014-10-30,7.3358
2014-10-31,7.3971
2014-11-03,7.4070
2014-11-04,7.3907
2014-11-05,7.3730
2014-11-06,7.4163
2014-11-07,7.4289
2014-11-10,7.4303
2014-11-11,.
2014-11-12,7.4148
2014-11-13,7.4209
2014-11-14,7.4100
2014-11-17,7.4302
2014-11-18,7.3605
2014-11-19,7.3855
2014-11-20,7.4098
2014-11-21,7.4754
2014-11-24,7.4437
2014-11-25,7.4349
2014-11-26,7.3927
2014-11-27,.
2014-11-28,7.4544
2014-12-01,7.4119
2014-12-02,7.5123
2014-12-03,7.5289
2014-12-04,7.4688
2014-12-05,7.5455
2014-12-08,7.5591
2014-12-09,7.5180
2014-12-10,7.5220
2014-12-11,7.5541
2014-12-12,7.5325
2014-12-15,7.6343
2014-12-16,7.6031
2014-12-17,7.6484
2014-12-18,7.6780
2014-12-19,7.7302
2014-12-22,7.7779
2014-12-23,7.7889
2014-12-24,7.8081
2014-12-25,.
2014-12-26,.
2014-12-29,7.8217
2014-12-30,7.7395
2014-12-31,7.8245
2015-01-01,.
2015-01-02,7.8986
2015-01-05,7.9253
2015-01-06,7.8847
2015-01-07,7.9743
2015-01-08,8.0142
2015-01-09,8.0521
2015-01-12,8.0684
2015-01-13,8.0718
2015-01-14,8.0543
2015-01-15,8.1431
2015-01-16,8.1400
2015-01-19,.
2015-01-20,8.1809
2015-01-21,8.1819
2015-01-22,8.1948
2015-01-23,8.2702
2015-01-26,8.2669
2015-01-27,8.1703
2015-01-28,8.2331
2015-01-29,8.2647
2015-01-30,8.2732
2015-02-02,8.2932
2015-02-03,8.2265
2015-02-04,8.2527
2015-02-05,8.2521
2015-02-06,8.3891
2015-02-09,8.3604
2015-02-10,8.3312
2015-02-11,8.3891
2015-02-12,8.4169
2015-02-13,8.4039
2015-02-16,.
2015-02-17,8.3330
2015-02-18,8.4150
2015-02-19,8.3967
2015-02-20,8.3783
2015-02-23,8.4142
2015-02-24,8.4193
2015-02-25,8.3040
2015-02-26,8.3893
2015-02-27,8.3555
2015-03-02,8.3427
2015-03-03,8.2612
2015-03-04,8.3540
2015-03-05,8.3583
2015-03-06,8.4994
2015-03-09,8.4875
2015-03-10,8.5531
2015-03-11,8.6257
2015-03-12,8.6100
2015-03-13,8.6706
2015-03-16,8.6341
2015-03-17,8.6723
2015-03-18,8.7505
2015-03-19,8.6892
2015-03-20,8.6443
2015-03-23,8.4981
2015-03-24,8.5137
2015-03-25,8.4698
2015-03-26,8.5548
2015-03-27,8.5764
2015-03-30,8.5928
2015-03-31,8.6268
2015-04-01,8.6475
2015-04-02,8.6348
2015-04-03,8.5341
2015-04-06,8.5030
2015-04-07,8.6507
2015-04-08,8.6489
2015-04-09,8.7518
2015-04-10,8.8180
2015-04-13,8.8156
2015-04-14,8.7452
2015-04-15,8.7930
2015-04-16,8.5960
2015-04-17,8.6482
2015-04-20,8.6701
2015-04-21,8.6279
2015-04-22,8.7232
2015-04-23,8.6500
2015-04-24,8.6310
2015-04-27,8.6008
2015-04-28,8.5333
2015-04-29,8.3052
2015-04-30,8.3778
2015-05-01,8.3931
2015-05-04,8.3677
2015-05-05,8.3671
2015-05-06,8.2188
2015-05-07,8.2680
2015-05-08,8.2106
2015-05-11,8.2950
2015-05-12,8.3022
2015-05-13,8.2085
2015-05-14,8.2531
2015-05-15,8.2174
2015-05-18,8.2200
2015-05-19,8.3356
2015-05-20,8.3600
2015-05-21,8.3159
2015-05-22,8.3740
2015-05-25,.
2015-05-26,8.4722
2015-05-27,8.5020
2015-05-28,8.4941
2015-05-29,8.5245
2015-06-01,8.5884
2015-06-02,8.4618
2015-06-03,8.2778
2015-06-04,8.2612
2015-06-05,8.4144
2015-06-08,8.3470
2015-06-09,8.2885
2015-06-10,8.2592
2015-06-11,8.2353
2015-06-12,8.1623
2015-06-15,8.1845
2015-06-16,8.1973
2015-06-17,8.1951
2015-06-18,8.1076
2015-06-19,8.1354
2015-06-22,8.1149
2015-06-23,8.2456
2015-06-24,8.2613
2015-06-25,8.2444
2015-06-26,8.3113
2015-06-29,8.2494
2015-06-30,8.2937
2015-07-01,8.3493
2015-07-02,8.4545
2015-07-03,.
2015-07-06,8.4468
2015-07-07,8.5483
2015-07-08,8.4671
2015-07-09,8.4956
2015-07-10,8.4375
2015-07-13,8.4703
2015-07-14,8.5027
2015-07-15,8.5025
2015-07-16,8.5398
2015-07-17,8.6402
2015-07-20,8.6088
2015-07-21,8.5604
2015-07-22,8.6267
2015-07-23,8.5875
2015-07-24,8.5876
2015-07-27,8.4916
2015-07-28,8.5722
2015-07-29,8.5991
2015-07-30,8.6344
2015-07-31,8.5925
2015-08-03,8.6428
2015-08-04,8.6453
2015-08-05,8.7330
2015-08-06,8.7477
2015-08-07,8.7679
2015-08-10,8.6986
2015-08-11,8.6691
2015-08-12,8.5672
2015-08-13,8.4833
2015-08-14,8.5174
2015-08-17,8.5198
2015-08-18,8.5456
2015-08-19,8.5783
2015-08-20,8.5060
2015-08-21,8.3665
2015-08-24,8.2769
2015-08-25,8.4405
2015-08-26,8.4619
2015-08-27,8.4752
2015-08-28,8.4649
2015-08-31,8.4745
2015-09-01,8.4609
2015-09-02,8.4193
2015-09-03,8.4266
2015-09-04,8.4688
2015-09-07,.
2015-09-08,8.4108
2015-09-09,8.4106
2015-09-10,8.3663
2015-09-11,8.2375
2015-09-14,8.2576
2015-09-15,8.3035
2015-09-16,8.2439
2015-09-17,8.2590
2015-09-18,8.2099
2015-09-21,8.3362
2015-09-22,8.3950
2015-09-23,8.4357
2015-09-24,8.3890
2015-09-25,8.4078
2015-09-28,8.4688
2015-09-29,8.3846
2015-09-30,8.3912
2015-10-01,8.3633
2015-10-02,8.3190
2015-10-05,8.3391
2015-10-06,8.2362
2015-10-07,8.2421
2015-10-08,8.2338
2015-10-09,8.1830
2015-10-12,.
2015-10-13,8.1333
2015-10-14,8.1341
2015-10-15,8.2285
2015-10-16,8.2217
2015-10-19,8.3185
2015-10-20,8.2819
2015-10-21,8.3194
2015-10-22,8.4394
2015-10-23,8.5092
2015-10-26,8.4997
2015-10-27,8.4935
2015-10-28,8.4173
2015-10-29,8.5536
2015-10-30,8.4922
2015-11-02,8.5079
2015-11-03,8.5526
2015-11-04,8.6296
2015-11-05,8.6473
2015-11-06,8.7203
2015-11-09,8.6731
2015-11-10,8.7134
2015-11-11,.
2015-11-12,8.6459
2015-11-13,8.7153
2015-11-16,8.6957
2015-11-17,8.7633
2015-11-18,8.7423
2015-11-19,8.6537
2015-11-20,8.6929
2015-11-23,8.7369
2015-11-24,8.7009
2015-11-25,8.7349
2015-11-26,.
2015-11-27,8.7292
2015-11-30,8.7206
2015-12-01,8.6974
2015-12-02,8.7069
2015-12-03,8.4958
2015-12-04,8.4837
2015-12-07,8.5384
2015-12-08,8.5168
2015-12-09,8.4267
2015-12-10,8.4927
2015-12-11,8.4816
2015-12-14,8.4753
2015-12-15,8.5023
2015-12-16,8.5222
2015-12-17,8.5640
2015-12-18,8.5602
2015-12-21,8.5092
2015-12-22,8.4113
2015-12-23,8.4626
2015-12-24,8.4008
2015-12-25,.
2015-12-28,8.3622
2015-12-29,8.3774
2015-12-30,8.4275
2015-12-31,8.4485
2016-01-01,.
2016-01-04,8.5057
2016-01-05,8.5987
2016-01-06,8.6024
2016-01-07,8.5106
2016-01-08,8.5287
2016-01-11,8.5253
2016-01-12,8.5535
2016-01-13,8.5165
2016-01-14,8.5348
2016-01-15,8.5512
2016-01-18,.
2016-01-19,8.5477
2016-01-20,8.5825
2016-01-21,8.5655
2016-01-22,8.5754
2016-01-25,8.5694
2016-01-26,8.5614
2016-01-27,8.5124
2016-01-28,8.5048
2016-01-29,8.5709
2016-02-01,8.5385
2016-02-02,8.5749
2016-02-03,8.4745
2016-02-04,8.3983
2016-02-05,8.4802
2016-02-08,8.4593
2016-02-09,8.4061
2016-02-10,8.4612
2016-02-11,8.3440
2016-02-12,8.4337
2016-02-15,.
2016-02-16,8.4959
2016-02-17,8.5104
2016-02-18,8.4758
2016-02-19,8.4426
2016-02-22,8.5023
2016-02-23,8.4829
2016-02-24,8.4859
2016-02-25,8.5157
2016-02-26,8.5557
2016-02-29,8.5709
2016-03-01,8.6312
2016-03-02,8.6321
2016-03-03,8.5418
2016-03-04,8.4779
2016-03-07,8.4752
2016-03-08,8.4776
2016-03-09,8.4238
2016-03-10,8.3712
2016-03-11,8.3339
2016-03-14,8.3326
2016-03-15,8.3031
2016-03-16,8.3168
2016-03-17,8.1867
2016-03-18,8.2090
2016-03-21,8.2166
2016-03-22,8.2188
2016-03-23,8.2672
2016-03-24,8.3021
2016-03-25,8.3066
2016-03-28,8.2808
2016-03-29,8.2546
2016-03-30,8.1500
2016-03-31,8.0962
2016-04-01,8.1164
2016-04-04,8.1239
2016-04-05,8.1408
2016-04-06,8.1378
2016-04-07,8.1520
2016-04-08,8.1453
2016-04-11,8.1112
2016-04-12,8.0701
2016-04-13,8.1415
2016-04-14,8.1264
2016-04-15,8.1234
2016-04-18,8.1214
2016-04-19,8.0740
2016-04-20,8.0890
2016-04-21,8.1199
2016-04-22,8.1244
2016-04-25,8.1269
2016-04-26,8.0938
2016-04-27,8.0814
2016-04-28,8.0851
2016-04-29,8.0267
2016-05-02,7.9761
2016-05-03,8.0272
2016-05-04,8.0679
2016-05-05,8.1073
2016-05-06,8.1254
2016-05-09,8.1546
2016-05-10,8.1466
2016-05-11,8.1207
2016-05-12,8.1880
2016-05-13,8.2562
2016-05-16,8.2416
2016-05-17,8.2281
2016-05-18,8.2868
2016-05-19,8.3375
2016-05-20,8.3308
2016-05-23,8.3599
2016-05-24,8.3219
2016-05-25,8.3028
2016-05-26,8.2847
2016-05-27,8.3224
2016-05-30,.
2016-05-31,8.3360
2016-06-01,8.3030
2016-06-02,8.3278
2016-06-03,8.1742
2016-06-06,8.1258
2016-06-07,8.1404
2016-06-08,8.1102
2016-06-09,8.1685
2016-06-10,8.2743
2016-06-13,8.2548
2016-06-14,8.3033
2016-06-15,8.3230
2016-06-16,8.4216
2016-06-17,8.3406
2016-06-20,8.2374
2016-06-21,8.2575
2016-06-22,8.2727
2016-06-23,8.1654
2016-06-24,8.4345
2016-06-27,8.5598
2016-06-28,8.5372
2016-06-29,8.4602
2016-06-30,8.5028
2016-07-01,8.4301
2016-07-04,.
2016-07-05,8.5280
2016-07-06,8.5276
2016-07-07,8.5724
2016-07-08,8.5984
2016-07-11,8.5840
2016-07-12,8.5203
2016-07-13,8.4751
2016-07-14,8.4823
2016-07-15,8.5455
2016-07-18,8.5505
2016-07-19,8.6114
2016-07-20,8.6003
2016-07-21,8.5947
2016-07-22,8.6603
2016-07-25,8.6513
2016-07-26,8.6568
2016-07-27,8.6797
2016-07-28,8.6243
2016-07-29,8.5503
2016-08-01,8.5701
2016-08-02,8.5105
2016-08-03,8.5207
2016-08-04,8.5214
2016-08-05,8.5634
2016-08-08,8.5867
2016-08-09,8.5314
2016-08-10,8.4686
2016-08-11,8.4306
2016-08-12,8.4400
2016-08-15,8.4542
2016-08-16,8.4091
2016-08-17,8.4384
2016-08-18,8.3580
2016-08-19,8.3781
2016-08-22,8.3826
2016-08-23,8.3781
2016-08-24,8.4068
2016-08-25,8.4132
2016-08-26,8.4464
2016-08-29,8.4767
2016-08-30,8.5389
2016-08-31,8.5689
2016-09-01,8.5504
2016-09-02,8.5886
2016-09-05,.
2016-09-06,8.4765
2016-09-07,8.4443
2016-09-08,8.4483
2016-09-09,8.4995
2016-09-12,8.4992
2016-09-13,8.5072
2016-09-14,8.4628
2016-09-15,8.4753
2016-09-16,8.5761
2016-09-19,8.5483
2016-09-20,8.5801
2016-09-21,8.5831
2016-09-22,8.5322
2016-09-23,8.5457
2016-09-26,8.5175
2016-09-27,8.6120
2016-09-28,8.5889
2016-09-29,8.5435
2016-09-30,8.5726
2016-10-03,8.5641
2016-10-04,8.5838
2016-10-05,8.5989
2016-10-06,8.6246
2016-10-07,8.6616
2016-10-10,.
2016-10-11,8.8172
2016-10-12,8.8306
2016-10-13,8.8050
2016-10-14,8.8353
2016-10-17,8.8135
2016-10-18,8.8087
2016-10-19,8.8431
2016-10-20,8.8577
2016-10-21,8.9297
2016-10-24,8.9039
2016-10-25,8.9224
2016-10-26,8.8994
2016-10-27,9.0646
2016-10-28,9.0353
2016-10-31,9.0207
2016-11-01,8.9479
2016-11-02,8.8938
2016-11-03,8.9318
2016-11-04,8.9543
2016-11-07,9.0272
2016-11-08,9.0102
2016-11-09,9.0293
2016-11-10,9.0874
2016-11-11,.
2016-11-14,9.1669
2016-11-15,9.1814
2016-11-16,9.1849
2016-11-17,9.2191
2016-11-18,9.2515
2016-11-21,9.2494
2016-11-22,9.2267
2016-11-23,9.2686
2016-11-24,.
2016-11-25,9.2289
2016-11-28,9.2275
2016-11-29,9.1902
2016-11-30,9.2548
2016-12-01,9.2479
2016-12-02,9.1936
2016-12-05,9.1554
2016-12-06,9.1214
2016-12-07,9.0784
2016-12-08,9.1273
2016-12-09,9.1968
2016-12-12,9.1874
2016-12-13,9.1553
2016-12-14,9.1535
2016-12-15,9.4207
2016-12-16,9.3581
2016-12-19,9.3427
2016-12-20,9.3557
2016-12-21,9.2280
2016-12-22,9.1911
2016-12-23,9.1980
2016-12-26,.
2016-12-27,9.2277
2016-12-28,9.2060
2016-12-29,9.1213
2016-12-30,9.0803
2017-01-02,.
2017-01-03,9.1583
2017-01-04,9.1108
2017-01-05,8.9981
2017-01-06,9.0421
2017-01-09,9.0441
2017-01-10,9.0643
2017-01-11,9.1003
2017-01-12,8.9121
2017-01-13,8.9143
2017-01-16,.
2017-01-17,8.9119
2017-01-18,8.9134
2017-01-19,8.9770
2017-01-20,.
2017-01-23,8.8427
2017-01-24,8.8411
2017-01-25,8.8254
2017-01-26,8.8582
2017-01-27,8.8499
2017-01-30,8.8396
2017-01-31,8.7525
2017-02-01,8.7643
2017-02-02,8.7176
2017-02-03,8.7681
