DATE,DEXSIUS
2007-02-05,1.5337
2007-02-06,1.5330
2007-02-07,1.5315
2007-02-08,1.5322
2007-02-09,1.5335
2007-02-12,1.5409
2007-02-13,1.5424
2007-02-14,1.5368
2007-02-15,1.5349
2007-02-16,1.5315
2007-02-19,.
2007-02-20,1.5342
2007-02-21,1.5332
2007-02-22,1.5335
2007-02-23,1.5306
2007-02-26,1.5275
2007-02-27,1.5258
2007-02-28,1.5281
2007-03-01,1.5267
2007-03-02,1.5265
2007-03-05,1.5312
2007-03-06,1.5286
2007-03-07,1.5260
2007-03-08,1.5277
2007-03-09,1.5260
2007-03-12,1.5268
2007-03-13,1.5288
2007-03-14,1.5338
2007-03-15,1.5326
2007-03-16,1.5254
2007-03-19,1.5251
2007-03-20,1.5259
2007-03-21,1.5230
2007-03-22,1.5176
2007-03-23,1.5177
2007-03-26,1.5151
2007-03-27,1.5156
2007-03-28,1.5174
2007-03-29,1.5174
2007-03-30,1.5173
2007-04-02,1.5208
2007-04-03,1.5184
2007-04-04,1.5145
2007-04-05,1.5127
2007-04-06,1.5134
2007-04-09,1.5133
2007-04-10,1.5163
2007-04-11,1.5175
2007-04-12,1.5182
2007-04-13,1.5163
2007-04-16,1.5140
2007-04-17,1.5130
2007-04-18,1.5119
2007-04-19,1.5124
2007-04-20,1.5109
2007-04-23,1.5122
2007-04-24,1.5142
2007-04-25,1.5110
2007-04-26,1.5156
2007-04-27,1.5182
2007-04-30,1.5197
2007-05-01,1.5210
2007-05-02,1.5260
2007-05-03,1.5233
2007-05-04,1.5154
2007-05-07,1.5138
2007-05-08,1.5160
2007-05-09,1.5157
2007-05-10,1.5179
2007-05-11,1.5171
2007-05-14,1.5158
2007-05-15,1.5149
2007-05-16,1.5223
2007-05-17,1.5266
2007-05-18,1.5257
2007-05-21,1.5275
2007-05-22,1.5331
2007-05-23,1.5289
2007-05-24,1.5288
2007-05-25,1.5286
2007-05-28,.
2007-05-29,1.5279
2007-05-30,1.5307
2007-05-31,1.5307
2007-06-01,1.5312
2007-06-04,1.5300
2007-06-05,1.5300
2007-06-06,1.5332
2007-06-07,1.5360
2007-06-08,1.5415
2007-06-11,1.5415
2007-06-12,1.5411
2007-06-13,1.5439
2007-06-14,1.5423
2007-06-15,1.5390
2007-06-18,1.5371
2007-06-19,1.5378
2007-06-20,1.5359
2007-06-21,1.5356
2007-06-22,1.5385
2007-06-25,1.5365
2007-06-26,1.5376
2007-06-27,1.5380
2007-06-28,1.5333
2007-06-29,1.5300
2007-07-02,1.5230
2007-07-03,1.5228
2007-07-04,.
2007-07-05,1.5211
2007-07-06,1.5195
2007-07-09,1.5203
2007-07-10,1.5163
2007-07-11,1.5152
2007-07-12,1.5155
2007-07-13,1.5157
2007-07-16,1.5169
2007-07-17,1.5179
2007-07-18,1.5167
2007-07-19,1.5123
2007-07-20,1.5115
2007-07-23,1.5076
2007-07-24,1.5046
2007-07-25,1.5108
2007-07-26,1.5146
2007-07-27,1.5153
2007-07-30,1.5133
2007-07-31,1.5157
2007-08-01,1.5200
2007-08-02,1.5174
2007-08-03,1.5157
2007-08-06,1.5150
2007-08-07,1.5161
2007-08-08,1.5105
2007-08-09,1.5167
2007-08-10,1.5235
2007-08-13,1.5194
2007-08-14,1.5228
2007-08-15,1.5321
2007-08-16,1.5349
2007-08-17,1.5304
2007-08-20,1.5269
2007-08-21,1.5320
2007-08-22,1.5260
2007-08-23,1.5251
2007-08-24,1.5210
2007-08-27,1.5191
2007-08-28,1.5257
2007-08-29,1.5220
2007-08-30,1.5230
2007-08-31,1.5242
2007-09-03,1.5242
2007-09-04,1.5260
2007-09-05,1.5267
2007-09-06,1.5228
2007-09-07,1.5231
2007-09-10,1.5245
2007-09-11,1.5197
2007-09-12,1.5138
2007-09-13,1.5090
2007-09-14,1.5115
2007-09-17,1.5145
2007-09-18,1.5165
2007-09-19,1.5062
2007-09-20,1.5010
2007-09-21,1.5055
2007-09-24,1.4998
2007-09-25,1.5014
2007-09-26,1.4975
2007-09-27,1.4915
2007-09-28,1.4840
2007-10-01,1.4755
2007-10-02,1.4836
2007-10-03,1.4795
2007-10-04,1.4798
2007-10-05,1.4703
2007-10-08,1.4703
2007-10-09,1.4730
2007-10-10,1.4657
2007-10-11,1.4613
2007-10-12,1.4636
2007-10-15,1.4653
2007-10-16,1.4679
2007-10-17,1.4635
2007-10-18,1.4609
2007-10-19,1.4618
2007-10-22,1.4665
2007-10-23,1.4644
2007-10-24,1.4618
2007-10-25,1.4557
2007-10-26,1.4527
2007-10-29,1.4519
2007-10-30,1.4507
2007-10-31,1.4485
2007-11-01,1.4499
2007-11-02,1.4492
2007-11-05,1.4502
2007-11-06,1.4469
2007-11-07,1.4387
2007-11-08,1.4386
2007-11-09,1.4422
2007-11-12,.
2007-11-13,1.4475
2007-11-14,1.4467
2007-11-15,1.4514
2007-11-16,1.4518
2007-11-19,1.4487
2007-11-20,1.4483
2007-11-21,1.4528
2007-11-22,1.4528
2007-11-23,1.4405
2007-11-26,1.4415
2007-11-27,1.4419
2007-11-28,1.4452
2007-11-29,1.4485
2007-11-30,1.4455
2007-12-03,1.4484
2007-12-04,1.4453
2007-12-05,1.4466
2007-12-06,1.4440
2007-12-07,1.4396
2007-12-10,1.4395
2007-12-11,1.4416
2007-12-12,1.4412
2007-12-13,1.4416
2007-12-14,1.4509
2007-12-17,1.4625
2007-12-18,1.4594
2007-12-19,1.4613
2007-12-20,1.4603
2007-12-21,1.4556
2007-12-24,1.4516
2007-12-25,.
2007-12-26,1.4527
2007-12-27,1.4490
2007-12-28,1.4465
2007-12-31,1.4360
2008-01-01,.
2008-01-02,1.4375
2008-01-03,1.4351
2008-01-04,1.4322
2008-01-07,1.4365
2008-01-08,1.4320
2008-01-09,1.4313
2008-01-10,1.4325
2008-01-11,1.4315
2008-01-14,1.4294
2008-01-15,1.4291
2008-01-16,1.4300
2008-01-17,1.4343
2008-01-18,1.4381
2008-01-21,.
2008-01-22,1.4359
2008-01-23,1.4343
2008-01-24,1.4265
2008-01-25,1.4236
2008-01-28,1.4207
2008-01-29,1.4225
2008-01-30,1.4194
2008-01-31,1.4165
2008-02-01,1.4136
2008-02-04,1.4143
2008-02-05,1.4191
2008-02-06,1.4151
2008-02-07,1.4165
2008-02-08,1.4174
2008-02-11,1.4190
2008-02-12,1.4153
2008-02-13,1.4191
2008-02-14,1.4177
2008-02-15,1.4120
2008-02-18,.
2008-02-19,1.4127
2008-02-20,1.4111
2008-02-21,1.4100
2008-02-22,1.4056
2008-02-25,1.4057
2008-02-26,1.4047
2008-02-27,1.3960
2008-02-28,1.3934
2008-02-29,1.3935
2008-03-03,1.3914
2008-03-04,1.3896
2008-03-05,1.3891
2008-03-06,1.3859
2008-03-07,1.3842
2008-03-10,1.3873
2008-03-11,1.3865
2008-03-12,1.3855
2008-03-13,1.3795
2008-03-14,1.3812
2008-03-17,1.3799
2008-03-18,1.3775
2008-03-19,1.3846
2008-03-20,1.3892
2008-03-21,1.3860
2008-03-24,1.3902
2008-03-25,1.3835
2008-03-26,1.3800
2008-03-27,1.3791
2008-03-28,1.3807
2008-03-31,1.3786
2008-04-01,1.3782
2008-04-02,1.3788
2008-04-03,1.3852
2008-04-04,1.3816
2008-04-07,1.3803
2008-04-08,1.3804
2008-04-09,1.3772
2008-04-10,1.3576
2008-04-11,1.3567
2008-04-14,1.3577
2008-04-15,1.3581
2008-04-16,1.3508
2008-04-17,1.3523
2008-04-18,1.3587
2008-04-21,1.3545
2008-04-22,1.3503
2008-04-23,1.3522
2008-04-24,1.3596
2008-04-25,1.3636
2008-04-28,1.3619
2008-04-29,1.3608
2008-04-30,1.3576
2008-05-01,1.3605
2008-05-02,1.3638
2008-05-05,1.3591
2008-05-06,1.3588
2008-05-07,1.3666
2008-05-08,1.3745
2008-05-09,1.3685
2008-05-12,1.3663
2008-05-13,1.3707
2008-05-14,1.3788
2008-05-15,1.3776
2008-05-16,1.3688
2008-05-19,1.3710
2008-05-20,1.3657
2008-05-21,1.3578
2008-05-22,1.3602
2008-05-23,1.3583
2008-05-26,.
2008-05-27,1.3626
2008-05-28,1.3650
2008-05-29,1.3668
2008-05-30,1.3635
2008-06-02,1.3631
2008-06-03,1.3634
2008-06-04,1.3643
2008-06-05,1.3670
2008-06-06,1.3628
2008-06-09,1.3635
2008-06-10,1.3723
2008-06-11,1.3715
2008-06-12,1.3796
2008-06-13,1.3802
2008-06-16,1.3725
2008-06-17,1.3682
2008-06-18,1.3700
2008-06-19,1.3690
2008-06-20,1.3645
2008-06-23,1.3687
2008-06-24,1.3656
2008-06-25,1.3698
2008-06-26,1.3651
2008-06-27,1.3632
2008-06-30,1.3608
2008-07-01,1.3617
2008-07-02,1.3574
2008-07-03,1.3628
2008-07-04,.
2008-07-07,1.3650
2008-07-08,1.3651
2008-07-09,1.3583
2008-07-10,1.3605
2008-07-11,1.3561
2008-07-14,1.3527
2008-07-15,1.3472
2008-07-16,1.3480
2008-07-17,1.3507
2008-07-18,1.3512
2008-07-21,1.3522
2008-07-22,1.3578
2008-07-23,1.3643
2008-07-24,1.3616
2008-07-25,1.3607
2008-07-28,1.3626
2008-07-29,1.3678
2008-07-30,1.3681
2008-07-31,1.3676
2008-08-01,1.3725
2008-08-04,1.3732
2008-08-05,1.3797
2008-08-06,1.3821
2008-08-07,1.3923
2008-08-08,1.4037
2008-08-11,1.4115
2008-08-12,1.4084
2008-08-13,1.4032
2008-08-14,1.4100
2008-08-15,1.4170
2008-08-18,1.4133
2008-08-19,1.4158
2008-08-20,1.4145
2008-08-21,1.4071
2008-08-22,1.4102
2008-08-25,1.4153
2008-08-26,1.4255
2008-08-27,1.4194
2008-08-28,1.4185
2008-08-29,1.4167
2008-09-01,.
2008-09-02,1.4308
2008-09-03,1.4350
2008-09-04,1.4360
2008-09-05,1.4346
2008-09-08,1.4296
2008-09-09,1.4323
2008-09-10,1.4338
2008-09-11,1.4440
2008-09-12,1.4287
2008-09-15,1.4292
2008-09-16,1.4362
2008-09-17,1.4337
2008-09-18,1.4320
2008-09-19,1.4256
2008-09-22,1.4132
2008-09-23,1.4137
2008-09-24,1.4230
2008-09-25,1.4231
2008-09-26,1.4280
2008-09-29,1.4288
2008-09-30,1.4331
2008-10-01,1.4366
2008-10-02,1.4483
2008-10-03,1.4506
2008-10-06,1.4686
2008-10-07,1.4622
2008-10-08,1.4660
2008-10-09,1.4727
2008-10-10,1.4830
2008-10-13,.
2008-10-14,1.4620
2008-10-15,1.4703
2008-10-16,1.4815
2008-10-17,1.4792
2008-10-20,1.4777
2008-10-21,1.4835
2008-10-22,1.4995
2008-10-23,1.5053
2008-10-24,1.5077
2008-10-27,1.5111
2008-10-28,1.5026
2008-10-29,1.4988
2008-10-30,1.4732
2008-10-31,1.4841
2008-11-03,1.4792
2008-11-04,1.4720
2008-11-05,1.4753
2008-11-06,1.4997
2008-11-07,1.4965
2008-11-10,1.4915
2008-11-11,.
2008-11-12,1.5075
2008-11-13,1.5190
2008-11-14,1.5205
2008-11-17,1.5212
2008-11-18,1.5270
2008-11-19,1.5279
2008-11-20,1.5306
2008-11-21,1.5302
2008-11-24,1.5102
2008-11-25,1.5107
2008-11-26,1.5098
2008-11-27,.
2008-11-28,1.5082
2008-12-01,1.5310
2008-12-02,1.5289
2008-12-03,1.5275
2008-12-04,1.5228
2008-12-05,1.5240
2008-12-08,1.5029
2008-12-09,1.5036
2008-12-10,1.4970
2008-12-11,1.4855
2008-12-12,1.4880
2008-12-15,1.4756
2008-12-16,1.4685
2008-12-17,1.4415
2008-12-18,1.4333
2008-12-19,1.4590
2008-12-22,1.4477
2008-12-23,1.4492
2008-12-24,1.4455
2008-12-25,.
2008-12-26,1.4494
2008-12-29,1.4370
2008-12-30,1.4372
2008-12-31,1.4377
2009-01-01,.
2009-01-02,1.4513
2009-01-05,1.4730
2009-01-06,1.4750
2009-01-07,1.4707
2009-01-08,1.4780
2009-01-09,1.4843
2009-01-12,1.4880
2009-01-13,1.4872
2009-01-14,1.4925
2009-01-15,1.4972
2009-01-16,1.4902
2009-01-19,.
2009-01-20,1.5078
2009-01-21,1.5062
2009-01-22,1.4972
2009-01-23,1.5054
2009-01-26,1.4993
2009-01-27,1.5072
2009-01-28,1.4988
2009-01-29,1.5068
2009-01-30,1.5106
2009-02-02,1.5145
2009-02-03,1.5082
2009-02-04,1.5056
2009-02-05,1.5040
2009-02-06,1.4952
2009-02-09,1.4921
2009-02-10,1.5040
2009-02-11,1.5050
2009-02-12,1.5118
2009-02-13,1.5077
2009-02-16,.
2009-02-17,1.5283
2009-02-18,1.5316
2009-02-19,1.5264
2009-02-20,1.5356
2009-02-23,1.5290
2009-02-24,1.5275
2009-02-25,1.5294
2009-02-26,1.5367
2009-02-27,1.5461
2009-03-02,1.5565
2009-03-03,1.5526
2009-03-04,1.5452
2009-03-05,1.5532
2009-03-06,1.5450
2009-03-09,1.5489
2009-03-10,1.5346
2009-03-11,1.5315
2009-03-12,1.5355
2009-03-13,1.5429
2009-03-16,1.5310
2009-03-17,1.5325
2009-03-18,1.5271
2009-03-19,1.5060
2009-03-20,1.5138
2009-03-23,1.5096
2009-03-24,1.5112
2009-03-25,1.5086
2009-03-26,1.5087
2009-03-27,1.5138
2009-03-30,1.5226
2009-03-31,1.5206
2009-04-01,1.5215
2009-04-02,1.4980
2009-04-03,1.5065
2009-04-06,1.5066
2009-04-07,1.5102
2009-04-08,1.5172
2009-04-09,1.5158
2009-04-10,1.5182
2009-04-13,1.5148
2009-04-14,1.4967
2009-04-15,1.5025
2009-04-16,1.4967
2009-04-17,1.4998
2009-04-20,1.5087
2009-04-21,1.5046
2009-04-22,1.5049
2009-04-23,1.5015
2009-04-24,1.4873
2009-04-27,1.4933
2009-04-28,1.4975
2009-04-29,1.4820
2009-04-30,1.4772
2009-05-01,1.4810
2009-05-04,1.4747
2009-05-05,1.4716
2009-05-06,1.4715
2009-05-07,1.4655
2009-05-08,1.4630
2009-05-11,1.4612
2009-05-12,1.4593
2009-05-13,1.4635
2009-05-14,1.4647
2009-05-15,1.4683
2009-05-18,1.4653
2009-05-19,1.4616
2009-05-20,1.4569
2009-05-21,1.4580
2009-05-22,1.4406
2009-05-25,.
2009-05-26,1.4482
2009-05-27,1.4505
2009-05-28,1.4512
2009-05-29,1.4453
2009-06-01,1.4418
2009-06-02,1.4380
2009-06-03,1.4430
2009-06-04,1.4455
2009-06-05,1.4520
2009-06-08,1.4575
2009-06-09,1.4561
2009-06-10,1.4540
2009-06-11,1.4480
2009-06-12,1.4494
2009-06-15,1.4608
2009-06-16,1.4588
2009-06-17,1.4584
2009-06-18,1.4543
2009-06-19,1.4528
2009-06-22,1.4586
2009-06-23,1.4558
2009-06-24,1.4534
2009-06-25,1.4568
2009-06-26,1.4536
2009-06-29,1.4527
2009-06-30,1.4480
2009-07-01,1.4430
2009-07-02,1.4512
2009-07-03,1.4530
2009-07-06,1.4560
2009-07-07,1.4580
2009-07-08,1.4639
2009-07-09,1.4581
2009-07-10,1.4633
2009-07-13,1.4625
2009-07-14,1.4594
2009-07-15,1.4516
2009-07-16,1.4520
2009-07-17,1.4494
2009-07-20,1.4400
2009-07-21,1.4429
2009-07-22,1.4423
2009-07-23,1.4388
2009-07-24,1.4395
2009-07-27,1.4397
2009-07-28,1.4398
2009-07-29,1.4465
2009-07-30,1.4430
2009-07-31,1.4390
2009-08-03,1.4323
2009-08-04,1.4325
2009-08-05,1.4340
2009-08-06,1.4360
2009-08-07,1.4400
2009-08-10,1.4422
2009-08-11,1.4478
2009-08-12,1.4430
2009-08-13,1.4425
2009-08-14,1.4448
2009-08-17,1.4505
2009-08-18,1.4510
2009-08-19,1.4487
2009-08-20,1.4451
2009-08-21,1.4392
2009-08-24,1.4412
2009-08-25,1.4408
2009-08-26,1.4459
2009-08-27,1.4448
2009-08-28,1.4381
2009-08-31,1.4414
2009-09-01,1.4440
2009-09-02,1.4428
2009-09-03,1.4392
2009-09-04,1.4380
2009-09-07,.
2009-09-08,1.4259
2009-09-09,1.4237
2009-09-10,1.4265
2009-09-11,1.4217
2009-09-14,1.4224
2009-09-15,1.4218
2009-09-16,1.4117
2009-09-17,1.4132
2009-09-18,1.4162
2009-09-21,1.4163
2009-09-22,1.4120
2009-09-23,1.4129
2009-09-24,1.4160
2009-09-25,1.4144
2009-09-28,1.4162
2009-09-29,1.4186
2009-09-30,1.4087
2009-10-01,1.4142
2009-10-02,1.4133
2009-10-05,1.4105
2009-10-06,1.4000
2009-10-07,1.4010
2009-10-08,1.3898
2009-10-09,1.3927
2009-10-12,.
2009-10-13,1.3975
2009-10-14,1.3914
2009-10-15,1.3890
2009-10-16,1.3919
2009-10-19,1.3891
2009-10-20,1.3960
2009-10-21,1.3910
2009-10-22,1.3948
2009-10-23,1.3929
2009-10-26,1.3947
2009-10-27,1.3978
2009-10-28,1.4015
2009-10-29,1.3982
2009-10-30,1.3980
2009-11-02,1.3965
2009-11-03,1.4018
2009-11-04,1.3958
2009-11-05,1.3956
2009-11-06,1.3928
2009-11-09,1.3862
2009-11-10,1.3878
2009-11-11,.
2009-11-12,1.3889
2009-11-13,1.3862
2009-11-16,1.3849
2009-11-17,1.3877
2009-11-18,1.3829
2009-11-19,1.3890
2009-11-20,1.3880
2009-11-23,1.3858
2009-11-24,1.3857
2009-11-25,1.3795
2009-11-26,.
2009-11-27,1.3870
2009-11-30,1.3845
2009-12-01,1.3796
2009-12-02,1.3796
2009-12-03,1.3806
2009-12-04,1.3865
2009-12-07,1.3890
2009-12-08,1.3926
2009-12-09,1.3899
2009-12-10,1.3892
2009-12-11,1.3924
2009-12-14,1.3913
2009-12-15,1.3943
2009-12-16,1.3964
2009-12-17,1.4040
2009-12-18,1.4033
2009-12-21,1.4053
2009-12-22,1.4076
2009-12-23,1.4082
2009-12-24,1.4070
2009-12-25,.
2009-12-28,1.4060
2009-12-29,1.4045
2009-12-30,1.4048
2009-12-31,1.4035
2010-01-01,.
2010-01-04,1.3971
2010-01-05,1.3956
2010-01-06,1.3945
2010-01-07,1.3971
2010-01-08,1.3941
2010-01-11,1.3878
2010-01-12,1.3884
2010-01-13,1.3885
2010-01-14,1.3879
2010-01-15,1.3910
2010-01-18,.
2010-01-19,1.3908
2010-01-20,1.4006
2010-01-21,1.4010
2010-01-22,1.4020
2010-01-25,1.3995
2010-01-26,1.4044
2010-01-27,1.4044
2010-01-28,1.4025
2010-01-29,1.4055
2010-02-01,1.4122
2010-02-02,1.4092
2010-02-03,1.4121
2010-02-04,1.4200
2010-02-05,1.4228
2010-02-08,1.4214
2010-02-09,1.4165
2010-02-10,1.4178
2010-02-11,1.4129
2010-02-12,1.4115
2010-02-15,.
2010-02-16,1.4059
2010-02-17,1.4063
2010-02-18,1.4077
2010-02-19,1.4126
2010-02-22,1.4085
2010-02-23,1.4105
2010-02-24,1.4085
2010-02-25,1.4107
2010-02-26,1.4049
2010-03-01,1.4059
2010-03-02,1.4035
2010-03-03,1.3981
2010-03-04,1.4001
2010-03-05,1.3991
2010-03-08,1.3992
2010-03-09,1.3983
2010-03-10,1.3976
2010-03-11,1.3977
2010-03-12,1.3940
2010-03-15,1.3981
2010-03-16,1.3949
2010-03-17,1.3930
2010-03-18,1.3960
2010-03-19,1.3980
2010-03-22,1.4025
2010-03-23,1.3999
2010-03-24,1.4055
2010-03-25,1.4055
2010-03-26,1.4033
2010-03-29,1.3988
2010-03-30,1.3997
2010-03-31,1.3986
2010-04-01,1.3965
2010-04-02,1.3985
2010-04-05,1.3971
2010-04-06,1.3966
2010-04-07,1.3946
2010-04-08,1.3941
2010-04-09,1.3890
2010-04-12,1.3902
2010-04-13,1.3922
2010-04-14,1.3732
2010-04-15,1.3744
2010-04-16,1.3746
2010-04-19,1.3795
2010-04-20,1.3749
2010-04-21,1.3723
2010-04-22,1.3733
2010-04-23,1.3710
2010-04-26,1.3679
2010-04-27,1.3722
2010-04-28,1.3763
2010-04-29,1.3683
2010-04-30,1.3701
2010-05-03,1.3717
2010-05-04,1.3783
2010-05-05,1.3915
2010-05-06,1.3975
2010-05-07,1.3951
2010-05-10,1.3804
2010-05-11,1.3808
2010-05-12,1.3800
2010-05-13,1.3813
2010-05-14,1.3868
2010-05-17,1.3932
2010-05-18,1.3883
2010-05-19,1.3997
2010-05-20,1.4100
2010-05-21,1.4080
2010-05-24,1.4055
2010-05-25,1.4187
2010-05-26,1.4078
2010-05-27,1.4019
2010-05-28,1.4040
2010-05-31,.
2010-06-01,1.4090
2010-06-02,1.4092
2010-06-03,1.4054
2010-06-04,1.4117
2010-06-07,1.4146
2010-06-08,1.4156
2010-06-09,1.4110
2010-06-10,1.4037
2010-06-11,1.4030
2010-06-14,1.3935
2010-06-15,1.3940
2010-06-16,1.3939
2010-06-17,1.3920
2010-06-18,1.3845
2010-06-21,1.3743
2010-06-22,1.3812
2010-06-23,1.3866
2010-06-24,1.3926
2010-06-25,1.3891
2010-06-28,1.3860
2010-06-29,1.4012
2010-06-30,1.3961
2010-07-01,1.3950
2010-07-02,1.3945
2010-07-05,.
2010-07-06,1.3856
2010-07-07,1.3870
2010-07-08,1.3797
2010-07-09,1.3802
2010-07-12,1.3831
2010-07-13,1.3755
2010-07-14,1.3732
2010-07-15,1.3751
2010-07-16,1.3768
2010-07-19,1.3769
2010-07-20,1.3745
2010-07-21,1.3753
2010-07-22,1.3730
2010-07-23,1.3709
2010-07-26,1.3611
2010-07-27,1.3623
2010-07-28,1.3660
2010-07-29,1.3629
2010-07-30,1.3595
2010-08-02,1.3506
2010-08-03,1.3490
2010-08-04,1.3521
2010-08-05,1.3528
2010-08-06,1.3475
2010-08-09,1.3477
2010-08-10,1.3560
2010-08-11,1.3645
2010-08-12,1.3608
2010-08-13,1.3625
2010-08-16,1.3612
2010-08-17,1.3528
2010-08-18,1.3489
2010-08-19,1.3545
2010-08-20,1.3583
2010-08-23,1.3570
2010-08-24,1.3591
2010-08-25,1.3607
2010-08-26,1.3550
2010-08-27,1.3528
2010-08-30,1.3540
2010-08-31,1.3546
2010-09-01,1.3468
2010-09-02,1.3457
2010-09-03,1.3437
2010-09-06,.
2010-09-07,1.3477
2010-09-08,1.3430
2010-09-09,1.3410
2010-09-10,1.3400
2010-09-13,1.3362
2010-09-14,1.3326
2010-09-15,1.3379
2010-09-16,1.3373
2010-09-17,1.3363
2010-09-20,1.3331
2010-09-21,1.3315
2010-09-22,1.3258
2010-09-23,1.3262
2010-09-24,1.3226
2010-09-27,1.3217
2010-09-28,1.3180
2010-09-29,1.3150
2010-09-30,1.3162
2010-10-01,1.3117
2010-10-04,1.3143
2010-10-05,1.3098
2010-10-06,1.3072
2010-10-07,1.3075
2010-10-08,1.3055
2010-10-11,.
2010-10-12,1.3060
2010-10-13,1.3027
2010-10-14,1.2972
2010-10-15,1.2961
2010-10-18,1.2985
2010-10-19,1.3075
2010-10-20,1.3028
2010-10-21,1.2990
2010-10-22,1.2994
2010-10-25,1.2920
2010-10-26,1.2974
2010-10-27,1.3060
2010-10-28,1.2960
2010-10-29,1.2945
2010-11-01,1.2916
2010-11-02,1.2872
2010-11-03,1.2887
2010-11-04,1.2824
2010-11-05,1.2862
2010-11-08,1.2869
2010-11-09,1.2855
2010-11-10,1.2885
2010-11-11,.
2010-11-12,1.2934
2010-11-15,1.3009
2010-11-16,1.3046
2010-11-17,1.3017
2010-11-18,1.2963
2010-11-19,1.2980
2010-11-22,1.2981
2010-11-23,1.3129
2010-11-24,1.3085
2010-11-25,.
2010-11-26,1.3194
2010-11-29,1.3223
2010-11-30,1.3202
2010-12-01,1.3090
2010-12-02,1.3062
2010-12-03,1.3030
2010-12-06,1.3055
2010-12-07,1.3035
2010-12-08,1.3147
2010-12-09,1.3120
2010-12-10,1.3083
2010-12-13,1.3043
2010-12-14,1.3012
2010-12-15,1.3126
2010-12-16,1.3163
2010-12-17,1.3164
2010-12-20,1.3165
2010-12-21,1.3125
2010-12-22,1.3068
2010-12-23,1.3046
2010-12-24,.
2010-12-27,1.3005
2010-12-28,1.2967
2010-12-29,1.2942
2010-12-30,1.2885
2010-12-31,.
2011-01-03,1.2842
2011-01-04,1.2874
2011-01-05,1.2911
2011-01-06,1.2949
2011-01-07,1.2945
2011-01-10,1.2986
2011-01-11,1.2938
2011-01-12,1.2892
2011-01-13,1.2842
2011-01-14,1.2886
2011-01-17,.
2011-01-18,1.2824
2011-01-19,1.2815
2011-01-20,1.2887
2011-01-21,1.2830
2011-01-24,1.2806
2011-01-25,1.2819
2011-01-26,1.2793
2011-01-27,1.2791
2011-01-28,1.2841
2011-01-31,1.2794
2011-02-01,1.2712
2011-02-02,1.2720
2011-02-03,1.2741
2011-02-04,1.2746
2011-02-07,1.2742
2011-02-08,1.2716
2011-02-09,1.2736
2011-02-10,1.2768
2011-02-11,1.2829
2011-02-14,1.2821
2011-02-15,1.2800
2011-02-16,1.2796
2011-02-17,1.2757
2011-02-18,1.2736
2011-02-21,.
2011-02-22,1.2791
2011-02-23,1.2772
2011-02-24,1.2756
2011-02-25,1.2727
2011-02-28,1.2720
2011-03-01,1.2707
2011-03-02,1.2694
2011-03-03,1.2680
2011-03-04,1.2665
2011-03-07,1.2655
2011-03-08,1.2675
2011-03-09,1.2675
2011-03-10,1.2715
2011-03-11,1.2682
2011-03-14,1.2675
2011-03-15,1.2805
2011-03-16,1.2817
2011-03-17,1.2782
2011-03-18,1.2744
2011-03-21,1.2672
2011-03-22,1.2631
2011-03-23,1.2654
2011-03-24,1.2603
2011-03-25,1.2605
2011-03-28,1.2612
2011-03-29,1.2620
2011-03-30,1.2621
2011-03-31,1.2600
2011-04-01,1.2606
2011-04-04,1.2602
2011-04-05,1.2605
2011-04-06,1.2602
2011-04-07,1.2611
2011-04-08,1.2570
2011-04-11,1.2556
2011-04-12,1.2588
2011-04-13,1.2556
2011-04-14,1.2480
2011-04-15,1.2424
2011-04-18,1.2489
2011-04-19,1.2450
2011-04-20,1.2385
2011-04-21,1.2341
2011-04-22,1.2338
2011-04-25,1.2355
2011-04-26,1.2321
2011-04-27,1.2327
2011-04-28,1.2292
2011-04-29,1.2230
2011-05-02,1.2222
2011-05-03,1.2250
2011-05-04,1.2312
2011-05-05,1.2382
2011-05-06,1.2337
2011-05-09,1.2335
2011-05-10,1.2335
2011-05-11,1.2321
2011-05-12,1.2410
2011-05-13,1.2458
2011-05-16,1.2500
2011-05-17,1.2494
2011-05-18,1.2408
2011-05-19,1.2399
2011-05-20,1.2384
2011-05-23,1.2488
2011-05-24,1.2460
2011-05-25,1.2460
2011-05-26,1.2461
2011-05-27,1.2360
2011-05-30,.
2011-05-31,1.2342
2011-06-01,1.2310
2011-06-02,1.2356
2011-06-03,1.2292
2011-06-06,1.2287
2011-06-07,1.2283
2011-06-08,1.2315
2011-06-09,1.2292
2011-06-10,1.2345
2011-06-13,1.2371
2011-06-14,1.2307
2011-06-15,1.2365
2011-06-16,1.2405
2011-06-17,1.2332
2011-06-20,1.2349
2011-06-21,1.2312
2011-06-22,1.2306
2011-06-23,1.2385
2011-06-24,1.2372
2011-06-27,1.2412
2011-06-28,1.2387
2011-06-29,1.2327
2011-06-30,1.2273
2011-07-01,1.2264
2011-07-04,.
2011-07-05,1.2274
2011-07-06,1.2287
2011-07-07,1.2230
2011-07-08,1.2217
2011-07-11,1.2272
2011-07-12,1.2248
2011-07-13,1.2176
2011-07-14,1.2175
2011-07-15,1.2173
2011-07-18,1.2192
2011-07-19,1.2152
2011-07-20,1.2138
2011-07-21,1.2102
2011-07-22,1.2082
2011-07-25,1.2070
2011-07-26,1.2034
2011-07-27,1.2031
2011-07-28,1.2021
2011-07-29,1.2031
2011-08-01,1.2050
2011-08-02,1.2044
2011-08-03,1.2065
2011-08-04,1.2195
2011-08-05,1.2214
2011-08-08,1.2171
2011-08-09,1.2146
2011-08-10,1.2177
2011-08-11,1.2116
2011-08-12,1.2110
2011-08-15,1.2035
2011-08-16,1.2007
2011-08-17,1.2025
2011-08-18,1.2153
2011-08-19,1.2080
2011-08-22,1.2085
2011-08-23,1.2038
2011-08-24,1.2055
2011-08-25,1.2105
2011-08-26,1.2035
2011-08-29,1.2052
2011-08-30,1.2063
2011-08-31,1.2031
2011-09-01,1.2023
2011-09-02,1.2045
2011-09-05,.
2011-09-06,1.2101
2011-09-07,1.2093
2011-09-08,1.2130
2011-09-09,1.2273
2011-09-12,1.2362
2011-09-13,1.2410
2011-09-14,1.2453
2011-09-15,1.2442
2011-09-16,1.2397
2011-09-19,1.2632
2011-09-20,1.2580
2011-09-21,1.2740
2011-09-22,1.3088
2011-09-23,1.2950
2011-09-26,1.2981
2011-09-27,1.2795
2011-09-28,1.2855
2011-09-29,1.2920
2011-09-30,1.3006
2011-10-03,1.3104
2011-10-04,1.3135
2011-10-05,1.3038
2011-10-06,1.3008
2011-10-07,1.2903
2011-10-10,.
2011-10-11,1.2817
2011-10-12,1.2751
2011-10-13,1.2803
2011-10-14,1.2662
2011-10-17,1.2675
2011-10-18,1.2691
2011-10-19,1.2657
2011-10-20,1.2727
2011-10-21,1.2743
2011-10-24,1.2654
2011-10-25,1.2630
2011-10-26,1.2743
2011-10-27,1.2464
2011-10-28,1.2421
2011-10-31,1.2515
2011-11-01,1.2782
2011-11-02,1.2720
2011-11-03,1.2718
2011-11-04,1.2676
2011-11-07,1.2701
2011-11-08,1.2699
2011-11-09,1.2839
2011-11-10,1.2902
2011-11-11,.
2011-11-14,1.2905
2011-11-15,1.2927
2011-11-16,1.2915
2011-11-17,1.2930
2011-11-18,1.2965
2011-11-21,1.3023
2011-11-22,1.3017
2011-11-23,1.3106
2011-11-24,.
2011-11-25,1.3117
2011-11-28,1.3001
2011-11-29,1.2944
2011-11-30,1.2825
2011-12-01,1.2823
2011-12-02,1.2840
2011-12-05,1.2777
2011-12-06,1.2836
2011-12-07,1.2855
2011-12-08,1.2943
2011-12-09,1.2931
2011-12-12,1.3012
2011-12-13,1.3013
2011-12-14,1.3087
2011-12-15,1.3078
2011-12-16,1.3032
2011-12-19,1.3069
2011-12-20,1.2988
2011-12-21,1.2975
2011-12-22,1.2929
2011-12-23,1.2935
2011-12-26,.
2011-12-27,1.2965
2011-12-28,1.2986
2011-12-29,1.3003
2011-12-30,1.2948
2012-01-02,.
2012-01-03,1.2824
2012-01-04,1.2873
2012-01-05,1.2923
2012-01-06,1.2931
2012-01-09,1.2973
2012-01-10,1.2890
2012-01-11,1.2923
2012-01-12,1.2907
2012-01-13,1.2929
2012-01-16,.
2012-01-17,1.2839
2012-01-18,1.2785
2012-01-19,1.2733
2012-01-20,1.2728
2012-01-23,1.2667
2012-01-24,1.2693
2012-01-25,1.2700
2012-01-26,1.2553
2012-01-27,1.2526
2012-01-30,1.2575
2012-01-31,1.2576
2012-02-01,1.2521
2012-02-02,1.2463
2012-02-03,1.2424
2012-02-06,1.2475
2012-02-07,1.2457
2012-02-08,1.2461
2012-02-09,1.2476
2012-02-10,1.2591
2012-02-13,1.2551
2012-02-14,1.2646
2012-02-15,1.2609
2012-02-16,1.2625
2012-02-17,1.2591
2012-02-20,.
2012-02-21,1.2565
2012-02-22,1.2581
2012-02-23,1.2565
2012-02-24,1.2558
2012-02-27,1.2545
2012-02-28,1.2520
2012-02-29,1.2474
2012-03-01,1.2474
2012-03-02,1.2511
2012-03-05,1.2577
2012-03-06,1.2641
2012-03-07,1.2598
2012-03-08,1.2527
2012-03-09,1.2540
2012-03-12,1.2613
2012-03-13,1.2581
2012-03-14,1.2686
2012-03-15,1.2630
2012-03-16,1.2580
2012-03-19,1.2565
2012-03-20,1.2626
2012-03-21,1.2652
2012-03-22,1.2661
2012-03-23,1.2625
2012-03-26,1.2570
2012-03-27,1.2562
2012-03-28,1.2584
2012-03-29,1.2613
2012-03-30,1.2573
2012-04-02,1.2539
2012-04-03,1.2510
2012-04-04,1.2595
2012-04-05,1.2592
2012-04-06,1.2605
2012-04-09,1.2625
2012-04-10,1.2627
2012-04-11,1.2586
2012-04-12,1.2522
2012-04-13,1.2474
2012-04-16,1.2500
2012-04-17,1.2481
2012-04-18,1.2508
2012-04-19,1.2508
2012-04-20,1.2488
2012-04-23,1.2486
2012-04-24,1.2468
2012-04-25,1.2439
2012-04-26,1.2401
2012-04-27,1.2385
2012-04-30,1.2368
2012-05-01,1.2355
2012-05-02,1.2399
2012-05-03,1.2425
2012-05-04,1.2445
2012-05-07,1.2465
2012-05-08,1.2477
2012-05-09,1.2523
2012-05-10,1.2494
2012-05-11,1.2503
2012-05-14,1.2558
2012-05-15,1.2588
2012-05-16,1.2667
2012-05-17,1.2664
2012-05-18,1.2749
2012-05-21,1.2725
2012-05-22,1.2691
2012-05-23,1.2801
2012-05-24,1.2762
2012-05-25,1.2781
2012-05-28,.
2012-05-29,1.2789
2012-05-30,1.2880
2012-05-31,1.2888
2012-06-01,1.2918
2012-06-04,1.2876
2012-06-05,1.2872
2012-06-06,1.2763
2012-06-07,1.2753
2012-06-08,1.2848
2012-06-11,1.2826
2012-06-12,1.2834
2012-06-13,1.2793
2012-06-14,1.2803
2012-06-15,1.2718
2012-06-18,1.2722
2012-06-19,1.2654
2012-06-20,1.2679
2012-06-21,1.2759
2012-06-22,1.2757
2012-06-25,1.2843
2012-06-26,1.2788
2012-06-27,1.2769
2012-06-28,1.2808
2012-06-29,1.2673
2012-07-02,1.2672
2012-07-03,1.2611
2012-07-04,.
2012-07-05,1.2631
2012-07-06,1.2729
2012-07-09,1.2707
2012-07-10,1.2668
2012-07-11,1.2626
2012-07-12,1.2699
2012-07-13,1.2651
2012-07-16,1.2648
2012-07-17,1.2623
2012-07-18,1.2585
2012-07-19,1.2533
2012-07-20,1.2556
2012-07-23,1.2624
2012-07-24,1.2610
2012-07-25,1.2581
2012-07-26,1.2515
2012-07-27,1.2481
2012-07-30,1.2468
2012-07-31,1.2437
2012-08-01,1.2439
2012-08-02,1.2502
2012-08-03,1.2422
2012-08-06,1.2403
2012-08-07,1.2413
2012-08-08,1.2441
2012-08-09,1.2449
2012-08-10,1.2446
2012-08-13,1.2458
2012-08-14,1.2469
2012-08-15,1.2496
2012-08-16,1.2495
2012-08-17,1.2536
2012-08-20,1.2532
2012-08-21,1.2495
2012-08-22,1.2512
2012-08-23,1.2460
2012-08-24,1.2491
2012-08-27,1.2510
2012-08-28,1.2523
2012-08-29,1.2526
2012-08-30,1.2537
2012-08-31,1.2477
2012-09-03,.
2012-09-04,1.2471
2012-09-05,1.2474
2012-09-06,1.2433
2012-09-07,1.2359
2012-09-10,1.2347
2012-09-11,1.2294
2012-09-12,1.2288
2012-09-13,1.2299
2012-09-14,1.2199
2012-09-17,1.2235
2012-09-18,1.2247
2012-09-19,1.2242
2012-09-20,1.2256
2012-09-21,1.2237
2012-09-24,1.2285
2012-09-25,1.2249
2012-09-26,1.2320
2012-09-27,1.2267
2012-09-28,1.2262
2012-10-01,1.2286
2012-10-02,1.2294
2012-10-03,1.2321
2012-10-04,1.2286
2012-10-05,1.2267
2012-10-08,.
2012-10-09,1.2302
2012-10-10,1.2294
2012-10-11,1.2275
2012-10-12,1.2223
2012-10-15,1.2219
2012-10-16,1.2207
2012-10-17,1.2159
2012-10-18,1.2177
2012-10-19,1.2209
2012-10-22,1.2214
2012-10-23,1.2255
2012-10-24,1.2227
2012-10-25,1.2202
2012-10-26,1.2208
2012-10-29,1.2207
2012-10-30,1.2188
2012-10-31,1.2200
2012-11-01,1.2201
2012-11-02,1.2232
2012-11-05,1.2249
2012-11-06,1.2237
2012-11-07,1.2226
2012-11-08,1.2232
2012-11-09,1.2234
2012-11-12,.
2012-11-13,1.2232
2012-11-14,1.2220
2012-11-15,1.2247
2012-11-16,1.2286
2012-11-19,1.2238
2012-11-20,1.2244
2012-11-21,1.2255
2012-11-22,.
2012-11-23,1.2225
2012-11-26,1.2216
2012-11-27,1.2224
2012-11-28,1.2228
2012-11-29,1.2210
2012-11-30,1.2206
2012-12-03,1.2185
2012-12-04,1.2174
2012-12-05,1.2185
2012-12-06,1.2207
2012-12-07,1.2206
2012-12-10,1.2215
2012-12-11,1.2215
2012-12-12,1.2216
2012-12-13,1.2212
2012-12-14,1.2195
2012-12-17,1.2195
2012-12-18,1.2174
2012-12-19,1.2182
2012-12-20,1.2186
2012-12-21,1.2211
2012-12-24,1.2215
2012-12-25,.
2012-12-26,1.2232
2012-12-27,1.2227
2012-12-28,1.2230
2012-12-31,1.2214
2013-01-01,.
2013-01-02,1.2203
2013-01-03,1.2220
2013-01-04,1.2285
2013-01-07,1.2305
2013-01-08,1.2298
2013-01-09,1.2265
2013-01-10,1.2227
2013-01-11,1.2250
2013-01-14,1.2263
2013-01-15,1.2253
2013-01-16,1.2232
2013-01-17,1.2233
2013-01-18,1.2271
2013-01-21,.
2013-01-22,1.2276
2013-01-23,1.2267
2013-01-24,1.2282
2013-01-25,1.2361
2013-01-28,1.2380
2013-01-29,1.2337
2013-01-30,1.2347
2013-01-31,1.2376
2013-02-01,1.2393
2013-02-04,1.2397
2013-02-05,1.2381
2013-02-06,1.2376
2013-02-07,1.2403
2013-02-08,1.2373
2013-02-11,1.2405
2013-02-12,1.2388
2013-02-13,1.2375
2013-02-14,1.2355
2013-02-15,1.2375
2013-02-18,.
2013-02-19,1.2374
2013-02-20,1.2375
2013-02-21,1.2390
2013-02-22,1.2372
2013-02-25,1.2387
2013-02-26,1.2397
2013-02-27,1.2375
2013-02-28,1.2369
2013-03-01,1.2396
2013-03-04,1.2469
2013-03-05,1.2473
2013-03-06,1.2477
2013-03-07,1.2457
2013-03-08,1.2483
2013-03-11,1.2493
2013-03-12,1.2475
2013-03-13,1.2490
2013-03-14,1.2495
2013-03-15,1.2485
2013-03-18,1.2494
2013-03-19,1.2518
2013-03-20,1.2514
2013-03-21,1.2488
2013-03-22,1.2486
2013-03-25,1.2443
2013-03-26,1.2408
2013-03-27,1.2432
2013-03-28,1.2406
2013-03-29,1.2400
2013-04-01,1.2401
2013-04-02,1.2387
2013-04-03,1.2375
2013-04-04,1.2416
2013-04-05,1.2404
2013-04-08,1.2414
2013-04-09,1.2391
2013-04-10,1.2374
2013-04-11,1.2367
2013-04-12,1.2366
2013-04-15,1.2364
2013-04-16,1.2355
2013-04-17,1.2354
2013-04-18,1.2355
2013-04-19,1.2369
2013-04-22,1.2402
2013-04-23,1.2415
2013-04-24,1.2434
2013-04-25,1.2393
2013-04-26,1.2364
2013-04-29,1.2339
2013-04-30,1.2320
2013-05-01,1.2331
2013-05-02,1.2350
2013-05-03,1.2341
2013-05-06,1.2313
2013-05-07,1.2330
2013-05-08,1.2274
2013-05-09,1.2291
2013-05-10,1.2389
2013-05-13,1.2413
2013-05-14,1.2425
2013-05-15,1.2472
2013-05-16,1.2502
2013-05-17,1.2568
2013-05-20,1.2560
2013-05-21,1.2602
2013-05-22,1.2663
2013-05-23,1.2630
2013-05-24,1.2645
2013-05-27,.
2013-05-28,1.2684
2013-05-29,1.2664
2013-05-30,1.2604
2013-05-31,1.2641
2013-06-03,1.2501
2013-06-04,1.2534
2013-06-05,1.2484
2013-06-06,1.2454
2013-06-07,1.2464
2013-06-10,1.2580
2013-06-11,1.2564
2013-06-12,1.2516
2013-06-13,1.2510
2013-06-14,1.2515
2013-06-17,1.2546
2013-06-18,1.2616
2013-06-19,1.2564
2013-06-20,1.2745
2013-06-21,1.2768
2013-06-24,1.2777
2013-06-25,1.2688
2013-06-26,1.2725
2013-06-27,1.2672
2013-06-28,1.2682
2013-07-01,1.2634
2013-07-02,1.2694
2013-07-03,1.2719
2013-07-04,.
2013-07-05,1.2811
2013-07-08,1.2807
2013-07-09,1.2801
2013-07-10,1.2750
2013-07-11,1.2614
2013-07-12,1.2627
2013-07-15,1.2641
2013-07-16,1.2602
2013-07-17,1.2613
2013-07-18,1.2677
2013-07-19,1.2644
2013-07-22,1.2605
2013-07-23,1.2645
2013-07-24,1.2678
2013-07-25,1.2675
2013-07-26,1.2647
2013-07-29,1.2661
2013-07-30,1.2696
2013-07-31,1.2746
2013-08-01,1.2754
2013-08-02,1.2718
2013-08-05,1.2700
2013-08-06,1.2681
2013-08-07,1.2674
2013-08-08,1.2591
2013-08-09,1.2572
2013-08-12,1.2610
2013-08-13,1.2678
2013-08-14,1.2705
2013-08-15,1.2728
2013-08-16,1.2702
2013-08-19,1.2759
2013-08-20,1.2735
2013-08-21,1.2789
2013-08-22,1.2808
2013-08-23,1.2793
2013-08-26,1.2812
2013-08-27,1.2831
2013-08-28,1.2777
2013-08-29,1.2749
2013-08-30,1.2758
2013-09-02,.
2013-09-03,1.2777
2013-09-04,1.2730
2013-09-05,1.2803
2013-09-06,1.2732
2013-09-09,1.2701
2013-09-10,1.2685
2013-09-11,1.2675
2013-09-12,1.2670
2013-09-13,1.2685
2013-09-16,1.2605
2013-09-17,1.2586
2013-09-18,1.2592
2013-09-19,1.2469
2013-09-20,1.2510
2013-09-23,1.2501
2013-09-24,1.2533
2013-09-25,1.2529
2013-09-26,1.2546
2013-09-27,1.2556
2013-09-30,1.2547
2013-10-01,1.2520
2013-10-02,1.2492
2013-10-03,1.2487
2013-10-04,1.2464
2013-10-07,1.2479
2013-10-08,1.2491
2013-10-09,1.2504
2013-10-10,1.2482
2013-10-11,1.2466
2013-10-14,.
2013-10-15,1.2425
2013-10-16,1.2457
2013-10-17,1.2399
2013-10-18,1.2374
2013-10-21,1.2417
2013-10-22,1.2361
2013-10-23,1.2383
2013-10-24,1.2370
2013-10-25,1.2365
2013-10-28,1.2383
2013-10-29,1.2390
2013-10-30,1.2366
2013-10-31,1.2402
2013-11-01,1.2434
2013-11-04,1.2424
2013-11-05,1.2432
2013-11-06,1.2425
2013-11-07,1.2443
2013-11-08,1.2463
2013-11-11,.
2013-11-12,1.2508
2013-11-13,1.2473
2013-11-14,1.2479
2013-11-15,1.2466
2013-11-18,1.2457
2013-11-19,1.2446
2013-11-20,1.2449
2013-11-21,1.2495
2013-11-22,1.2499
2013-11-25,1.2522
2013-11-26,1.2534
2013-11-27,1.2548
2013-11-28,.
2013-11-29,1.2548
2013-12-02,1.2560
2013-12-03,1.2531
2013-12-04,1.2557
2013-12-05,1.2532
2013-12-06,1.2512
2013-12-09,1.2493
2013-12-10,1.2489
2013-12-11,1.2510
2013-12-12,1.2558
2013-12-13,1.2554
2013-12-16,1.2550
2013-12-17,1.2574
2013-12-18,1.2596
2013-12-19,1.2670
2013-12-20,1.2666
2013-12-23,1.2681
2013-12-24,1.2684
2013-12-25,.
2013-12-26,1.2689
2013-12-27,1.2675
2013-12-30,1.2671
2013-12-31,1.2622
2014-01-01,.
2014-01-02,1.2666
2014-01-03,1.2661
2014-01-06,1.2678
2014-01-07,1.2711
2014-01-08,1.2717
2014-01-09,1.2712
2014-01-10,1.2659
2014-01-13,1.2647
2014-01-14,1.2678
2014-01-15,1.2730
2014-01-16,1.2722
2014-01-17,1.2743
2014-01-20,.
2014-01-21,1.2783
2014-01-22,1.2792
2014-01-23,1.2781
2014-01-24,1.2789
2014-01-27,1.2757
2014-01-28,1.2750
2014-01-29,1.2753
2014-01-30,1.2746
2014-01-31,1.2772
2014-02-03,1.2755
2014-02-04,1.2678
2014-02-05,1.2675
2014-02-06,1.2676
2014-02-07,1.2673
2014-02-10,1.2701
2014-02-11,1.2673
2014-02-12,1.2664
2014-02-13,1.2654
2014-02-14,1.2602
2014-02-17,.
2014-02-18,1.2602
2014-02-19,1.2604
2014-02-20,1.2653
2014-02-21,1.2671
2014-02-24,1.2637
2014-02-25,1.2629
2014-02-26,1.2663
2014-02-27,1.2638
2014-02-28,1.2669
2014-03-03,1.2709
2014-03-04,1.2689
2014-03-05,1.2700
2014-03-06,1.2630
2014-03-07,1.2682
2014-03-10,1.2686
2014-03-11,1.2665
2014-03-12,1.2677
2014-03-13,1.2658
2014-03-14,1.2648
2014-03-17,1.2647
2014-03-18,1.2637
2014-03-19,1.2663
2014-03-20,1.2774
2014-03-21,1.2745
2014-03-24,1.2712
2014-03-25,1.2694
2014-03-26,1.2677
2014-03-27,1.2645
2014-03-28,1.2593
2014-03-31,1.2583
2014-04-01,1.2589
2014-04-02,1.2619
2014-04-03,1.2633
2014-04-04,1.2596
2014-04-07,1.2602
2014-04-08,1.2527
2014-04-09,1.2473
2014-04-10,1.2481
2014-04-11,1.2481
2014-04-14,1.2518
2014-04-15,1.2534
2014-04-16,1.2504
2014-04-17,1.2507
2014-04-18,1.2524
2014-04-21,1.2526
2014-04-22,1.2559
2014-04-23,1.2570
2014-04-24,1.2583
2014-04-25,1.2563
2014-04-28,1.2566
2014-04-29,1.2551
2014-04-30,1.2553
2014-05-01,1.2525
2014-05-02,1.2539
2014-05-05,1.2499
2014-05-06,1.2472
2014-05-07,1.2485
2014-05-08,1.2460
2014-05-09,1.2482
2014-05-12,1.2506
2014-05-13,1.2516
2014-05-14,1.2496
2014-05-15,1.2521
2014-05-16,1.2509
2014-05-19,1.2492
2014-05-20,1.2520
2014-05-21,1.2524
2014-05-22,1.2515
2014-05-23,1.2524
2014-05-26,.
2014-05-27,1.2564
2014-05-28,1.2554
2014-05-29,1.2551
2014-05-30,1.2543
2014-06-02,1.2564
2014-06-03,1.2568
2014-06-04,1.2572
2014-06-05,1.2555
2014-06-06,1.2514
2014-06-09,1.2499
2014-06-10,1.2498
2014-06-11,1.2499
2014-06-12,1.2480
2014-06-13,1.2507
2014-06-16,1.2504
2014-06-17,1.2537
2014-06-18,1.2518
2014-06-19,1.2497
2014-06-20,1.2501
2014-06-23,1.2486
2014-06-24,1.2492
2014-06-25,1.2496
2014-06-26,1.2500
2014-06-27,1.2497
2014-06-30,1.2465
2014-07-01,1.2454
2014-07-02,1.2472
2014-07-03,1.2465
2014-07-04,.
2014-07-07,1.2466
2014-07-08,1.2431
2014-07-09,1.2418
2014-07-10,1.2419
2014-07-11,1.2409
2014-07-14,1.2412
2014-07-15,1.2437
2014-07-16,1.2425
2014-07-17,1.2427
2014-07-18,1.2410
2014-07-21,1.2394
2014-07-22,1.2397
2014-07-23,1.2376
2014-07-24,1.2405
2014-07-25,1.2413
2014-07-28,1.2413
2014-07-29,1.2429
2014-07-30,1.2454
2014-07-31,1.2466
2014-08-01,1.2469
2014-08-04,1.2461
2014-08-05,1.2481
2014-08-06,1.2490
2014-08-07,1.2508
2014-08-08,1.2514
2014-08-11,1.2499
2014-08-12,1.2510
2014-08-13,1.2495
2014-08-14,1.2450
2014-08-15,1.2455
2014-08-18,1.2444
2014-08-19,1.2471
2014-08-20,1.2497
2014-08-21,1.2493
2014-08-22,1.2491
2014-08-25,1.2502
2014-08-26,1.2497
2014-08-27,1.2470
2014-08-28,1.2488
2014-08-29,1.2485
2014-09-01,.
2014-09-02,1.2538
2014-09-03,1.2522
2014-09-04,1.2555
2014-09-05,1.2533
2014-09-08,1.2564
2014-09-09,1.2627
2014-09-10,1.2626
2014-09-11,1.2630
2014-09-12,1.2631
2014-09-15,1.2636
2014-09-16,1.2593
2014-09-17,1.2644
2014-09-18,1.2678
2014-09-19,1.2662
2014-09-22,1.2693
2014-09-23,1.2684
2014-09-24,1.2672
2014-09-25,1.2687
2014-09-26,1.2737
2014-09-29,1.2734
2014-09-30,1.2754
2014-10-01,1.2728
2014-10-02,1.2713
2014-10-03,1.2812
2014-10-06,1.2771
2014-10-07,1.2756
2014-10-08,1.2783
2014-10-09,1.2712
2014-10-10,1.2730
2014-10-13,.
2014-10-14,1.2750
2014-10-15,1.2726
2014-10-16,1.2730
2014-10-17,1.2752
2014-10-20,1.2708
2014-10-21,1.2710
2014-10-22,1.2719
2014-10-23,1.2747
2014-10-24,1.2753
2014-10-27,1.2746
2014-10-28,1.2723
2014-10-29,1.2705
2014-10-30,1.2767
2014-10-31,1.2854
2014-11-03,1.2909
2014-11-04,1.2890
2014-11-05,1.2933
2014-11-06,1.2945
2014-11-07,1.2920
2014-11-10,1.2917
2014-11-11,.
2014-11-12,1.2892
2014-11-13,1.2909
2014-11-14,1.2979
2014-11-17,1.2980
2014-11-18,1.2962
2014-11-19,1.3057
2014-11-20,1.3008
2014-11-21,1.2981
2014-11-24,1.3035
2014-11-25,1.3016
2014-11-26,1.2982
2014-11-27,.
2014-11-28,1.3036
2014-12-01,1.3050
2014-12-02,1.3095
2014-12-03,1.3111
2014-12-04,1.3108
2014-12-05,1.3219
2014-12-08,1.3193
2014-12-09,1.3145
2014-12-10,1.3106
2014-12-11,1.3147
2014-12-12,1.3123
2014-12-15,1.3122
2014-12-16,1.3046
2014-12-17,1.3072
2014-12-18,1.3128
2014-12-19,1.3169
2014-12-22,1.3187
2014-12-23,1.3219
2014-12-24,1.3235
2014-12-25,.
2014-12-26,.
2014-12-29,1.3226
2014-12-30,1.3210
2014-12-31,1.3244
2015-01-01,.
2015-01-02,1.3303
2015-01-05,1.3354
2015-01-06,1.3319
2015-01-07,1.3412
2015-01-08,1.3360
2015-01-09,1.3337
2015-01-12,1.3341
2015-01-13,1.3340
2015-01-14,1.3332
2015-01-15,1.3291
2015-01-16,1.3264
2015-01-19,.
2015-01-20,1.3377
2015-01-21,1.3346
2015-01-22,1.3357
2015-01-23,1.3440
2015-01-26,1.3418
2015-01-27,1.3388
2015-01-28,1.3509
2015-01-29,1.3533
2015-01-30,1.3537
2015-02-02,1.3513
2015-02-03,1.3469
2015-02-04,1.3472
2015-02-05,1.3449
2015-02-06,1.3513
2015-02-09,1.3540
2015-02-10,1.3553
2015-02-11,1.3609
2015-02-12,1.3556
2015-02-13,1.3543
2015-02-16,.
2015-02-17,1.3560
2015-02-18,1.3603
2015-02-19,1.3576
2015-02-20,1.3591
2015-02-23,1.3583
2015-02-24,1.3591
2015-02-25,1.3540
2015-02-26,1.3561
2015-02-27,1.3614
2015-03-02,1.3650
2015-03-03,1.3616
2015-03-04,1.3678
2015-03-05,1.3713
2015-03-06,1.3789
2015-03-09,1.3792
2015-03-10,1.3880
2015-03-11,1.3862
2015-03-12,1.3793
2015-03-13,1.3910
2015-03-16,1.3892
2015-03-17,1.3894
2015-03-18,1.3895
2015-03-19,1.3896
2015-03-20,1.3823
2015-03-23,1.3669
2015-03-24,1.3678
2015-03-25,1.3678
2015-03-26,1.3678
2015-03-27,1.3682
2015-03-30,1.3750
2015-03-31,1.3721
2015-04-01,1.3634
2015-04-02,1.3575
2015-04-03,1.3492
2015-04-06,1.3507
2015-04-07,1.3593
2015-04-08,1.3546
2015-04-09,1.3583
2015-04-10,1.3668
2015-04-13,1.3731
2015-04-14,1.3590
2015-04-15,1.3605
2015-04-16,1.3536
2015-04-17,1.3467
2015-04-20,1.3477
2015-04-21,1.3499
2015-04-22,1.3461
2015-04-23,1.3447
2015-04-24,1.3315
2015-04-27,1.3276
2015-04-28,1.3180
2015-04-29,1.3171
2015-04-30,1.3261
2015-05-01,1.3293
2015-05-04,1.3329
2015-05-05,1.3329
2015-05-06,1.3243
2015-05-07,1.3331
2015-05-08,1.3290
2015-05-11,1.3361
2015-05-12,1.3336
2015-05-13,1.3239
2015-05-14,1.3199
2015-05-15,1.3195
2015-05-18,1.3258
2015-05-19,1.3348
2015-05-20,1.3380
2015-05-21,1.3362
2015-05-22,1.3360
2015-05-25,.
2015-05-26,1.3484
2015-05-27,1.3525
2015-05-28,1.3531
2015-05-29,1.3478
2015-06-01,1.3545
2015-06-02,1.3487
2015-06-03,1.3411
2015-06-04,1.3478
2015-06-05,1.3572
2015-06-08,1.3570
2015-06-09,1.3512
2015-06-10,1.3414
2015-06-11,1.3469
2015-06-12,1.3430
2015-06-15,1.3462
2015-06-16,1.3436
2015-06-17,1.3478
2015-06-18,1.3316
2015-06-19,1.3359
2015-06-22,1.3346
2015-06-23,1.3404
2015-06-24,1.3453
2015-06-25,1.3433
2015-06-26,1.3486
2015-06-29,1.3471
2015-06-30,1.3469
2015-07-01,1.3517
2015-07-02,1.3490
2015-07-03,.
2015-07-06,1.3488
2015-07-07,1.3568
2015-07-08,1.3508
2015-07-09,1.3512
2015-07-10,1.3497
2015-07-13,1.3572
2015-07-14,1.3610
2015-07-15,1.3662
2015-07-16,1.3652
2015-07-17,1.3665
2015-07-20,1.3704
2015-07-21,1.3635
2015-07-22,1.3664
2015-07-23,1.3688
2015-07-24,1.3716
2015-07-27,1.3668
2015-07-28,1.3636
2015-07-29,1.3658
2015-07-30,1.3753
2015-07-31,1.3694
2015-08-03,1.3775
2015-08-04,1.3775
2015-08-05,1.3852
2015-08-06,1.3835
2015-08-07,1.3851
2015-08-10,1.3830
2015-08-11,1.4038
2015-08-12,1.4030
2015-08-13,1.3980
2015-08-14,1.4047
2015-08-17,1.4063
2015-08-18,1.4055
2015-08-19,1.4058
2015-08-20,1.4028
2015-08-21,1.4041
2015-08-24,1.4092
2015-08-25,1.4006
2015-08-26,1.4060
2015-08-27,1.3982
2015-08-28,1.4090
2015-08-31,1.4118
2015-09-01,1.4125
2015-09-02,1.4165
2015-09-03,1.4169
2015-09-04,1.4221
2015-09-07,.
2015-09-08,1.4184
2015-09-09,1.4149
2015-09-10,1.4132
2015-09-11,1.4144
2015-09-14,1.4062
2015-09-15,1.4028
2015-09-16,1.3970
2015-09-17,1.3980
2015-09-18,1.3960
2015-09-21,1.4096
2015-09-22,1.4177
2015-09-23,1.4276
2015-09-24,1.4249
2015-09-25,1.4234
2015-09-28,1.4278
2015-09-29,1.4273
2015-09-30,1.4234
2015-10-01,1.4289
2015-10-02,1.4337
2015-10-05,1.4194
2015-10-06,1.4213
2015-10-07,1.4094
2015-10-08,1.4093
2015-10-09,1.3943
2015-10-12,.
2015-10-13,1.4009
2015-10-14,1.3837
2015-10-15,1.3783
2015-10-16,1.3842
2015-10-19,1.3870
2015-10-20,1.3901
2015-10-21,1.3939
2015-10-22,1.3943
2015-10-23,1.3970
2015-10-26,1.3914
2015-10-27,1.3950
2015-10-28,1.3927
2015-10-29,1.4043
2015-10-30,1.4005
2015-11-02,1.4009
2015-11-03,1.3993
2015-11-04,1.4033
2015-11-05,1.4070
2015-11-06,1.4200
2015-11-09,1.4218
2015-11-10,1.4222
2015-11-11,.
2015-11-12,1.4191
2015-11-13,1.4240
2015-11-16,1.4224
2015-11-17,1.4231
2015-11-18,1.4240
2015-11-19,1.4129
2015-11-20,1.4130
2015-11-23,1.4186
2015-11-24,1.4116
2015-11-25,1.4047
2015-11-26,.
2015-11-27,1.4135
2015-11-30,1.4095
2015-12-01,1.4071
2015-12-02,1.4122
2015-12-03,1.3982
2015-12-04,1.3957
2015-12-07,1.4046
2015-12-08,1.4087
2015-12-09,1.4048
2015-12-10,1.4011
2015-12-11,1.4120
2015-12-14,1.4074
2015-12-15,1.4088
2015-12-16,1.4091
2015-12-17,1.4217
2015-12-18,1.4115
2015-12-21,1.4076
2015-12-22,1.4037
2015-12-23,1.4065
2015-12-24,1.4047
2015-12-25,.
2015-12-28,1.4079
2015-12-29,1.4124
2015-12-30,1.4152
2015-12-31,1.4166
2016-01-01,.
2016-01-04,1.4264
2016-01-05,1.4279
2016-01-06,1.4356
2016-01-07,1.4306
2016-01-08,1.4414
2016-01-11,1.4352
2016-01-12,1.4381
2016-01-13,1.4338
2016-01-14,1.4372
2016-01-15,1.4403
2016-01-18,.
2016-01-19,1.4359
2016-01-20,1.4389
2016-01-21,1.4347
2016-01-22,1.4277
2016-01-25,1.4279
2016-01-26,1.4259
2016-01-27,1.4283
2016-01-28,1.4270
2016-01-29,1.4241
2016-02-01,1.4239
2016-02-02,1.4269
2016-02-03,1.4225
2016-02-04,1.3953
2016-02-05,1.4065
2016-02-08,1.4027
2016-02-09,1.3970
2016-02-10,1.3943
2016-02-11,1.3881
2016-02-12,1.3961
2016-02-15,.
2016-02-16,1.4054
2016-02-17,1.4053
2016-02-18,1.4043
2016-02-19,1.4056
2016-02-22,1.3995
2016-02-23,1.4083
2016-02-24,1.4062
2016-02-25,1.4026
2016-02-26,1.4075
2016-02-29,1.4055
2016-03-01,1.4012
2016-03-02,1.3998
2016-03-03,1.3895
2016-03-04,1.3747
2016-03-07,1.3787
2016-03-08,1.3833
2016-03-09,1.3787
2016-03-10,1.3816
2016-03-11,1.3713
2016-03-14,1.3761
2016-03-15,1.3808
2016-03-16,1.3833
2016-03-17,1.3507
2016-03-18,1.3569
2016-03-21,1.3582
2016-03-22,1.3613
2016-03-23,1.3659
2016-03-24,1.3707
2016-03-25,1.3708
2016-03-28,1.3697
2016-03-29,1.3635
2016-03-30,1.3515
2016-03-31,1.3462
2016-04-01,1.3482
2016-04-04,1.3515
2016-04-05,1.3568
2016-04-06,1.3464
2016-04-07,1.3517
2016-04-08,1.3475
2016-04-11,1.3445
2016-04-12,1.3448
2016-04-13,1.3519
2016-04-14,1.3629
2016-04-15,1.3562
2016-04-18,1.3525
2016-04-19,1.3366
2016-04-20,1.3426
2016-04-21,1.3488
2016-04-22,1.3532
2016-04-25,1.3517
2016-04-26,1.3516
2016-04-27,1.3505
2016-04-28,1.3469
2016-04-29,1.3454
2016-05-02,1.3421
2016-05-03,1.3516
2016-05-04,1.3585
2016-05-05,1.3588
2016-05-06,1.3590
2016-05-09,1.3688
2016-05-10,1.3693
2016-05-11,1.3654
2016-05-12,1.3725
2016-05-13,1.3720
2016-05-16,1.3686
2016-05-17,1.3678
2016-05-18,1.3763
2016-05-19,1.3806
2016-05-20,1.3824
2016-05-23,1.3795
2016-05-24,1.3816
2016-05-25,1.3793
2016-05-26,1.3736
2016-05-27,1.3748
2016-05-30,.
2016-05-31,1.3778
2016-06-01,1.3780
2016-06-02,1.3747
2016-06-03,1.3591
2016-06-06,1.3577
2016-06-07,1.3524
2016-06-08,1.3465
2016-06-09,1.3524
2016-06-10,1.3570
2016-06-13,1.3549
2016-06-14,1.3550
2016-06-15,1.3548
2016-06-16,1.3534
2016-06-17,1.3504
2016-06-20,1.3432
2016-06-21,1.3419
2016-06-22,1.3395
2016-06-23,1.3391
2016-06-24,1.3487
2016-06-27,1.3624
2016-06-28,1.3558
2016-06-29,1.3472
2016-06-30,1.3489
2016-07-01,1.3452
2016-07-04,.
2016-07-05,1.3508
2016-07-06,1.3511
2016-07-07,1.3490
2016-07-08,1.3458
2016-07-11,1.3510
2016-07-12,1.3476
2016-07-13,1.3463
2016-07-14,1.3423
2016-07-15,1.3479
2016-07-18,1.3481
2016-07-19,1.3533
2016-07-20,1.3577
2016-07-21,1.3560
2016-07-22,1.3586
2016-07-25,1.3623
2016-07-26,1.3592
2016-07-27,1.3584
2016-07-28,1.3525
2016-07-29,1.3431
2016-08-01,1.3397
2016-08-02,1.3384
2016-08-03,1.3424
2016-08-04,1.3417
2016-08-05,1.3469
2016-08-08,1.3481
2016-08-09,1.3436
2016-08-10,1.3400
2016-08-11,1.3429
2016-08-12,1.3456
2016-08-15,1.3426
2016-08-16,1.3390
2016-08-17,1.3456
2016-08-18,1.3398
2016-08-19,1.3469
2016-08-22,1.3506
2016-08-23,1.3511
2016-08-24,1.3552
2016-08-25,1.3538
2016-08-26,1.3548
2016-08-29,1.3602
2016-08-30,1.3638
2016-08-31,1.3630
2016-09-01,1.3593
2016-09-02,1.3594
2016-09-05,.
2016-09-06,1.3476
2016-09-07,1.3465
2016-09-08,1.3492
2016-09-09,1.3592
2016-09-12,1.3591
2016-09-13,1.3660
2016-09-14,1.3629
2016-09-15,1.3627
2016-09-16,1.3681
2016-09-19,1.3605
2016-09-20,1.3621
2016-09-21,1.3577
2016-09-22,1.3558
2016-09-23,1.3592
2016-09-26,1.3593
2016-09-27,1.3609
2016-09-28,1.3617
2016-09-29,1.3621
2016-09-30,1.3628
2016-10-03,1.3658
2016-10-04,1.3701
2016-10-05,1.3701
2016-10-06,1.3726
2016-10-07,1.3755
2016-10-10,.
2016-10-11,1.3784
2016-10-12,1.3853
2016-10-13,1.3838
2016-10-14,1.3901
2016-10-17,1.3891
2016-10-18,1.3848
2016-10-19,1.3865
2016-10-20,1.3912
2016-10-21,1.3954
2016-10-24,1.3939
2016-10-25,1.3906
2016-10-26,1.3898
2016-10-27,1.3953
2016-10-28,1.3938
2016-10-31,1.3917
2016-11-01,1.3887
2016-11-02,1.3826
2016-11-03,1.3843
2016-11-04,1.3832
2016-11-07,1.3902
2016-11-08,1.3890
2016-11-09,1.3953
2016-11-10,1.4089
2016-11-11,.
2016-11-14,1.4175
2016-11-15,1.4154
2016-11-16,1.4148
2016-11-17,1.4177
2016-11-18,1.4255
2016-11-21,1.4260
2016-11-22,1.4246
2016-11-23,1.4325
2016-11-24,.
2016-11-25,1.4287
2016-11-28,1.4260
2016-11-29,1.4263
2016-11-30,1.4336
2016-12-01,1.4270
2016-12-02,1.4207
2016-12-05,1.4232
2016-12-06,1.4195
2016-12-07,1.4182
2016-12-08,1.4240
2016-12-09,1.4312
2016-12-12,1.4258
2016-12-13,1.4236
2016-12-14,1.4227
2016-12-15,1.4478
2016-12-16,1.4450
2016-12-19,1.4458
2016-12-20,1.4443
2016-12-21,1.4434
2016-12-22,1.4476
2016-12-23,1.4469
2016-12-26,.
2016-12-27,1.4490
2016-12-28,1.4522
2016-12-29,1.4482
2016-12-30,1.4465
2017-01-02,.
2017-01-03,1.4498
2017-01-04,1.4409
2017-01-05,1.4292
2017-01-06,1.4372
2017-01-09,1.4345
2017-01-10,1.4348
2017-01-11,1.4364
2017-01-12,1.4221
2017-01-13,1.4313
2017-01-16,.
2017-01-17,1.4171
2017-01-18,1.4235
2017-01-19,1.4289
2017-01-20,.
2017-01-23,1.4186
2017-01-24,1.4178
2017-01-25,1.4168
2017-01-26,1.4250
2017-01-27,1.4281
2017-01-30,1.4220
2017-01-31,1.4095
2017-02-01,1.4151
2017-02-02,1.4086
2017-02-03,1.4070
