DATE,DEXUSNZ
2007-02-05,0.6836
2007-02-06,0.6799
2007-02-07,0.6852
2007-02-08,0.6863
2007-02-09,0.6837
2007-02-12,0.6854
2007-02-13,0.6889
2007-02-14,0.6945
2007-02-15,0.6940
2007-02-16,0.6975
2007-02-19,.
2007-02-20,0.7005
2007-02-21,0.7062
2007-02-22,0.7055
2007-02-23,0.7067
2007-02-26,0.7099
2007-02-27,0.7044
2007-02-28,0.7012
2007-03-01,0.6943
2007-03-02,0.6885
2007-03-05,0.6782
2007-03-06,0.6807
2007-03-07,0.6839
2007-03-08,0.6850
2007-03-09,0.6915
2007-03-12,0.6932
2007-03-13,0.6975
2007-03-14,0.6902
2007-03-15,0.6948
2007-03-16,0.6977
2007-03-19,0.7021
2007-03-20,0.7043
2007-03-21,0.7045
2007-03-22,0.7146
2007-03-23,0.7124
2007-03-26,0.7162
2007-03-27,0.7184
2007-03-28,0.7107
2007-03-29,0.7145
2007-03-30,0.7158
2007-04-02,0.7214
2007-04-03,0.7209
2007-04-04,0.7205
2007-04-05,0.7230
2007-04-06,0.7221
2007-04-09,0.7205
2007-04-10,0.7291
2007-04-11,0.7283
2007-04-12,0.7286
2007-04-13,0.7375
2007-04-16,0.7409
2007-04-17,0.7444
2007-04-18,0.7432
2007-04-19,0.7439
2007-04-20,0.7462
2007-04-23,0.7462
2007-04-24,0.7426
2007-04-25,0.7452
2007-04-26,0.7373
2007-04-27,0.7410
2007-04-30,0.7425
2007-05-01,0.7417
2007-05-02,0.7387
2007-05-03,0.7363
2007-05-04,0.7353
2007-05-07,0.7377
2007-05-08,0.7372
2007-05-09,0.7345
2007-05-10,0.7326
2007-05-11,0.7342
2007-05-14,0.7384
2007-05-15,0.7387
2007-05-16,0.7333
2007-05-17,0.7305
2007-05-18,0.7310
2007-05-21,0.7294
2007-05-22,0.7275
2007-05-23,0.7312
2007-05-24,0.7251
2007-05-25,0.7267
2007-05-28,.
2007-05-29,0.7289
2007-05-30,0.7304
2007-05-31,0.7365
2007-06-01,0.7434
2007-06-04,0.7473
2007-06-05,0.7516
2007-06-06,0.7506
2007-06-07,0.7554
2007-06-08,0.7565
2007-06-11,0.7493
2007-06-12,0.7520
2007-06-13,0.7504
2007-06-14,0.7502
2007-06-15,0.7533
2007-06-18,0.7540
2007-06-19,0.7579
2007-06-20,0.7627
2007-06-21,0.7621
2007-06-22,0.7670
2007-06-25,0.7663
2007-06-26,0.7668
2007-06-27,0.7589
2007-06-28,0.7693
2007-06-29,0.7730
2007-07-02,0.7830
2007-07-03,0.7814
2007-07-04,.
2007-07-05,0.7829
2007-07-06,0.7823
2007-07-09,0.7809
2007-07-10,0.7794
2007-07-11,0.7793
2007-07-12,0.7819
2007-07-13,0.7859
2007-07-16,0.7922
2007-07-17,0.7910
2007-07-18,0.7940
2007-07-19,0.7923
2007-07-20,0.7965
2007-07-23,0.8038
2007-07-24,0.8089
2007-07-25,0.8032
2007-07-26,0.7910
2007-07-27,0.7653
2007-07-30,0.7625
2007-07-31,0.7715
2007-08-01,0.7624
2007-08-02,0.7697
2007-08-03,0.7643
2007-08-06,0.7624
2007-08-07,0.7611
2007-08-08,0.7683
2007-08-09,0.7578
2007-08-10,0.7462
2007-08-13,0.7402
2007-08-14,0.7305
2007-08-15,0.7159
2007-08-16,0.6777
2007-08-17,0.6890
2007-08-20,0.6958
2007-08-21,0.6962
2007-08-22,0.7006
2007-08-23,0.7087
2007-08-24,0.7183
2007-08-27,0.7182
2007-08-28,0.7032
2007-08-29,0.7027
2007-08-30,0.7044
2007-08-31,0.7025
2007-09-03,0.7025
2007-09-04,0.6987
2007-09-05,0.6900
2007-09-06,0.6917
2007-09-07,0.6889
2007-09-10,0.6938
2007-09-11,0.7016
2007-09-12,0.7140
2007-09-13,0.7171
2007-09-14,0.7125
2007-09-17,0.7044
2007-09-18,0.7099
2007-09-19,0.7328
2007-09-20,0.7427
2007-09-21,0.7415
2007-09-24,0.7450
2007-09-25,0.7392
2007-09-26,0.7445
2007-09-27,0.7479
2007-09-28,0.7568
2007-10-01,0.7662
2007-10-02,0.7608
2007-10-03,0.7602
2007-10-04,0.7553
2007-10-05,0.7627
2007-10-08,0.7627
2007-10-09,0.7622
2007-10-10,0.7638
2007-10-11,0.7738
2007-10-12,0.7755
2007-10-15,0.7653
2007-10-16,0.7454
2007-10-17,0.7538
2007-10-18,0.7528
2007-10-19,0.7519
2007-10-22,0.7411
2007-10-23,0.7526
2007-10-24,0.7513
2007-10-25,0.7608
2007-10-26,0.7649
2007-10-29,0.7683
2007-10-30,0.7662
2007-10-31,0.7693
2007-11-01,0.7626
2007-11-02,0.7612
2007-11-05,0.7669
2007-11-06,0.7761
2007-11-07,0.7839
2007-11-08,0.7763
2007-11-09,0.7670
2007-11-12,.
2007-11-13,0.7544
2007-11-14,0.7646
2007-11-15,0.7583
2007-11-16,0.7559
2007-11-19,0.7547
2007-11-20,0.7623
2007-11-21,0.7507
2007-11-22,0.7507
2007-11-23,0.7558
2007-11-26,0.7558
2007-11-27,0.7578
2007-11-28,0.7702
2007-11-29,0.7722
2007-11-30,0.7671
2007-12-03,0.7667
2007-12-04,0.7627
2007-12-05,0.7685
2007-12-06,0.7732
2007-12-07,0.7795
2007-12-10,0.7792
2007-12-11,0.7828
2007-12-12,0.7897
2007-12-13,0.7819
2007-12-14,0.7675
2007-12-17,0.7536
2007-12-18,0.7513
2007-12-19,0.7557
2007-12-20,0.7560
2007-12-21,0.7646
2007-12-24,0.7673
2007-12-25,.
2007-12-26,0.7682
2007-12-27,0.7698
2007-12-28,0.7730
2007-12-31,0.7678
2008-01-01,.
2008-01-02,0.7732
2008-01-03,0.7752
2008-01-04,0.7712
2008-01-07,0.7665
2008-01-08,0.7718
2008-01-09,0.7713
2008-01-10,0.7818
2008-01-11,0.7848
2008-01-14,0.7900
2008-01-15,0.7811
2008-01-16,0.7699
2008-01-17,0.7694
2008-01-18,0.7576
2008-01-21,.
2008-01-22,0.7640
2008-01-23,0.7584
2008-01-24,0.7735
2008-01-25,0.7707
2008-01-28,0.7748
2008-01-29,0.7783
2008-01-30,0.7814
2008-01-31,0.7884
2008-02-01,0.7948
2008-02-04,0.7949
2008-02-05,0.7852
2008-02-06,0.7853
2008-02-07,0.7900
2008-02-08,0.7881
2008-02-11,0.7882
2008-02-12,0.7944
2008-02-13,0.7827
2008-02-14,0.7895
2008-02-15,0.7889
2008-02-18,.
2008-02-19,0.7994
2008-02-20,0.7945
2008-02-21,0.8008
2008-02-22,0.8060
2008-02-25,0.8082
2008-02-26,0.8128
2008-02-27,0.8175
2008-02-28,0.8146
2008-02-29,0.8027
2008-03-03,0.8070
2008-03-04,0.7973
2008-03-05,0.8003
2008-03-06,0.8004
2008-03-07,0.7943
2008-03-10,0.7909
2008-03-11,0.7995
2008-03-12,0.8063
2008-03-13,0.8134
2008-03-14,0.8149
2008-03-17,0.7990
2008-03-18,0.8094
2008-03-19,0.8034
2008-03-20,0.7881
2008-03-21,0.7920
2008-03-24,0.7968
2008-03-25,0.8036
2008-03-26,0.8029
2008-03-27,0.8041
2008-03-28,0.7982
2008-03-31,0.7860
2008-04-01,0.7814
2008-04-02,0.7905
2008-04-03,0.7863
2008-04-04,0.7884
2008-04-07,0.7968
2008-04-08,0.7967
2008-04-09,0.7962
2008-04-10,0.7985
2008-04-11,0.7942
2008-04-14,0.7876
2008-04-15,0.7842
2008-04-16,0.7911
2008-04-17,0.7882
2008-04-18,0.7870
2008-04-21,0.7936
2008-04-22,0.7979
2008-04-23,0.7989
2008-04-24,0.7890
2008-04-25,0.7826
2008-04-28,0.7869
2008-04-29,0.7761
2008-04-30,0.7810
2008-05-01,0.7771
2008-05-02,0.7825
2008-05-05,0.7857
2008-05-06,0.7915
2008-05-07,0.7825
2008-05-08,0.7732
2008-05-09,0.7668
2008-05-12,0.7709
2008-05-13,0.7679
2008-05-14,0.7625
2008-05-15,0.7597
2008-05-16,0.7738
2008-05-19,0.7730
2008-05-20,0.7759
2008-05-21,0.7805
2008-05-22,0.7847
2008-05-23,0.7876
2008-05-26,.
2008-05-27,0.7898
2008-05-28,0.7840
2008-05-29,0.7784
2008-05-30,0.7838
2008-06-02,0.7850
2008-06-03,0.7837
2008-06-04,0.7824
2008-06-05,0.7653
2008-06-06,0.7667
2008-06-09,0.7622
2008-06-10,0.7508
2008-06-11,0.7564
2008-06-12,0.7502
2008-06-13,0.7504
2008-06-16,0.7528
2008-06-17,0.7541
2008-06-18,0.7562
2008-06-19,0.7619
2008-06-20,0.7628
2008-06-23,0.7564
2008-06-24,0.7594
2008-06-25,0.7563
2008-06-26,0.7569
2008-06-27,0.7622
2008-06-30,0.7609
2008-07-01,0.7567
2008-07-02,0.7617
2008-07-03,0.7564
2008-07-04,.
2008-07-07,0.7520
2008-07-08,0.7515
2008-07-09,0.7612
2008-07-10,0.7578
2008-07-11,0.7611
2008-07-14,0.7637
2008-07-15,0.7721
2008-07-16,0.7719
2008-07-17,0.7660
2008-07-18,0.7626
2008-07-21,0.7598
2008-07-22,0.7605
2008-07-23,0.7517
2008-07-24,0.7417
2008-07-25,0.7419
2008-07-28,0.7451
2008-07-29,0.7364
2008-07-30,0.7346
2008-07-31,0.7340
2008-08-01,0.7268
2008-08-04,0.7295
2008-08-05,0.7257
2008-08-06,0.7179
2008-08-07,0.7150
2008-08-08,0.7050
2008-08-11,0.7012
2008-08-12,0.6989
2008-08-13,0.6967
2008-08-14,0.6995
2008-08-15,0.7055
2008-08-18,0.7124
2008-08-19,0.7123
2008-08-20,0.7112
2008-08-21,0.7183
2008-08-22,0.7106
2008-08-25,0.7091
2008-08-26,0.6968
2008-08-27,0.6982
2008-08-28,0.7019
2008-08-29,0.6991
2008-09-01,.
2008-09-02,0.6862
2008-09-03,0.6846
2008-09-04,0.6794
2008-09-05,0.6663
2008-09-08,0.6699
2008-09-09,0.6719
2008-09-10,0.6662
2008-09-11,0.6507
2008-09-12,0.6635
2008-09-15,0.6600
2008-09-16,0.6584
2008-09-17,0.6540
2008-09-18,0.6718
2008-09-19,0.6869
2008-09-22,0.6939
2008-09-23,0.6850
2008-09-24,0.6862
2008-09-25,0.6835
2008-09-26,0.6858
2008-09-29,0.6782
2008-09-30,0.6690
2008-10-01,0.6785
2008-10-02,0.6644
2008-10-03,0.6626
2008-10-06,0.6264
2008-10-07,0.6362
2008-10-08,0.6017
2008-10-09,0.6171
2008-10-10,0.5960
2008-10-13,.
2008-10-14,0.6247
2008-10-15,0.6184
2008-10-16,0.6102
2008-10-17,0.6153
2008-10-20,0.6195
2008-10-21,0.6122
2008-10-22,0.5937
2008-10-23,0.5892
2008-10-24,0.5539
2008-10-27,0.5410
2008-10-28,0.5528
2008-10-29,0.5855
2008-10-30,0.5877
2008-10-31,0.5815
2008-11-03,0.5975
2008-11-04,0.6125
2008-11-05,0.6075
2008-11-06,0.5964
2008-11-07,0.5898
2008-11-10,0.5871
2008-11-11,.
2008-11-12,0.5640
2008-11-13,0.5562
2008-11-14,0.5624
2008-11-17,0.5601
2008-11-18,0.5550
2008-11-19,0.5506
2008-11-20,0.5312
2008-11-21,0.5313
2008-11-24,0.5471
2008-11-25,0.5469
2008-11-26,0.5492
2008-11-27,.
2008-11-28,0.5500
2008-12-01,0.5355
2008-12-02,0.5319
2008-12-03,0.5336
2008-12-04,0.5382
2008-12-05,0.5248
2008-12-08,0.5449
2008-12-09,0.5434
2008-12-10,0.5477
2008-12-11,0.5557
2008-12-12,0.5448
2008-12-15,0.5556
2008-12-16,0.5652
2008-12-17,0.5892
2008-12-18,0.5936
2008-12-19,0.5758
2008-12-22,0.5742
2008-12-23,0.5669
2008-12-24,0.5745
2008-12-25,.
2008-12-26,0.5760
2008-12-29,0.5825
2008-12-30,0.5770
2008-12-31,0.5815
2009-01-01,.
2009-01-02,0.5850
2009-01-05,0.5880
2009-01-06,0.5945
2009-01-07,0.6006
2009-01-08,0.5929
2009-01-09,0.5933
2009-01-12,0.5787
2009-01-13,0.5523
2009-01-14,0.5429
2009-01-15,0.5305
2009-01-16,0.5415
2009-01-19,.
2009-01-20,0.5273
2009-01-21,0.5215
2009-01-22,0.5265
2009-01-23,0.5270
2009-01-26,0.5306
2009-01-27,0.5284
2009-01-28,0.5345
2009-01-29,0.5161
2009-01-30,0.5084
2009-02-02,0.5026
2009-02-03,0.5113
2009-02-04,0.5117
2009-02-05,0.5155
2009-02-06,0.5300
2009-02-09,0.5442
2009-02-10,0.5286
2009-02-11,0.5260
2009-02-12,0.5203
2009-02-13,0.5266
2009-02-16,.
2009-02-17,0.5110
2009-02-18,0.5107
2009-02-19,0.5123
2009-02-20,0.5074
2009-02-23,0.5102
2009-02-24,0.5099
2009-02-25,0.5117
2009-02-26,0.5113
2009-02-27,0.5030
2009-03-02,0.4926
2009-03-03,0.4952
2009-03-04,0.5060
2009-03-05,0.5015
2009-03-06,0.5041
2009-03-09,0.4927
2009-03-10,0.5031
2009-03-11,0.5064
2009-03-12,0.5140
2009-03-13,0.5244
2009-03-16,0.5320
2009-03-17,0.5284
2009-03-18,0.5285
2009-03-19,0.5608
2009-03-20,0.5605
2009-03-23,0.5694
2009-03-24,0.5683
2009-03-25,0.5688
2009-03-26,0.5795
2009-03-27,0.5713
2009-03-30,0.5619
2009-03-31,0.5692
2009-04-01,0.5635
2009-04-02,0.5818
2009-04-03,0.5800
2009-04-06,0.5871
2009-04-07,0.5798
2009-04-08,0.5787
2009-04-09,0.5808
2009-04-10,0.5829
2009-04-13,0.5886
2009-04-14,0.5857
2009-04-15,0.5759
2009-04-16,0.5709
2009-04-17,0.5674
2009-04-20,0.5559
2009-04-21,0.5628
2009-04-22,0.5590
2009-04-23,0.5579
2009-04-24,0.5722
2009-04-27,0.5694
2009-04-28,0.5590
2009-04-29,0.5759
2009-04-30,0.5695
2009-05-01,0.5687
2009-05-04,0.5740
2009-05-05,0.5821
2009-05-06,0.5825
2009-05-07,0.5962
2009-05-08,0.5984
2009-05-11,0.6062
2009-05-12,0.6040
2009-05-13,0.5947
2009-05-14,0.5944
2009-05-15,0.5879
2009-05-18,0.5910
2009-05-19,0.6024
2009-05-20,0.6095
2009-05-21,0.6059
2009-05-22,0.6215
2009-05-25,.
2009-05-26,0.6221
2009-05-27,0.6230
2009-05-28,0.6259
2009-05-29,0.6370
2009-06-01,0.6509
2009-06-02,0.6551
2009-06-03,0.6397
2009-06-04,0.6315
2009-06-05,0.6328
2009-06-08,0.6178
2009-06-09,0.6246
2009-06-10,0.6295
2009-06-11,0.6455
2009-06-12,0.6428
2009-06-15,0.6290
2009-06-16,0.6345
2009-06-17,0.6285
2009-06-18,0.6437
2009-06-19,0.6476
2009-06-22,0.6316
2009-06-23,0.6365
2009-06-24,0.6459
2009-06-25,0.6430
2009-06-26,0.6445
2009-06-29,0.6504
2009-06-30,0.6447
2009-07-01,0.6452
2009-07-02,0.6295
2009-07-03,0.6306
2009-07-06,0.6301
2009-07-07,0.6353
2009-07-08,0.6242
2009-07-09,0.6303
2009-07-10,0.6259
2009-07-13,0.6310
2009-07-14,0.6353
2009-07-15,0.6494
2009-07-16,0.6445
2009-07-17,0.6432
2009-07-20,0.6551
2009-07-21,0.6545
2009-07-22,0.6574
2009-07-23,0.6614
2009-07-24,0.6570
2009-07-27,0.6551
2009-07-28,0.6592
2009-07-29,0.6541
2009-07-30,0.6531
2009-07-31,0.6605
2009-08-03,0.6683
2009-08-04,0.6671
2009-08-05,0.6722
2009-08-06,0.6710
2009-08-07,0.6724
2009-08-10,0.6756
2009-08-11,0.6686
2009-08-12,0.6725
2009-08-13,0.6777
2009-08-14,0.6776
2009-08-17,0.6685
2009-08-18,0.6713
2009-08-19,0.6748
2009-08-20,0.6756
2009-08-21,0.6829
2009-08-24,0.6884
2009-08-25,0.6890
2009-08-26,0.6798
2009-08-27,0.6825
2009-08-28,0.6869
2009-08-31,0.6856
2009-09-01,0.6794
2009-09-02,0.6721
2009-09-03,0.6787
2009-09-04,0.6862
2009-09-07,.
2009-09-08,0.6967
2009-09-09,0.6971
2009-09-10,0.6983
2009-09-11,0.7079
2009-09-14,0.7000
2009-09-15,0.7019
2009-09-16,0.7131
2009-09-17,0.7113
2009-09-18,0.7091
2009-09-21,0.7074
2009-09-22,0.7219
2009-09-23,0.7228
2009-09-24,0.7203
2009-09-25,0.7168
2009-09-28,0.7188
2009-09-29,0.7144
2009-09-30,0.7233
2009-10-01,0.7168
2009-10-02,0.7165
2009-10-05,0.7260
2009-10-06,0.7365
2009-10-07,0.7329
2009-10-08,0.7438
2009-10-09,0.7323
2009-10-12,.
2009-10-13,0.7354
2009-10-14,0.7376
2009-10-15,0.7453
2009-10-16,0.7396
2009-10-19,0.7530
2009-10-20,0.7459
2009-10-21,0.7564
2009-10-22,0.7541
2009-10-23,0.7567
2009-10-26,0.7495
2009-10-27,0.7456
2009-10-28,0.7318
2009-10-29,0.7321
2009-10-30,0.7230
2009-11-02,0.7225
2009-11-03,0.7178
2009-11-04,0.7250
2009-11-05,0.7189
2009-11-06,0.7243
2009-11-09,0.7414
2009-11-10,0.7409
2009-11-11,.
2009-11-12,0.7336
2009-11-13,0.7418
2009-11-16,0.7470
2009-11-17,0.7430
2009-11-18,0.7465
2009-11-19,0.7310
2009-11-20,0.7252
2009-11-23,0.7342
2009-11-24,0.7238
2009-11-25,0.7294
2009-11-26,.
2009-11-27,0.7113
2009-11-30,0.7151
2009-12-01,0.7285
2009-12-02,0.7237
2009-12-03,0.7233
2009-12-04,0.7169
2009-12-07,0.7130
2009-12-08,0.7104
2009-12-09,0.7125
2009-12-10,0.7295
2009-12-11,0.7239
2009-12-14,0.7289
2009-12-15,0.7218
2009-12-16,0.7223
2009-12-17,0.7099
2009-12-18,0.7090
2009-12-21,0.7088
2009-12-22,0.7023
2009-12-23,0.7057
2009-12-24,0.7050
2009-12-25,.
2009-12-28,0.7089
2009-12-29,0.7198
2009-12-30,0.7213
2009-12-31,0.7255
2010-01-01,.
2010-01-04,0.7327
2010-01-05,0.7357
2010-01-06,0.7355
2010-01-07,0.7325
2010-01-08,0.7338
2010-01-11,0.7423
2010-01-12,0.7416
2010-01-13,0.7394
2010-01-14,0.7425
2010-01-15,0.7380
2010-01-18,.
2010-01-19,0.7381
2010-01-20,0.7195
2010-01-21,0.7142
2010-01-22,0.7130
2010-01-25,0.7143
2010-01-26,0.7040
2010-01-27,0.7070
2010-01-28,0.7119
2010-01-29,0.7046
2010-02-01,0.7066
2010-02-02,0.7116
2010-02-03,0.7079
2010-02-04,0.6873
2010-02-05,0.6840
2010-02-08,0.6878
2010-02-09,0.6940
2010-02-10,0.6922
2010-02-11,0.7000
2010-02-12,0.6950
2010-02-15,.
2010-02-16,0.7049
2010-02-17,0.7042
2010-02-18,0.7016
2010-02-19,0.6959
2010-02-22,0.7010
2010-02-23,0.6950
2010-02-24,0.6935
2010-02-25,0.6861
2010-02-26,0.7000
2010-03-01,0.6991
2010-03-02,0.6962
2010-03-03,0.6949
2010-03-04,0.6875
2010-03-05,0.6952
2010-03-08,0.6988
2010-03-09,0.7027
2010-03-10,0.7079
2010-03-11,0.6996
2010-03-12,0.7006
2010-03-15,0.6999
2010-03-16,0.7073
2010-03-17,0.7160
2010-03-18,0.7135
2010-03-19,0.7091
2010-03-22,0.7054
2010-03-23,0.7067
2010-03-24,0.7023
2010-03-25,0.7085
2010-03-26,0.7036
2010-03-29,0.7088
2010-03-30,0.7094
2010-03-31,0.7098
2010-04-01,0.7079
2010-04-02,0.7060
2010-04-05,0.7048
2010-04-06,0.7010
2010-04-07,0.7079
2010-04-08,0.7068
2010-04-09,0.7160
2010-04-12,0.7134
2010-04-13,0.7132
2010-04-14,0.7148
2010-04-15,0.7107
2010-04-16,0.7079
2010-04-19,0.7070
2010-04-20,0.7116
2010-04-21,0.7091
2010-04-22,0.7094
2010-04-23,0.7146
2010-04-26,0.7238
2010-04-27,0.7110
2010-04-28,0.7167
2010-04-29,0.7230
2010-04-30,0.7320
2010-05-03,0.7307
2010-05-04,0.7232
2010-05-05,0.7181
2010-05-06,0.7143
2010-05-07,0.7150
2010-05-10,0.7221
2010-05-11,0.7208
2010-05-12,0.7134
2010-05-13,0.7176
2010-05-14,0.7113
2010-05-17,0.6940
2010-05-18,0.6979
2010-05-19,0.6707
2010-05-20,0.6699
2010-05-21,0.6803
2010-05-24,0.6752
2010-05-25,0.6657
2010-05-26,0.6664
2010-05-27,0.6819
2010-05-28,0.6798
2010-05-31,.
2010-06-01,0.6813
2010-06-02,0.6787
2010-06-03,0.6824
2010-06-04,0.6728
2010-06-07,0.6640
2010-06-08,0.6652
2010-06-09,0.6725
2010-06-10,0.6850
2010-06-11,0.6890
2010-06-14,0.7001
2010-06-15,0.6965
2010-06-16,0.6991
2010-06-17,0.7023
2010-06-18,0.7052
2010-06-21,0.7127
2010-06-22,0.7087
2010-06-23,0.7136
2010-06-24,0.7057
2010-06-25,0.7099
2010-06-28,0.7089
2010-06-29,0.6942
2010-06-30,0.6901
2010-07-01,0.6867
2010-07-02,0.6899
2010-07-05,.
2010-07-06,0.6972
2010-07-07,0.6976
2010-07-08,0.7085
2010-07-09,0.7088
2010-07-12,0.7095
2010-07-13,0.7195
2010-07-14,0.7244
2010-07-15,0.7226
2010-07-16,0.7112
2010-07-19,0.7065
2010-07-20,0.7123
2010-07-21,0.7177
2010-07-22,0.7239
2010-07-23,0.7286
2010-07-26,0.7321
2010-07-27,0.7329
2010-07-28,0.7273
2010-07-29,0.7220
2010-07-30,0.7261
2010-08-02,0.7339
2010-08-03,0.7350
2010-08-04,0.7348
2010-08-05,0.7269
2010-08-06,0.7295
2010-08-09,0.7298
2010-08-10,0.7204
2010-08-11,0.7175
2010-08-12,0.7098
2010-08-13,0.7080
2010-08-16,0.7086
2010-08-17,0.7144
2010-08-18,0.7159
2010-08-19,0.7071
2010-08-20,0.7025
2010-08-23,0.7080
2010-08-24,0.7069
2010-08-25,0.6980
2010-08-26,0.7043
2010-08-27,0.7106
2010-08-30,0.7089
2010-08-31,0.6995
2010-09-01,0.7128
2010-09-02,0.7152
2010-09-03,0.7210
2010-09-06,.
2010-09-07,0.7217
2010-09-08,0.7233
2010-09-09,0.7266
2010-09-10,0.7278
2010-09-13,0.7337
2010-09-14,0.7375
2010-09-15,0.7330
2010-09-16,0.7227
2010-09-17,0.7263
2010-09-20,0.7298
2010-09-21,0.7282
2010-09-22,0.7354
2010-09-23,0.7320
2010-09-24,0.7340
2010-09-27,0.7350
2010-09-28,0.7387
2010-09-29,0.7382
2010-09-30,0.7329
2010-10-01,0.7423
2010-10-04,0.7413
2010-10-05,0.7486
2010-10-06,0.7546
2010-10-07,0.7496
2010-10-08,0.7545
2010-10-11,.
2010-10-12,0.7536
2010-10-13,0.7625
2010-10-14,0.7584
2010-10-15,0.7558
2010-10-18,0.7571
2010-10-19,0.7493
2010-10-20,0.7536
2010-10-21,0.7501
2010-10-22,0.7451
2010-10-25,0.7538
2010-10-26,0.7498
2010-10-27,0.7436
2010-10-28,0.7548
2010-10-29,0.7625
2010-11-01,0.7676
2010-11-02,0.7717
2010-11-03,0.7753
2010-11-04,0.7946
2010-11-05,0.7944
2010-11-08,0.7902
2010-11-09,0.7867
2010-11-10,0.7811
2010-11-11,.
2010-11-12,0.7766
2010-11-15,0.7770
2010-11-16,0.7674
2010-11-17,0.7720
2010-11-18,0.7773
2010-11-19,0.7771
2010-11-22,0.7721
2010-11-23,0.7618
2010-11-24,0.7625
2010-11-25,.
2010-11-26,0.7505
2010-11-29,0.7447
2010-11-30,0.7445
2010-12-01,0.7497
2010-12-02,0.7561
2010-12-03,0.7625
2010-12-06,0.7601
2010-12-07,0.7615
2010-12-08,0.7482
2010-12-09,0.7467
2010-12-10,0.7486
2010-12-13,0.7552
2010-12-14,0.7534
2010-12-15,0.7441
2010-12-16,0.7368
2010-12-17,0.7360
2010-12-20,0.7423
2010-12-21,0.7438
2010-12-22,0.7424
2010-12-23,0.7489
2010-12-24,.
2010-12-27,0.7479
2010-12-28,0.7554
2010-12-29,0.7654
2010-12-30,0.7687
2010-12-31,.
2011-01-03,0.7764
2011-01-04,0.7672
2011-01-05,0.7618
2011-01-06,0.7589
2011-01-07,0.7582
2011-01-10,0.7631
2011-01-11,0.7601
2011-01-12,0.7598
2011-01-13,0.7700
2011-01-14,0.7680
2011-01-17,.
2011-01-18,0.7705
2011-01-19,0.7720
2011-01-20,0.7562
2011-01-21,0.7580
2011-01-24,0.7643
2011-01-25,0.7640
2011-01-26,0.7663
2011-01-27,0.7718
2011-01-28,0.7724
2011-01-31,0.7735
2011-02-01,0.7800
2011-02-02,0.7794
2011-02-03,0.7737
2011-02-04,0.7688
2011-02-07,0.7706
2011-02-08,0.7775
2011-02-09,0.7712
2011-02-10,0.7678
2011-02-11,0.7592
2011-02-14,0.7568
2011-02-15,0.7517
2011-02-16,0.7526
2011-02-17,0.7596
2011-02-18,0.7634
2011-02-21,.
2011-02-22,0.7490
2011-02-23,0.7453
2011-02-24,0.7476
2011-02-25,0.7514
2011-02-28,0.7522
2011-03-01,0.7508
2011-03-02,0.7422
2011-03-03,0.7403
2011-03-04,0.7367
2011-03-07,0.7363
2011-03-08,0.7409
2011-03-09,0.7398
2011-03-10,0.7359
2011-03-11,0.7449
2011-03-14,0.7375
2011-03-15,0.7303
2011-03-16,0.7294
2011-03-17,0.7208
2011-03-18,0.7297
2011-03-21,0.7328
2011-03-22,0.7414
2011-03-23,0.7397
2011-03-24,0.7515
2011-03-25,0.7554
2011-03-28,0.7544
2011-03-29,0.7557
2011-03-30,0.7621
2011-03-31,0.7639
2011-04-01,0.7668
2011-04-04,0.7671
2011-04-05,0.7702
2011-04-06,0.7784
2011-04-07,0.7773
2011-04-08,0.7820
2011-04-11,0.7816
2011-04-12,0.7850
2011-04-13,0.7899
2011-04-14,0.7920
2011-04-15,0.7971
2011-04-18,0.7869
2011-04-19,0.7874
2011-04-20,0.7974
2011-04-21,0.8021
2011-04-22,0.8015
2011-04-25,0.7996
2011-04-26,0.8050
2011-04-27,0.8015
2011-04-28,0.8008
2011-04-29,0.8068
2011-05-02,0.8088
2011-05-03,0.8051
2011-05-04,0.7897
2011-05-05,0.7867
2011-05-06,0.7954
2011-05-09,0.7923
2011-05-10,0.7930
2011-05-11,0.7913
2011-05-12,0.7967
2011-05-13,0.7854
2011-05-16,0.7850
2011-05-17,0.7782
2011-05-18,0.7893
2011-05-19,0.7879
2011-05-20,0.7934
2011-05-23,0.7881
2011-05-24,0.7976
2011-05-25,0.8000
2011-05-26,0.8083
2011-05-27,0.8187
2011-05-30,.
2011-05-31,0.8231
2011-06-01,0.8224
2011-06-02,0.8134
2011-06-03,0.8154
2011-06-06,0.8164
2011-06-07,0.8208
2011-06-08,0.8166
2011-06-09,0.8295
2011-06-10,0.8237
2011-06-13,0.8136
2011-06-14,0.8184
2011-06-15,0.8093
2011-06-16,0.8033
2011-06-17,0.8107
2011-06-20,0.8118
2011-06-21,0.8120
2011-06-22,0.8179
2011-06-23,0.8107
2011-06-24,0.8118
2011-06-27,0.8059
2011-06-28,0.8101
2011-06-29,0.8225
2011-06-30,0.8284
2011-07-01,0.8273
2011-07-04,.
2011-07-05,0.8282
2011-07-06,0.8282
2011-07-07,0.8304
2011-07-08,0.8335
2011-07-11,0.8296
2011-07-12,0.8209
2011-07-13,0.8360
2011-07-14,0.8443
2011-07-15,0.8439
2011-07-18,0.8427
2011-07-19,0.8556
2011-07-20,0.8549
2011-07-21,0.8631
2011-07-22,0.8645
2011-07-25,0.8662
2011-07-26,0.8707
2011-07-27,0.8695
2011-07-28,0.8726
2011-07-29,0.8776
2011-08-01,0.8743
2011-08-02,0.8722
2011-08-03,0.8630
2011-08-04,0.8449
2011-08-05,0.8318
2011-08-08,0.8317
2011-08-09,0.8202
2011-08-10,0.8120
2011-08-11,0.8237
2011-08-12,0.8319
2011-08-15,0.8293
2011-08-16,0.8368
2011-08-17,0.8387
2011-08-18,0.8263
2011-08-19,0.8243
2011-08-22,0.8239
2011-08-23,0.8349
2011-08-24,0.8281
2011-08-25,0.8289
2011-08-26,0.8403
2011-08-29,0.8449
2011-08-30,0.8535
2011-08-31,0.8551
2011-09-01,0.8517
2011-09-02,0.8492
2011-09-05,.
2011-09-06,0.8230
2011-09-07,0.8290
2011-09-08,0.8363
2011-09-09,0.8214
2011-09-12,0.8211
2011-09-13,0.8240
2011-09-14,0.8216
2011-09-15,0.8251
2011-09-16,0.8311
2011-09-19,0.8225
2011-09-20,0.8264
2011-09-21,0.8147
2011-09-22,0.7790
2011-09-23,0.7790
2011-09-26,0.7716
2011-09-27,0.7934
2011-09-28,0.7856
2011-09-29,0.7767
2011-09-30,0.7675
2011-10-03,0.7624
2011-10-04,0.7538
2011-10-05,0.7628
2011-10-06,0.7679
2011-10-07,0.7765
2011-10-10,.
2011-10-11,0.7826
2011-10-12,0.7970
2011-10-13,0.7922
2011-10-14,0.8021
2011-10-17,0.7976
2011-10-18,0.7928
2011-10-19,0.7950
2011-10-20,0.7890
2011-10-21,0.8019
2011-10-24,0.8083
2011-10-25,0.7967
2011-10-26,0.7926
2011-10-27,0.8191
2011-10-28,0.8220
2011-10-31,0.8120
2011-11-01,0.7943
2011-11-02,0.7924
2011-11-03,0.7887
2011-11-04,0.7927
2011-11-07,0.7954
2011-11-08,0.7950
2011-11-09,0.7855
2011-11-10,0.7763
2011-11-11,.
2011-11-14,0.7791
2011-11-15,0.7693
2011-11-16,0.7685
2011-11-17,0.7623
2011-11-18,0.7576
2011-11-21,0.7475
2011-11-22,0.7456
2011-11-23,0.7405
2011-11-24,.
2011-11-25,0.7417
2011-11-28,0.7550
2011-11-29,0.7627
2011-11-30,0.7769
2011-12-01,0.7779
2011-12-02,0.7776
2011-12-05,0.7814
2011-12-06,0.7777
2011-12-07,0.7778
2011-12-08,0.7730
2011-12-09,0.7733
2011-12-12,0.7617
2011-12-13,0.7641
2011-12-14,0.7507
2011-12-15,0.7542
2011-12-16,0.7622
2011-12-19,0.7569
2011-12-20,0.7698
2011-12-21,0.7674
2011-12-22,0.7750
2011-12-23,0.7740
2011-12-26,.
2011-12-27,0.7720
2011-12-28,0.7690
2011-12-29,0.7714
2011-12-30,0.7805
2012-01-02,.
2012-01-03,0.7903
2012-01-04,0.7876
2012-01-05,0.7804
2012-01-06,0.7818
2012-01-09,0.7850
2012-01-10,0.7947
2012-01-11,0.7950
2012-01-12,0.7927
2012-01-13,0.7923
2012-01-16,.
2012-01-17,0.8005
2012-01-18,0.8059
2012-01-19,0.8021
2012-01-20,0.8059
2012-01-23,0.8108
2012-01-24,0.8093
2012-01-25,0.8056
2012-01-26,0.8215
2012-01-27,0.8239
2012-01-30,0.8199
2012-01-31,0.8246
2012-02-01,0.8321
2012-02-02,0.8351
2012-02-03,0.8360
2012-02-06,0.8345
2012-02-07,0.8364
2012-02-08,0.8337
2012-02-09,0.8366
2012-02-10,0.8283
2012-02-13,0.8349
2012-02-14,0.8321
2012-02-15,0.8382
2012-02-16,0.8335
2012-02-17,0.8327
2012-02-20,.
2012-02-21,0.8362
2012-02-22,0.8296
2012-02-23,0.8335
2012-02-24,0.8365
2012-02-27,0.8404
2012-02-28,0.8377
2012-02-29,0.8397
2012-03-01,0.8399
2012-03-02,0.8315
2012-03-05,0.8216
2012-03-06,0.8126
2012-03-07,0.8195
2012-03-08,0.8242
2012-03-09,0.8218
2012-03-12,0.8175
2012-03-13,0.8229
2012-03-14,0.8093
2012-03-15,0.8195
2012-03-16,0.8240
2012-03-19,0.8256
2012-03-20,0.8176
2012-03-21,0.8137
2012-03-22,0.8081
2012-03-23,0.8171
2012-03-26,0.8209
2012-03-27,0.8206
2012-03-28,0.8177
2012-03-29,0.8173
2012-03-30,0.8200
2012-04-02,0.8240
2012-04-03,0.8194
2012-04-04,0.8146
2012-04-05,0.8156
2012-04-06,0.8197
2012-04-09,0.8228
2012-04-10,0.8132
2012-04-11,0.8178
2012-04-12,0.8270
2012-04-13,0.8243
2012-04-16,0.8189
2012-04-17,0.8223
2012-04-18,0.8173
2012-04-19,0.8150
2012-04-20,0.8173
2012-04-23,0.8113
2012-04-24,0.8118
2012-04-25,0.8133
2012-04-26,0.8145
2012-04-27,0.8199
2012-04-30,0.8174
2012-05-01,0.8156
2012-05-02,0.8094
2012-05-03,0.8002
2012-05-04,0.7951
2012-05-07,0.7956
2012-05-08,0.7873
2012-05-09,0.7849
2012-05-10,0.7871
2012-05-11,0.7868
2012-05-14,0.7798
2012-05-15,0.7725
2012-05-16,0.7660
2012-05-17,0.7657
2012-05-18,0.7542
2012-05-21,0.7601
2012-05-22,0.7609
2012-05-23,0.7470
2012-05-24,0.7534
2012-05-25,0.7558
2012-05-28,.
2012-05-29,0.7607
2012-05-30,0.7550
2012-05-31,0.7527
2012-06-01,0.7537
2012-06-04,0.7568
2012-06-05,0.7546
2012-06-06,0.7681
2012-06-07,0.7712
2012-06-08,0.7673
2012-06-11,0.7732
2012-06-12,0.7756
2012-06-13,0.7781
2012-06-14,0.7817
2012-06-15,0.7876
2012-06-18,0.7905
2012-06-19,0.7990
2012-06-20,0.7966
2012-06-21,0.7926
2012-06-22,0.7905
2012-06-25,0.7859
2012-06-26,0.7910
2012-06-27,0.7906
2012-06-28,0.7862
2012-06-29,0.8027
2012-07-02,0.8027
2012-07-03,0.8059
2012-07-04,.
2012-07-05,0.8048
2012-07-06,0.7965
2012-07-09,0.7955
2012-07-10,0.7969
2012-07-11,0.7983
2012-07-12,0.7898
2012-07-13,0.7947
2012-07-16,0.7971
2012-07-17,0.7957
2012-07-18,0.7991
2012-07-19,0.8032
2012-07-20,0.7992
2012-07-23,0.7891
2012-07-24,0.7876
2012-07-25,0.7859
2012-07-26,0.8015
2012-07-27,0.8076
2012-07-30,0.8085
2012-07-31,0.8115
2012-08-01,0.8124
2012-08-02,0.8090
2012-08-03,0.8198
2012-08-06,0.8218
2012-08-07,0.8174
2012-08-08,0.8156
2012-08-09,0.8110
2012-08-10,0.8126
2012-08-13,0.8082
2012-08-14,0.8073
2012-08-15,0.8073
2012-08-16,0.8098
2012-08-17,0.8080
2012-08-20,0.8101
2012-08-21,0.8120
2012-08-22,0.8098
2012-08-23,0.8162
2012-08-24,0.8116
2012-08-27,0.8098
2012-08-28,0.8057
2012-08-29,0.8024
2012-08-30,0.7987
2012-08-31,0.8037
2012-09-03,.
2012-09-04,0.7940
2012-09-05,0.7952
2012-09-06,0.8016
2012-09-07,0.8113
2012-09-10,0.8111
2012-09-11,0.8182
2012-09-12,0.8195
2012-09-13,0.8235
2012-09-14,0.8291
2012-09-17,0.8274
2012-09-18,0.8280
2012-09-19,0.8285
2012-09-20,0.8265
2012-09-21,0.8305
2012-09-24,0.8218
2012-09-25,0.8274
2012-09-26,0.8231
2012-09-27,0.8320
2012-09-28,0.8293
2012-10-01,0.8289
2012-10-02,0.8309
2012-10-03,0.8203
2012-10-04,0.8191
2012-10-05,0.8231
2012-10-08,.
2012-10-09,0.8168
2012-10-10,0.8177
2012-10-11,0.8175
2012-10-12,0.8176
2012-10-15,0.8189
2012-10-16,0.8137
2012-10-17,0.8218
2012-10-18,0.8224
2012-10-19,0.8161
2012-10-22,0.8176
2012-10-23,0.8115
2012-10-24,0.8153
2012-10-25,0.8209
2012-10-26,0.8226
2012-10-29,0.8189
2012-10-30,0.8204
2012-10-31,0.8220
2012-11-01,0.8264
2012-11-02,0.8261
2012-11-05,0.8253
2012-11-06,0.8277
2012-11-07,0.8255
2012-11-08,0.8174
2012-11-09,0.8148
2012-11-12,.
2012-11-13,0.8196
2012-11-14,0.8117
2012-11-15,0.8095
2012-11-16,0.8092
2012-11-19,0.8182
2012-11-20,0.8154
2012-11-21,0.8117
2012-11-22,.
2012-11-23,0.8240
2012-11-26,0.8220
2012-11-27,0.8211
2012-11-28,0.8229
2012-11-29,0.8216
2012-11-30,0.8201
2012-12-03,0.8219
2012-12-04,0.8243
2012-12-05,0.8255
2012-12-06,0.8325
2012-12-07,0.8328
2012-12-10,0.8343
2012-12-11,0.8381
2012-12-12,0.8411
2012-12-13,0.8440
2012-12-14,0.8447
2012-12-17,0.8444
2012-12-18,0.8421
2012-12-19,0.8368
2012-12-20,0.8333
2012-12-21,0.8245
2012-12-24,0.8226
2012-12-25,.
2012-12-26,0.8159
2012-12-27,0.8173
2012-12-28,0.8209
2012-12-31,0.8267
2013-01-01,.
2013-01-02,0.8332
2013-01-03,0.8326
2013-01-04,0.8285
2013-01-07,0.8351
2013-01-08,0.8346
2013-01-09,0.8398
2013-01-10,0.8426
2013-01-11,0.8371
2013-01-14,0.8399
2013-01-15,0.8388
2013-01-16,0.8409
2013-01-17,0.8410
2013-01-18,0.8351
2013-01-21,.
2013-01-22,0.8401
2013-01-23,0.8434
2013-01-24,0.8390
2013-01-25,0.8374
2013-01-28,0.8306
2013-01-29,0.8376
2013-01-30,0.8310
2013-01-31,0.8397
2013-02-01,0.8464
2013-02-04,0.8458
2013-02-05,0.8443
2013-02-06,0.8429
2013-02-07,0.8303
2013-02-08,0.8353
2013-02-11,0.8371
2013-02-12,0.8421
2013-02-13,0.8407
2013-02-14,0.8472
2013-02-15,0.8457
2013-02-18,.
2013-02-19,0.8483
2013-02-20,0.8368
2013-02-21,0.8350
2013-02-22,0.8382
2013-02-25,0.8380
2013-02-26,0.8248
2013-02-27,0.8234
2013-02-28,0.8286
2013-03-01,0.8248
2013-03-04,0.8231
2013-03-05,0.8296
2013-03-06,0.8292
2013-03-07,0.8270
2013-03-08,0.8201
2013-03-11,0.8251
2013-03-12,0.8256
2013-03-13,0.8241
2013-03-14,0.8203
2013-03-15,0.8267
2013-03-18,0.8245
2013-03-19,0.8239
2013-03-20,0.8221
2013-03-21,0.8328
2013-03-22,0.8352
2013-03-25,0.8347
2013-03-26,0.8380
2013-03-27,0.8359
2013-03-28,0.8382
2013-03-29,0.8360
2013-04-01,0.8377
2013-04-02,0.8426
2013-04-03,0.8442
2013-04-04,0.8381
2013-04-05,0.8421
2013-04-08,0.8454
2013-04-09,0.8512
2013-04-10,0.8567
2013-04-11,0.8650
2013-04-12,0.8572
2013-04-15,0.8487
2013-04-16,0.8488
2013-04-17,0.8457
2013-04-18,0.8422
2013-04-19,0.8436
2013-04-22,0.8406
2013-04-23,0.8409
2013-04-24,0.8455
2013-04-25,0.8517
2013-04-26,0.8509
2013-04-29,0.8565
2013-04-30,0.8580
2013-05-01,0.8494
2013-05-02,0.8497
2013-05-03,0.8538
2013-05-06,0.8509
2013-05-07,0.8443
2013-05-08,0.8394
2013-05-09,0.8446
2013-05-10,0.8274
2013-05-13,0.8245
2013-05-14,0.8214
2013-05-15,0.8224
2013-05-16,0.8190
2013-05-17,0.8082
2013-05-20,0.8153
2013-05-21,0.8161
2013-05-22,0.8084
2013-05-23,0.8166
2013-05-24,0.8098
2013-05-27,.
2013-05-28,0.8094
2013-05-29,0.8131
2013-05-30,0.8076
2013-05-31,0.7973
2013-06-03,0.8099
2013-06-04,0.7992
2013-06-05,0.7945
2013-06-06,0.8012
2013-06-07,0.7883
2013-06-10,0.7911
2013-06-11,0.7869
2013-06-12,0.7976
2013-06-13,0.8030
2013-06-14,0.8065
2013-06-17,0.7995
2013-06-18,0.8001
2013-06-19,0.8042
2013-06-20,0.7727
2013-06-21,0.7713
2013-06-24,0.7729
2013-06-25,0.7730
2013-06-26,0.7812
2013-06-27,0.7785
2013-06-28,0.7755
2013-07-01,0.7830
2013-07-02,0.7760
2013-07-03,0.7779
2013-07-04,.
2013-07-05,0.7711
2013-07-08,0.7803
2013-07-09,0.7857
2013-07-10,0.7794
2013-07-11,0.7802
2013-07-12,0.7781
2013-07-15,0.7804
2013-07-16,0.7879
2013-07-17,0.7894
2013-07-18,0.7884
2013-07-19,0.7946
2013-07-22,0.7964
2013-07-23,0.7969
2013-07-24,0.7944
2013-07-25,0.8055
2013-07-26,0.8072
2013-07-29,0.8025
2013-07-30,0.7975
2013-07-31,0.7951
2013-08-01,0.7868
2013-08-02,0.7823
2013-08-05,0.7799
2013-08-06,0.7887
2013-08-07,0.7977
2013-08-08,0.8036
2013-08-09,0.8038
2013-08-12,0.8036
2013-08-13,0.7944
2013-08-14,0.8033
2013-08-15,0.8046
2013-08-16,0.8118
2013-08-19,0.8085
2013-08-20,0.7988
2013-08-21,0.7879
2013-08-22,0.7836
2013-08-23,0.7818
2013-08-26,0.7855
2013-08-27,0.7795
2013-08-28,0.7802
2013-08-29,0.7761
2013-08-30,0.7729
2013-09-02,.
2013-09-03,0.7786
2013-09-04,0.7925
2013-09-05,0.7900
2013-09-06,0.8007
2013-09-09,0.8020
2013-09-10,0.8052
2013-09-11,0.8064
2013-09-12,0.8150
2013-09-13,0.8144
2013-09-16,0.8185
2013-09-17,0.8248
2013-09-18,0.8218
2013-09-19,0.8360
2013-09-20,0.8372
2013-09-23,0.8386
2013-09-24,0.8293
2013-09-25,0.8270
2013-09-26,0.8276
2013-09-27,0.8273
2013-09-30,0.8323
2013-10-01,0.8272
2013-10-02,0.8270
2013-10-03,0.8291
2013-10-04,0.8327
2013-10-07,0.8330
2013-10-08,0.8304
2013-10-09,0.8295
2013-10-10,0.8300
2013-10-11,0.8334
2013-10-14,.
2013-10-15,0.8369
2013-10-16,0.8406
2013-10-17,0.8512
2013-10-18,0.8497
2013-10-21,0.8467
2013-10-22,0.8517
2013-10-23,0.8393
2013-10-24,0.8346
2013-10-25,0.8282
2013-10-28,0.8284
2013-10-29,0.8265
2013-10-30,0.8247
2013-10-31,0.8277
2013-11-01,0.8231
2013-11-04,0.8286
2013-11-05,0.8297
2013-11-06,0.8383
2013-11-07,0.8345
2013-11-08,0.8254
2013-11-11,.
2013-11-12,0.8214
2013-11-13,0.8261
2013-11-14,0.8281
2013-11-15,0.8331
2013-11-18,0.8370
2013-11-19,0.8341
2013-11-20,0.8291
2013-11-21,0.8209
2013-11-22,0.8169
2013-11-25,0.8188
2013-11-26,0.8193
2013-11-27,0.8126
2013-11-28,.
2013-11-29,0.8157
2013-12-02,0.8178
2013-12-03,0.8245
2013-12-04,0.8173
2013-12-05,0.8211
2013-12-06,0.8271
2013-12-09,0.8270
2013-12-10,0.8317
2013-12-11,0.8226
2013-12-12,0.8238
2013-12-13,0.8265
2013-12-16,0.8267
2013-12-17,0.8246
2013-12-18,0.8226
2013-12-19,0.8171
2013-12-20,0.8214
2013-12-23,0.8212
2013-12-24,0.8186
2013-12-25,.
2013-12-26,0.8158
2013-12-27,0.8180
2013-12-30,0.8219
2013-12-31,0.8229
2014-01-01,.
2014-01-02,0.8204
2014-01-03,0.8296
2014-01-06,0.8292
2014-01-07,0.8290
2014-01-08,0.8279
2014-01-09,0.8248
2014-01-10,0.8294
2014-01-13,0.8363
2014-01-14,0.8399
2014-01-15,0.8348
2014-01-16,0.8322
2014-01-17,0.8259
2014-01-20,.
2014-01-21,0.8315
2014-01-22,0.8306
2014-01-23,0.8322
2014-01-24,0.8253
2014-01-27,0.8229
2014-01-28,0.8257
2014-01-29,0.8279
2014-01-30,0.8136
2014-01-31,0.8090
2014-02-03,0.8107
2014-02-04,0.8201
2014-02-05,0.8205
2014-02-06,0.8272
2014-02-07,0.8283
2014-02-10,0.8274
2014-02-11,0.8340
2014-02-12,0.8320
2014-02-13,0.8339
2014-02-14,0.8367
2014-02-17,.
2014-02-18,0.8312
2014-02-19,0.8308
2014-02-20,0.8283
2014-02-21,0.8283
2014-02-24,0.8337
2014-02-25,0.8336
2014-02-26,0.8294
2014-02-27,0.8383
2014-02-28,0.8390
2014-03-03,0.8371
2014-03-04,0.8379
2014-03-05,0.8422
2014-03-06,0.8490
2014-03-07,0.8455
2014-03-10,0.8465
2014-03-11,0.8488
2014-03-12,0.8488
2014-03-13,0.8568
2014-03-14,0.8551
2014-03-17,0.8575
2014-03-18,0.8631
2014-03-19,0.8621
2014-03-20,0.8538
2014-03-21,0.8548
2014-03-24,0.8546
2014-03-25,0.8557
2014-03-26,0.8606
2014-03-27,0.8679
2014-03-28,0.8655
2014-03-31,0.8684
2014-04-01,0.8670
2014-04-02,0.8557
2014-04-03,0.8537
2014-04-04,0.8585
2014-04-07,0.8599
2014-04-08,0.8672
2014-04-09,0.8661
2014-04-10,0.8708
2014-04-11,0.8686
2014-04-14,0.8668
2014-04-15,0.8630
2014-04-16,0.8609
2014-04-17,0.8583
2014-04-18,0.8593
2014-04-21,0.8562
2014-04-22,0.8608
2014-04-23,0.8581
2014-04-24,0.8560
2014-04-25,0.8582
2014-04-28,0.8531
2014-04-29,0.8544
2014-04-30,0.8605
2014-05-01,0.8628
2014-05-02,0.8645
2014-05-05,0.8682
2014-05-06,0.8766
2014-05-07,0.8672
2014-05-08,0.8657
2014-05-09,0.8611
2014-05-12,0.8620
2014-05-13,0.8650
2014-05-14,0.8670
2014-05-15,0.8637
2014-05-16,0.8635
2014-05-19,0.8636
2014-05-20,0.8574
2014-05-21,0.8545
2014-05-22,0.8562
2014-05-23,0.8548
2014-05-26,.
2014-05-27,0.8536
2014-05-28,0.8492
2014-05-29,0.8464
2014-05-30,0.8485
2014-06-02,0.8471
2014-06-03,0.8432
2014-06-04,0.8423
2014-06-05,0.8481
2014-06-06,0.8500
2014-06-09,0.8493
2014-06-10,0.8510
2014-06-11,0.8561
2014-06-12,0.8684
2014-06-13,0.8653
2014-06-16,0.8682
2014-06-17,0.8659
2014-06-18,0.8679
2014-06-19,0.8716
2014-06-20,0.8691
2014-06-23,0.8709
2014-06-24,0.8686
2014-06-25,0.8737
2014-06-26,0.8764
2014-06-27,0.8765
2014-06-30,0.8755
2014-07-01,0.8772
2014-07-02,0.8771
2014-07-03,0.8763
2014-07-04,.
2014-07-07,0.8768
2014-07-08,0.8788
2014-07-09,0.8805
2014-07-10,0.8814
2014-07-11,0.8804
2014-07-14,0.8803
2014-07-15,0.8767
2014-07-16,0.8711
2014-07-17,0.8691
2014-07-18,0.8678
2014-07-21,0.8693
2014-07-22,0.8657
2014-07-23,0.8689
2014-07-24,0.8587
2014-07-25,0.8548
2014-07-28,0.8550
2014-07-29,0.8497
2014-07-30,0.8469
2014-07-31,0.8490
2014-08-01,0.8510
2014-08-04,0.8525
2014-08-05,0.8460
2014-08-06,0.8457
2014-08-07,0.8492
2014-08-08,0.8472
2014-08-11,0.8464
2014-08-12,0.8435
2014-08-13,0.8459
2014-08-14,0.8493
2014-08-15,0.8488
2014-08-18,0.8477
2014-08-19,0.8443
2014-08-20,0.8402
2014-08-21,0.8402
2014-08-22,0.8393
2014-08-25,0.8351
2014-08-26,0.8337
2014-08-27,0.8369
2014-08-28,0.8376
2014-08-29,0.8367
2014-09-01,.
2014-09-02,0.8309
2014-09-03,0.8315
2014-09-04,0.8310
2014-09-05,0.8327
2014-09-08,0.8285
2014-09-09,0.8245
2014-09-10,0.8245
2014-09-11,0.8187
2014-09-12,0.8156
2014-09-15,0.8166
2014-09-16,0.8207
2014-09-17,0.8151
2014-09-18,0.8144
2014-09-19,0.8119
2014-09-22,0.8125
2014-09-23,0.8066
2014-09-24,0.8067
2014-09-25,0.7932
2014-09-26,0.7876
2014-09-29,0.7788
2014-09-30,0.7788
2014-10-01,0.7811
2014-10-02,0.7881
2014-10-03,0.7772
2014-10-06,0.7806
2014-10-07,0.7834
2014-10-08,0.7800
2014-10-09,0.7864
2014-10-10,0.7834
2014-10-13,.
2014-10-14,0.7855
2014-10-15,0.7937
2014-10-16,0.7963
2014-10-17,0.7935
2014-10-20,0.7967
2014-10-21,0.7968
2014-10-22,0.7944
2014-10-23,0.7841
2014-10-24,0.7863
2014-10-27,0.7887
2014-10-28,0.7929
2014-10-29,0.7965
2014-10-30,0.7840
2014-10-31,0.7780
2014-11-03,0.7732
2014-11-04,0.7777
2014-11-05,0.7728
2014-11-06,0.7715
2014-11-07,0.7736
2014-11-10,0.7763
2014-11-11,.
2014-11-12,0.7898
2014-11-13,0.7901
2014-11-14,0.7910
2014-11-17,0.7935
2014-11-18,0.7941
2014-11-19,0.7859
2014-11-20,0.7852
2014-11-21,0.7886
2014-11-24,0.7856
2014-11-25,0.7806
2014-11-26,0.7881
2014-11-27,.
2014-11-28,0.7840
2014-12-01,0.7899
2014-12-02,0.7800
2014-12-03,0.7778
2014-12-04,0.7811
2014-12-05,0.7718
2014-12-08,0.7662
2014-12-09,0.7726
2014-12-10,0.7715
2014-12-11,0.7801
2014-12-12,0.7789
2014-12-15,0.7754
2014-12-16,0.7790
2014-12-17,0.7730
2014-12-18,0.7757
2014-12-19,0.7745
2014-12-22,0.7740
2014-12-23,0.7712
2014-12-24,0.7721
2014-12-25,.
2014-12-26,.
2014-12-29,0.7788
2014-12-30,0.7847
2014-12-31,0.7796
2015-01-01,.
2015-01-02,0.7711
2015-01-05,0.7702
2015-01-06,0.7805
2015-01-07,0.7727
2015-01-08,0.7826
2015-01-09,0.7832
2015-01-12,0.7776
2015-01-13,0.7732
2015-01-14,0.7746
2015-01-15,0.7791
2015-01-16,0.7778
2015-01-19,.
2015-01-20,0.7693
2015-01-21,0.7578
2015-01-22,0.7551
2015-01-23,0.7477
2015-01-26,0.7425
2015-01-27,0.7461
2015-01-28,0.7451
2015-01-29,0.7259
2015-01-30,0.7248
2015-02-02,0.7304
2015-02-03,0.7294
2015-02-04,0.7371
2015-02-05,0.7391
2015-02-06,0.7361
2015-02-09,0.7415
2015-02-10,0.7413
2015-02-11,0.7382
2015-02-12,0.7462
2015-02-13,0.7468
2015-02-16,.
2015-02-17,0.7523
2015-02-18,0.7519
2015-02-19,0.7543
2015-02-20,0.7534
2015-02-23,0.7536
2015-02-24,0.7456
2015-02-25,0.7548
2015-02-26,0.7555
2015-02-27,0.7557
2015-03-02,0.7523
2015-03-03,0.7570
2015-03-04,0.7584
2015-03-05,0.7466
2015-03-06,0.7365
2015-03-09,0.7360
2015-03-10,0.7272
2015-03-11,0.7218
2015-03-12,0.7403
2015-03-13,0.7330
2015-03-16,0.7390
2015-03-17,0.7312
2015-03-18,0.7363
2015-03-19,0.7376
2015-03-20,0.7555
2015-03-23,0.7623
2015-03-24,0.7632
2015-03-25,0.7633
2015-03-26,0.7584
2015-03-27,0.7560
2015-03-30,0.7514
2015-03-31,0.7485
2015-04-01,0.7461
2015-04-02,0.7483
2015-04-03,0.7595
2015-04-06,0.7605
2015-04-07,0.7507
2015-04-08,0.7580
2015-04-09,0.7555
2015-04-10,0.7532
2015-04-13,0.7448
2015-04-14,0.7536
2015-04-15,0.7537
2015-04-16,0.7662
2015-04-17,0.7684
2015-04-20,0.7667
2015-04-21,0.7690
2015-04-22,0.7677
2015-04-23,0.7585
2015-04-24,0.7601
2015-04-27,0.7648
2015-04-28,0.7733
2015-04-29,0.7737
2015-04-30,0.7591
2015-05-01,0.7520
2015-05-04,0.7530
2015-05-05,0.7563
2015-05-06,0.7513
2015-05-07,0.7446
2015-05-08,0.7490
2015-05-11,0.7350
2015-05-12,0.7377
2015-05-13,0.7488
2015-05-14,0.7500
2015-05-15,0.7489
2015-05-18,0.7398
2015-05-19,0.7354
2015-05-20,0.7295
2015-05-21,0.7320
2015-05-22,0.7307
2015-05-25,.
2015-05-26,0.7228
2015-05-27,0.7228
2015-05-28,0.7150
2015-05-29,0.7111
2015-06-01,0.7098
2015-06-02,0.7154
2015-06-03,0.7152
2015-06-04,0.7116
2015-06-05,0.7046
2015-06-08,0.7097
2015-06-09,0.7137
2015-06-10,0.7194
2015-06-11,0.6990
2015-06-12,0.6985
2015-06-15,0.7005
2015-06-16,0.6986
2015-06-17,0.6913
2015-06-18,0.6942
2015-06-19,0.6895
2015-06-22,0.6876
2015-06-23,0.6851
2015-06-24,0.6868
2015-06-25,0.6911
2015-06-26,0.6831
2015-06-29,0.6854
2015-06-30,0.6778
2015-07-01,0.6754
2015-07-02,0.6726
2015-07-03,.
2015-07-06,0.6703
2015-07-07,0.6662
2015-07-08,0.6741
2015-07-09,0.6727
2015-07-10,0.6699
2015-07-13,0.6694
2015-07-14,0.6707
2015-07-15,0.6605
2015-07-16,0.6538
2015-07-17,0.6527
2015-07-20,0.6571
2015-07-21,0.6629
2015-07-22,0.6572
2015-07-23,0.6645
2015-07-24,0.6586
2015-07-27,0.6636
2015-07-28,0.6688
2015-07-29,0.6682
2015-07-30,0.6589
2015-07-31,0.6625
2015-08-03,0.6603
2015-08-04,0.6588
2015-08-05,0.6519
2015-08-06,0.6545
2015-08-07,0.6596
2015-08-10,0.6602
2015-08-11,0.6537
2015-08-12,0.6635
2015-08-13,0.6571
2015-08-14,0.6546
2015-08-17,0.6580
2015-08-18,0.6581
2015-08-19,0.6564
2015-08-20,0.6634
2015-08-21,0.6706
2015-08-24,0.6507
2015-08-25,0.6522
2015-08-26,0.6424
2015-08-27,0.6478
2015-08-28,0.6446
2015-08-31,0.6349
2015-09-01,0.6346
2015-09-02,0.6343
2015-09-03,0.6400
2015-09-04,0.6280
2015-09-07,.
2015-09-08,0.6347
2015-09-09,0.6402
2015-09-10,0.6306
2015-09-11,0.6314
2015-09-14,0.6330
2015-09-15,0.6313
2015-09-16,0.6349
2015-09-17,0.6322
2015-09-18,0.6416
2015-09-21,0.6310
2015-09-22,0.6292
2015-09-23,0.6244
2015-09-24,0.6338
2015-09-25,0.6369
2015-09-28,0.6346
2015-09-29,0.6368
2015-09-30,0.6390
2015-10-01,0.6411
2015-10-02,0.6432
2015-10-05,0.6505
2015-10-06,0.6536
2015-10-07,0.6623
2015-10-08,0.6642
2015-10-09,0.6700
2015-10-12,.
2015-10-13,0.6689
2015-10-14,0.6767
2015-10-15,0.6854
2015-10-16,0.6799
2015-10-19,0.6804
2015-10-20,0.6755
2015-10-21,0.6734
2015-10-22,0.6791
2015-10-23,0.6751
2015-10-26,0.6794
2015-10-27,0.6802
2015-10-28,0.6721
2015-10-29,0.6680
2015-10-30,0.6766
2015-11-02,0.6745
2015-11-03,0.6676
2015-11-04,0.6587
2015-11-05,0.6627
2015-11-06,0.6509
2015-11-09,0.6537
2015-11-10,0.6534
2015-11-11,.
2015-11-12,0.6529
2015-11-13,0.6528
2015-11-16,0.6488
2015-11-17,0.6459
2015-11-18,0.6440
2015-11-19,0.6580
2015-11-20,0.6558
2015-11-23,0.6511
2015-11-24,0.6540
2015-11-25,0.6573
2015-11-26,.
2015-11-27,0.6536
2015-11-30,0.6574
2015-12-01,0.6679
2015-12-02,0.6629
2015-12-03,0.6633
2015-12-04,0.6755
2015-12-07,0.6648
2015-12-08,0.6636
2015-12-09,0.6629
2015-12-10,0.6763
2015-12-11,0.6727
2015-12-14,0.6778
2015-12-15,0.6748
2015-12-16,0.6772
2015-12-17,0.6692
2015-12-18,0.6752
2015-12-21,0.6769
2015-12-22,0.6812
2015-12-23,0.6789
2015-12-24,0.6838
2015-12-25,.
2015-12-28,0.6853
2015-12-29,0.6872
2015-12-30,0.6837
2015-12-31,0.6842
2016-01-01,.
2016-01-04,0.6740
2016-01-05,0.6700
2016-01-06,0.6642
2016-01-07,0.6653
2016-01-08,0.6559
2016-01-11,0.6554
2016-01-12,0.6523
2016-01-13,0.6559
2016-01-14,0.6470
2016-01-15,0.6431
2016-01-18,.
2016-01-19,0.6489
2016-01-20,0.6389
2016-01-21,0.6522
2016-01-22,0.6483
2016-01-25,0.6473
2016-01-26,0.6492
2016-01-27,0.6527
2016-01-28,0.6477
2016-01-29,0.6469
2016-02-01,0.6512
2016-02-02,0.6497
2016-02-03,0.6659
2016-02-04,0.6729
2016-02-05,0.6619
2016-02-08,0.6637
2016-02-09,0.6648
2016-02-10,0.6655
2016-02-11,0.6682
2016-02-12,0.6628
2016-02-15,.
2016-02-16,0.6565
2016-02-17,0.6628
2016-02-18,0.6626
2016-02-19,0.6615
2016-02-22,0.6720
2016-02-23,0.6660
2016-02-24,0.6632
2016-02-25,0.6699
2016-02-26,0.6648
2016-02-29,0.6601
2016-03-01,0.6619
2016-03-02,0.6642
2016-03-03,0.6746
2016-03-04,0.6799
2016-03-07,0.6801
2016-03-08,0.6770
2016-03-09,0.6809
2016-03-10,0.6667
2016-03-11,0.6763
2016-03-14,0.6690
2016-03-15,0.6614
2016-03-16,0.6601
2016-03-17,0.6835
2016-03-18,0.6812
2016-03-21,0.6764
2016-03-22,0.6760
2016-03-23,0.6702
2016-03-24,0.6695
2016-03-25,0.6685
2016-03-28,0.6729
2016-03-29,0.6803
2016-03-30,0.6914
2016-03-31,0.6926
2016-04-01,0.6899
2016-04-04,0.6852
2016-04-05,0.6787
2016-04-06,0.6840
2016-04-07,0.6774
2016-04-08,0.6815
2016-04-11,0.6860
2016-04-12,0.6902
2016-04-13,0.6916
2016-04-14,0.6866
2016-04-15,0.6913
2016-04-18,0.6946
2016-04-19,0.7034
2016-04-20,0.6997
2016-04-21,0.6924
2016-04-22,0.6854
2016-04-25,0.6856
2016-04-26,0.6895
2016-04-27,0.6851
2016-04-28,0.6969
2016-04-29,0.6984
2016-05-02,0.7009
2016-05-03,0.6925
2016-05-04,0.6874
2016-05-05,0.6894
2016-05-06,0.6843
2016-05-09,0.6778
2016-05-10,0.6746
2016-05-11,0.6845
2016-05-12,0.6816
2016-05-13,0.6781
2016-05-16,0.6805
2016-05-17,0.6840
2016-05-18,0.6782
2016-05-19,0.6748
2016-05-20,0.6760
2016-05-23,0.6754
2016-05-24,0.6738
2016-05-25,0.6752
2016-05-26,0.6752
2016-05-27,0.6729
2016-05-30,.
2016-05-31,0.6769
2016-06-01,0.6807
2016-06-02,0.6815
2016-06-03,0.6942
2016-06-06,0.6931
2016-06-07,0.6981
2016-06-08,0.7024
2016-06-09,0.7133
2016-06-10,0.7069
2016-06-13,0.7064
2016-06-14,0.7003
2016-06-15,0.7028
2016-06-16,0.6996
2016-06-17,0.7056
2016-06-20,0.7109
2016-06-21,0.7138
2016-06-22,0.7165
2016-06-23,0.7242
2016-06-24,0.7109
2016-06-27,0.7020
2016-06-28,0.7031
2016-06-29,0.7121
2016-06-30,0.7120
2016-07-01,0.7167
2016-07-04,.
2016-07-05,0.7147
2016-07-06,0.7130
2016-07-07,0.7213
2016-07-08,0.7293
2016-07-11,0.7222
2016-07-12,0.7304
2016-07-13,0.7303
2016-07-14,0.7199
2016-07-15,0.7133
2016-07-18,0.7117
2016-07-19,0.7049
2016-07-20,0.7033
2016-07-21,0.6989
2016-07-22,0.6990
2016-07-25,0.6981
2016-07-26,0.7038
2016-07-27,0.7042
2016-07-28,0.7075
2016-07-29,0.7216
2016-08-01,0.7196
2016-08-02,0.7235
2016-08-03,0.7163
2016-08-04,0.7195
2016-08-05,0.7138
2016-08-08,0.7139
2016-08-09,0.7178
2016-08-10,0.7220
2016-08-11,0.7242
2016-08-12,0.7215
2016-08-15,0.7219
2016-08-16,0.7266
2016-08-17,0.7219
2016-08-18,0.7292
2016-08-19,0.7268
2016-08-22,0.7278
2016-08-23,0.7307
2016-08-24,0.7307
2016-08-25,0.7297
2016-08-26,0.7302
2016-08-29,0.7254
2016-08-30,0.7222
2016-08-31,0.7257
2016-09-01,0.7282
2016-09-02,0.7286
2016-09-05,.
2016-09-06,0.7407
2016-09-07,0.7451
2016-09-08,0.7406
2016-09-09,0.7336
2016-09-12,0.7321
2016-09-13,0.7262
2016-09-14,0.7304
2016-09-15,0.7308
2016-09-16,0.7271
2016-09-19,0.7317
2016-09-20,0.7323
2016-09-21,0.7328
2016-09-22,0.7315
2016-09-23,0.7235
2016-09-26,0.7280
2016-09-27,0.7294
2016-09-28,0.7254
2016-09-29,0.7285
2016-09-30,0.7290
2016-10-03,0.7263
2016-10-04,0.7246
2016-10-05,0.7173
2016-10-06,0.7161
2016-10-07,0.7119
2016-10-10,.
2016-10-11,0.7067
2016-10-12,0.7048
2016-10-13,0.7081
2016-10-14,0.7087
2016-10-17,0.7134
2016-10-18,0.7218
2016-10-19,0.7223
2016-10-20,0.7203
2016-10-21,0.7154
2016-10-24,0.7133
2016-10-25,0.7168
2016-10-26,0.7156
2016-10-27,0.7123
2016-10-28,0.7144
2016-10-31,0.7156
2016-11-01,0.7176
2016-11-02,0.7296
2016-11-03,0.7322
2016-11-04,0.7311
2016-11-07,0.7324
2016-11-08,0.7355
2016-11-09,0.7302
2016-11-10,0.7202
2016-11-11,.
2016-11-14,0.7085
2016-11-15,0.7095
2016-11-16,0.7079
2016-11-17,0.7058
2016-11-18,0.7028
2016-11-21,0.7057
2016-11-22,0.7048
2016-11-23,0.7010
2016-11-24,.
2016-11-25,0.7045
2016-11-28,0.7063
2016-11-29,0.7119
2016-11-30,0.7081
2016-12-01,0.7072
2016-12-02,0.7139
2016-12-05,0.7134
2016-12-06,0.7113
2016-12-07,0.7160
2016-12-08,0.7168
2016-12-09,0.7139
2016-12-12,0.7189
2016-12-13,0.7204
2016-12-14,0.7228
2016-12-15,0.7015
2016-12-16,0.6981
2016-12-19,0.6949
2016-12-20,0.6921
2016-12-21,0.6902
2016-12-22,0.6909
2016-12-23,0.6870
2016-12-26,.
2016-12-27,0.6890
2016-12-28,0.6910
2016-12-29,0.6958
2016-12-30,0.6958
2017-01-02,.
2017-01-03,0.6927
2017-01-04,0.6949
2017-01-05,0.7022
2017-01-06,0.6973
2017-01-09,0.7027
2017-01-10,0.6986
2017-01-11,0.7008
2017-01-12,0.7138
2017-01-13,0.7105
2017-01-16,.
2017-01-17,0.7183
2017-01-18,0.7178
2017-01-19,0.7171
2017-01-20,.
2017-01-23,0.7215
2017-01-24,0.7261
2017-01-25,0.7268
2017-01-26,0.7232
2017-01-27,0.7257
2017-01-30,0.7281
2017-01-31,0.7329
2017-02-01,0.7251
2017-02-02,0.7306
2017-02-03,0.7322
