DATE,DEXUSAL
2007-02-05,0.7769
2007-02-06,0.7769
2007-02-07,0.7786
2007-02-08,0.7812
2007-02-09,0.7765
2007-02-12,0.7726
2007-02-13,0.7774
2007-02-14,0.7833
2007-02-15,0.7847
2007-02-16,0.7868
2007-02-19,.
2007-02-20,0.7852
2007-02-21,0.7899
2007-02-22,0.7895
2007-02-23,0.7920
2007-02-26,0.7931
2007-02-27,0.7933
2007-02-28,0.7892
2007-03-01,0.7863
2007-03-02,0.7834
2007-03-05,0.7728
2007-03-06,0.7737
2007-03-07,0.7765
2007-03-08,0.7758
2007-03-09,0.7806
2007-03-12,0.7839
2007-03-13,0.7871
2007-03-14,0.7860
2007-03-15,0.7884
2007-03-16,0.7948
2007-03-19,0.7996
2007-03-20,0.8016
2007-03-21,0.8015
2007-03-22,0.8083
2007-03-23,0.8062
2007-03-26,0.8097
2007-03-27,0.8089
2007-03-28,0.8064
2007-03-29,0.8078
2007-03-30,0.8104
2007-04-02,0.8166
2007-04-03,0.8131
2007-04-04,0.8180
2007-04-05,0.8193
2007-04-06,0.8177
2007-04-09,0.8167
2007-04-10,0.8250
2007-04-11,0.8259
2007-04-12,0.8276
2007-04-13,0.8326
2007-04-16,0.8327
2007-04-17,0.8367
2007-04-18,0.8353
2007-04-19,0.8356
2007-04-20,0.8363
2007-04-23,0.8339
2007-04-24,0.8284
2007-04-25,0.8333
2007-04-26,0.8254
2007-04-27,0.8311
2007-04-30,0.8326
2007-05-01,0.8287
2007-05-02,0.8247
2007-05-03,0.8241
2007-05-04,0.8207
2007-05-07,0.8254
2007-05-08,0.8277
2007-05-09,0.8285
2007-05-10,0.8320
2007-05-11,0.8326
2007-05-14,0.8333
2007-05-15,0.8348
2007-05-16,0.8248
2007-05-17,0.8219
2007-05-18,0.8250
2007-05-21,0.8200
2007-05-22,0.8213
2007-05-23,0.8246
2007-05-24,0.8207
2007-05-25,0.8190
2007-05-28,.
2007-05-29,0.8202
2007-05-30,0.8220
2007-05-31,0.8272
2007-06-01,0.8313
2007-06-04,0.8341
2007-06-05,0.8371
2007-06-06,0.8408
2007-06-07,0.8447
2007-06-08,0.8427
2007-06-11,0.8426
2007-06-12,0.8439
2007-06-13,0.8402
2007-06-14,0.8349
2007-06-15,0.8400
2007-06-18,0.8421
2007-06-19,0.8460
2007-06-20,0.8458
2007-06-21,0.8468
2007-06-22,0.8482
2007-06-25,0.8480
2007-06-26,0.8474
2007-06-27,0.8375
2007-06-28,0.8461
2007-06-29,0.8491
2007-07-02,0.8596
2007-07-03,0.8543
2007-07-04,.
2007-07-05,0.8561
2007-07-06,0.8569
2007-07-09,0.8605
2007-07-10,0.8622
2007-07-11,0.8614
2007-07-12,0.8638
2007-07-13,0.8688
2007-07-16,0.8722
2007-07-17,0.8732
2007-07-18,0.8778
2007-07-19,0.8796
2007-07-20,0.8796
2007-07-23,0.8835
2007-07-24,0.8841
2007-07-25,0.8828
2007-07-26,0.8780
2007-07-27,0.8560
2007-07-30,0.8509
2007-07-31,0.8594
2007-08-01,0.8537
2007-08-02,0.8595
2007-08-03,0.8573
2007-08-06,0.8572
2007-08-07,0.8543
2007-08-08,0.8618
2007-08-09,0.8542
2007-08-10,0.8455
2007-08-13,0.8430
2007-08-14,0.8384
2007-08-15,0.8243
2007-08-16,0.7860
2007-08-17,0.7887
2007-08-20,0.8005
2007-08-21,0.8000
2007-08-22,0.8043
2007-08-23,0.8134
2007-08-24,0.8242
2007-08-27,0.8288
2007-08-28,0.8207
2007-08-29,0.8190
2007-08-30,0.8183
2007-08-31,0.8157
2007-09-03,0.8157
2007-09-04,0.8245
2007-09-05,0.8245
2007-09-06,0.8275
2007-09-07,0.8259
2007-09-10,0.8238
2007-09-11,0.8310
2007-09-12,0.8401
2007-09-13,0.8395
2007-09-14,0.8415
2007-09-17,0.8328
2007-09-18,0.8363
2007-09-19,0.8555
2007-09-20,0.8641
2007-09-21,0.8650
2007-09-24,0.8669
2007-09-25,0.8691
2007-09-26,0.8749
2007-09-27,0.8776
2007-09-28,0.8855
2007-10-01,0.8931
2007-10-02,0.8846
2007-10-03,0.8882
2007-10-04,0.8883
2007-10-05,0.8998
2007-10-08,0.8998
2007-10-09,0.8975
2007-10-10,0.8992
2007-10-11,0.9043
2007-10-12,0.9042
2007-10-15,0.9012
2007-10-16,0.8860
2007-10-17,0.8942
2007-10-18,0.8947
2007-10-19,0.8935
2007-10-22,0.8785
2007-10-23,0.8943
2007-10-24,0.8997
2007-10-25,0.9059
2007-10-26,0.9163
2007-10-29,0.9211
2007-10-30,0.9185
2007-10-31,0.9271
2007-11-01,0.9186
2007-11-02,0.9180
2007-11-05,0.9196
2007-11-06,0.9253
2007-11-07,0.9369
2007-11-08,0.9266
2007-11-09,0.9145
2007-11-12,.
2007-11-13,0.8893
2007-11-14,0.9002
2007-11-15,0.8921
2007-11-16,0.8909
2007-11-19,0.8835
2007-11-20,0.8874
2007-11-21,0.8698
2007-11-22,0.8698
2007-11-23,0.8744
2007-11-26,0.8778
2007-11-27,0.8744
2007-11-28,0.8817
2007-11-29,0.8830
2007-11-30,0.8848
2007-12-03,0.8828
2007-12-04,0.8726
2007-12-05,0.8709
2007-12-06,0.8731
2007-12-07,0.8807
2007-12-10,0.8829
2007-12-11,0.8867
2007-12-12,0.8857
2007-12-13,0.8745
2007-12-14,0.8620
2007-12-17,0.8570
2007-12-18,0.8557
2007-12-19,0.8567
2007-12-20,0.8577
2007-12-21,0.8657
2007-12-24,0.8705
2007-12-25,.
2007-12-26,0.8734
2007-12-27,0.8773
2007-12-28,0.8740
2007-12-31,0.8776
2008-01-01,.
2008-01-02,0.8812
2008-01-03,0.8819
2008-01-04,0.8762
2008-01-07,0.8712
2008-01-08,0.8812
2008-01-09,0.8801
2008-01-10,0.8891
2008-01-11,0.8927
2008-01-14,0.8981
2008-01-15,0.8875
2008-01-16,0.8780
2008-01-17,0.8827
2008-01-18,0.8759
2008-01-21,.
2008-01-22,0.8684
2008-01-23,0.8654
2008-01-24,0.8790
2008-01-25,0.8817
2008-01-28,0.8833
2008-01-29,0.8895
2008-01-30,0.8893
2008-01-31,0.8968
2008-02-01,0.9035
2008-02-04,0.9091
2008-02-05,0.8997
2008-02-06,0.8983
2008-02-07,0.8942
2008-02-08,0.8945
2008-02-11,0.9027
2008-02-12,0.9058
2008-02-13,0.8934
2008-02-14,0.9034
2008-02-15,0.9069
2008-02-18,.
2008-02-19,0.9203
2008-02-20,0.9148
2008-02-21,0.9206
2008-02-22,0.9205
2008-02-25,0.9232
2008-02-26,0.9292
2008-02-27,0.9417
2008-02-28,0.9463
2008-02-29,0.9370
2008-03-03,0.9409
2008-03-04,0.9227
2008-03-05,0.9319
2008-03-06,0.9317
2008-03-07,0.9283
2008-03-10,0.9177
2008-03-11,0.9249
2008-03-12,0.9322
2008-03-13,0.9411
2008-03-14,0.9371
2008-03-17,0.9184
2008-03-18,0.9271
2008-03-19,0.9214
2008-03-20,0.8958
2008-03-21,0.9016
2008-03-24,0.9062
2008-03-25,0.9136
2008-03-26,0.9196
2008-03-27,0.9202
2008-03-28,0.9188
2008-03-31,0.9132
2008-04-01,0.9067
2008-04-02,0.9134
2008-04-03,0.9152
2008-04-04,0.9214
2008-04-07,0.9274
2008-04-08,0.9278
2008-04-09,0.9283
2008-04-10,0.9324
2008-04-11,0.9290
2008-04-14,0.9229
2008-04-15,0.9245
2008-04-16,0.9396
2008-04-17,0.9370
2008-04-18,0.9294
2008-04-21,0.9418
2008-04-22,0.9458
2008-04-23,0.9488
2008-04-24,0.9395
2008-04-25,0.9330
2008-04-28,0.9395
2008-04-29,0.9347
2008-04-30,0.9419
2008-05-01,0.9338
2008-05-02,0.9366
2008-05-05,0.9454
2008-05-06,0.9481
2008-05-07,0.9426
2008-05-08,0.9430
2008-05-09,0.9417
2008-05-12,0.9467
2008-05-13,0.9420
2008-05-14,0.9348
2008-05-15,0.9415
2008-05-16,0.9540
2008-05-19,0.9532
2008-05-20,0.9599
2008-05-21,0.9644
2008-05-22,0.9552
2008-05-23,0.9608
2008-05-26,.
2008-05-27,0.9588
2008-05-28,0.9616
2008-05-29,0.9545
2008-05-30,0.9551
2008-06-02,0.9548
2008-06-03,0.9545
2008-06-04,0.9605
2008-06-05,0.9567
2008-06-06,0.9603
2008-06-09,0.9523
2008-06-10,0.9448
2008-06-11,0.9487
2008-06-12,0.9342
2008-06-13,0.9390
2008-06-16,0.9404
2008-06-17,0.9428
2008-06-18,0.9441
2008-06-19,0.9499
2008-06-20,0.9540
2008-06-23,0.9507
2008-06-24,0.9573
2008-06-25,0.9540
2008-06-26,0.9573
2008-06-27,0.9610
2008-06-30,0.9562
2008-07-01,0.9535
2008-07-02,0.9634
2008-07-03,0.9604
2008-07-04,.
2008-07-07,0.9531
2008-07-08,0.9533
2008-07-09,0.9585
2008-07-10,0.9621
2008-07-11,0.9674
2008-07-14,0.9721
2008-07-15,0.9797
2008-07-16,0.9761
2008-07-17,0.9750
2008-07-18,0.9728
2008-07-21,0.9749
2008-07-22,0.9715
2008-07-23,0.9636
2008-07-24,0.9570
2008-07-25,0.9562
2008-07-28,0.9571
2008-07-29,0.9508
2008-07-30,0.9434
2008-07-31,0.9415
2008-08-01,0.9317
2008-08-04,0.9299
2008-08-05,0.9157
2008-08-06,0.9078
2008-08-07,0.9079
2008-08-08,0.8915
2008-08-11,0.8869
2008-08-12,0.8757
2008-08-13,0.8675
2008-08-14,0.8709
2008-08-15,0.8676
2008-08-18,0.8712
2008-08-19,0.8710
2008-08-20,0.8712
2008-08-21,0.8785
2008-08-22,0.8689
2008-08-25,0.8676
2008-08-26,0.8561
2008-08-27,0.8553
2008-08-28,0.8618
2008-08-29,0.8563
2008-09-01,.
2008-09-02,0.8360
2008-09-03,0.8352
2008-09-04,0.8298
2008-09-05,0.8107
2008-09-08,0.8151
2008-09-09,0.8081
2008-09-10,0.8036
2008-09-11,0.7978
2008-09-12,0.8170
2008-09-15,0.8080
2008-09-16,0.7939
2008-09-17,0.7831
2008-09-18,0.7989
2008-09-19,0.8288
2008-09-22,0.8441
2008-09-23,0.8385
2008-09-24,0.8366
2008-09-25,0.8360
2008-09-26,0.8292
2008-09-29,0.8125
2008-09-30,0.7904
2008-10-01,0.7937
2008-10-02,0.7770
2008-10-03,0.7750
2008-10-06,0.7139
2008-10-07,0.7216
2008-10-08,0.6690
2008-10-09,0.7015
2008-10-10,0.6531
2008-10-13,.
2008-10-14,0.7054
2008-10-15,0.6833
2008-10-16,0.6708
2008-10-17,0.6907
2008-10-20,0.6969
2008-10-21,0.6813
2008-10-22,0.6698
2008-10-23,0.6657
2008-10-24,0.6165
2008-10-27,0.6073
2008-10-28,0.6252
2008-10-29,0.6683
2008-10-30,0.6695
2008-10-31,0.6574
2008-11-03,0.6823
2008-11-04,0.7005
2008-11-05,0.6972
2008-11-06,0.6790
2008-11-07,0.6726
2008-11-10,0.6755
2008-11-11,.
2008-11-12,0.6449
2008-11-13,0.6402
2008-11-14,0.6627
2008-11-17,0.6562
2008-11-18,0.6575
2008-11-19,0.6501
2008-11-20,0.6191
2008-11-21,0.6254
2008-11-24,0.6501
2008-11-25,0.6488
2008-11-26,0.6470
2008-11-27,.
2008-11-28,0.6546
2008-12-01,0.6447
2008-12-02,0.6443
2008-12-03,0.6482
2008-12-04,0.6527
2008-12-05,0.6343
2008-12-08,0.6644
2008-12-09,0.6600
2008-12-10,0.6615
2008-12-11,0.6779
2008-12-12,0.6580
2008-12-15,0.6713
2008-12-16,0.6775
2008-12-17,0.6967
2008-12-18,0.6985
2008-12-19,0.6806
2008-12-22,0.6832
2008-12-23,0.6804
2008-12-24,0.6826
2008-12-25,.
2008-12-26,0.6814
2008-12-29,0.6950
2008-12-30,0.6906
2008-12-31,0.6983
2009-01-01,.
2009-01-02,0.7083
2009-01-05,0.7146
2009-01-06,0.7187
2009-01-07,0.7212
2009-01-08,0.7071
2009-01-09,0.7063
2009-01-12,0.6814
2009-01-13,0.6675
2009-01-14,0.6640
2009-01-15,0.6558
2009-01-16,0.6660
2009-01-19,.
2009-01-20,0.6574
2009-01-21,0.6495
2009-01-22,0.6544
2009-01-23,0.6522
2009-01-26,0.6610
2009-01-27,0.6602
2009-01-28,0.6699
2009-01-29,0.6550
2009-01-30,0.6380
2009-02-02,0.6320
2009-02-03,0.6476
2009-02-04,0.6499
2009-02-05,0.6539
2009-02-06,0.6715
2009-02-09,0.6834
2009-02-10,0.6589
2009-02-11,0.6549
2009-02-12,0.6507
2009-02-13,0.6595
2009-02-16,.
2009-02-17,0.6386
2009-02-18,0.6385
2009-02-19,0.6450
2009-02-20,0.6419
2009-02-23,0.6456
2009-02-24,0.6429
2009-02-25,0.6476
2009-02-26,0.6536
2009-02-27,0.6419
2009-03-02,0.6301
2009-03-03,0.6388
2009-03-04,0.6499
2009-03-05,0.6408
2009-03-06,0.6408
2009-03-09,0.6311
2009-03-10,0.6473
2009-03-11,0.6497
2009-03-12,0.6473
2009-03-13,0.6576
2009-03-16,0.6611
2009-03-17,0.6591
2009-03-18,0.6589
2009-03-19,0.6927
2009-03-20,0.6892
2009-03-23,0.6994
2009-03-24,0.7017
2009-03-25,0.7009
2009-03-26,0.7022
2009-03-27,0.6946
2009-03-30,0.6788
2009-03-31,0.6925
2009-04-01,0.6941
2009-04-02,0.7169
2009-04-03,0.7103
2009-04-06,0.7101
2009-04-07,0.7160
2009-04-08,0.7110
2009-04-09,0.7168
2009-04-10,0.7189
2009-04-13,0.7288
2009-04-14,0.7286
2009-04-15,0.7228
2009-04-16,0.7201
2009-04-17,0.7204
2009-04-20,0.7020
2009-04-21,0.7095
2009-04-22,0.7109
2009-04-23,0.7105
2009-04-24,0.7220
2009-04-27,0.7157
2009-04-28,0.7043
2009-04-29,0.7268
2009-04-30,0.7317
2009-05-01,0.7290
2009-05-04,0.7388
2009-05-05,0.7436
2009-05-06,0.7467
2009-05-07,0.7579
2009-05-08,0.7609
2009-05-11,0.7614
2009-05-12,0.7635
2009-05-13,0.7570
2009-05-14,0.7573
2009-05-15,0.7526
2009-05-18,0.7596
2009-05-19,0.7741
2009-05-20,0.7770
2009-05-21,0.7743
2009-05-22,0.7853
2009-05-25,.
2009-05-26,0.7842
2009-05-27,0.7874
2009-05-28,0.7861
2009-05-29,0.7993
2009-06-01,0.8101
2009-06-02,0.8194
2009-06-03,0.8103
2009-06-04,0.7990
2009-06-05,0.8012
2009-06-08,0.7851
2009-06-09,0.7980
2009-06-10,0.8043
2009-06-11,0.8195
2009-06-12,0.8132
2009-06-15,0.7920
2009-06-16,0.8000
2009-06-17,0.7887
2009-06-18,0.8038
2009-06-19,0.8111
2009-06-22,0.7896
2009-06-23,0.7901
2009-06-24,0.8028
2009-06-25,0.7990
2009-06-26,0.8053
2009-06-29,0.8066
2009-06-30,0.8055
2009-07-01,0.8105
2009-07-02,0.7948
2009-07-03,0.7986
2009-07-06,0.7922
2009-07-07,0.7963
2009-07-08,0.7780
2009-07-09,0.7834
2009-07-10,0.7751
2009-07-13,0.7807
2009-07-14,0.7895
2009-07-15,0.8041
2009-07-16,0.8019
2009-07-17,0.8013
2009-07-20,0.8131
2009-07-21,0.8123
2009-07-22,0.8161
2009-07-23,0.8206
2009-07-24,0.8162
2009-07-27,0.8212
2009-07-28,0.8287
2009-07-29,0.8164
2009-07-30,0.8272
2009-07-31,0.8339
2009-08-03,0.8428
2009-08-04,0.8422
2009-08-05,0.8384
2009-08-06,0.8397
2009-08-07,0.8371
2009-08-10,0.8377
2009-08-11,0.8296
2009-08-12,0.8333
2009-08-13,0.8396
2009-08-14,0.8323
2009-08-17,0.8234
2009-08-18,0.8201
2009-08-19,0.8293
2009-08-20,0.8308
2009-08-21,0.8349
2009-08-24,0.8407
2009-08-25,0.8412
2009-08-26,0.8273
2009-08-27,0.8355
2009-08-28,0.8425
2009-08-31,0.8439
2009-09-01,0.8306
2009-09-02,0.8323
2009-09-03,0.8406
2009-09-04,0.8485
2009-09-07,.
2009-09-08,0.8636
2009-09-09,0.8639
2009-09-10,0.8596
2009-09-11,0.8649
2009-09-14,0.8604
2009-09-15,0.8603
2009-09-16,0.8724
2009-09-17,0.8731
2009-09-18,0.8668
2009-09-21,0.8636
2009-09-22,0.8736
2009-09-23,0.8722
2009-09-24,0.8686
2009-09-25,0.8655
2009-09-28,0.8734
2009-09-29,0.8701
2009-09-30,0.8824
2009-10-01,0.8730
2009-10-02,0.8656
2009-10-05,0.8772
2009-10-06,0.8912
2009-10-07,0.8878
2009-10-08,0.9072
2009-10-09,0.9034
2009-10-12,.
2009-10-13,0.9074
2009-10-14,0.9133
2009-10-15,0.9204
2009-10-16,0.9158
2009-10-19,0.9266
2009-10-20,0.9209
2009-10-21,0.9275
2009-10-22,0.9223
2009-10-23,0.9255
2009-10-26,0.9200
2009-10-27,0.9163
2009-10-28,0.9013
2009-10-29,0.9143
2009-10-30,0.9038
2009-11-02,0.9083
2009-11-03,0.8985
2009-11-04,0.9087
2009-11-05,0.9083
2009-11-06,0.9164
2009-11-09,0.9293
2009-11-10,0.9278
2009-11-11,.
2009-11-12,0.9248
2009-11-13,0.9311
2009-11-16,0.9369
2009-11-17,0.9264
2009-11-18,0.9302
2009-11-19,0.9186
2009-11-20,0.9155
2009-11-23,0.9247
2009-11-24,0.9169
2009-11-25,0.9282
2009-11-26,.
2009-11-27,0.9089
2009-11-30,0.9143
2009-12-01,0.9249
2009-12-02,0.9262
2009-12-03,0.9265
2009-12-04,0.9149
2009-12-07,0.9130
2009-12-08,0.9083
2009-12-09,0.9077
2009-12-10,0.9163
2009-12-11,0.9112
2009-12-14,0.9156
2009-12-15,0.9066
2009-12-16,0.9014
2009-12-17,0.8855
2009-12-18,0.8866
2009-12-21,0.8833
2009-12-22,0.8777
2009-12-23,0.8811
2009-12-24,0.8828
2009-12-25,.
2009-12-28,0.8875
2009-12-29,0.8969
2009-12-30,0.8945
2009-12-31,0.8979
2010-01-01,.
2010-01-04,0.9133
2010-01-05,0.9143
2010-01-06,0.9189
2010-01-07,0.9168
2010-01-08,0.9218
2010-01-11,0.9295
2010-01-12,0.9242
2010-01-13,0.9225
2010-01-14,0.9306
2010-01-15,0.9234
2010-01-18,.
2010-01-19,0.9232
2010-01-20,0.9085
2010-01-21,0.9053
2010-01-22,0.9050
2010-01-25,0.9030
2010-01-26,0.8949
2010-01-27,0.8967
2010-01-28,0.9024
2010-01-29,0.8873
2010-02-01,0.8877
2010-02-02,0.8843
2010-02-03,0.8818
2010-02-04,0.8646
2010-02-05,0.8617
2010-02-08,0.8693
2010-02-09,0.8772
2010-02-10,0.8740
2010-02-11,0.8886
2010-02-12,0.8839
2010-02-15,.
2010-02-16,0.8994
2010-02-17,0.8994
2010-02-18,0.8971
2010-02-19,0.8954
2010-02-22,0.8994
2010-02-23,0.8935
2010-02-24,0.8941
2010-02-25,0.8811
2010-02-26,0.8961
2010-03-01,0.9001
2010-03-02,0.9043
2010-03-03,0.9077
2010-03-04,0.8997
2010-03-05,0.9065
2010-03-08,0.9084
2010-03-09,0.9138
2010-03-10,0.9170
2010-03-11,0.9150
2010-03-12,0.9152
2010-03-15,0.9117
2010-03-16,0.9148
2010-03-17,0.9225
2010-03-18,0.9201
2010-03-19,0.9164
2010-03-22,0.9154
2010-03-23,0.9186
2010-03-24,0.9090
2010-03-25,0.9119
2010-03-26,0.9042
2010-03-29,0.9152
2010-03-30,0.9183
2010-03-31,0.9169
2010-04-01,0.9212
2010-04-02,0.9187
2010-04-05,0.9210
2010-04-06,0.9254
2010-04-07,0.9287
2010-04-08,0.9283
2010-04-09,0.9326
2010-04-12,0.9297
2010-04-13,0.9274
2010-04-14,0.9359
2010-04-15,0.9322
2010-04-16,0.9252
2010-04-19,0.9185
2010-04-20,0.9312
2010-04-21,0.9278
2010-04-22,0.9246
2010-04-23,0.9229
2010-04-26,0.9273
2010-04-27,0.9170
2010-04-28,0.9220
2010-04-29,0.9277
2010-04-30,0.9306
2010-05-03,0.9255
2010-05-04,0.9125
2010-05-05,0.9095
2010-05-06,0.8939
2010-05-07,0.8890
2010-05-10,0.9016
2010-05-11,0.8990
2010-05-12,0.8926
2010-05-13,0.8998
2010-05-14,0.8886
2010-05-17,0.8735
2010-05-18,0.8727
2010-05-19,0.8380
2010-05-20,0.8250
2010-05-21,0.8302
2010-05-24,0.8324
2010-05-25,0.8172
2010-05-26,0.8291
2010-05-27,0.8467
2010-05-28,0.8491
2010-05-31,.
2010-06-01,0.8396
2010-06-02,0.8355
2010-06-03,0.8420
2010-06-04,0.8279
2010-06-07,0.8192
2010-06-08,0.8232
2010-06-09,0.8337
2010-06-10,0.8469
2010-06-11,0.8493
2010-06-14,0.8634
2010-06-15,0.8616
2010-06-16,0.8648
2010-06-17,0.8648
2010-06-18,0.8699
2010-06-21,0.8818
2010-06-22,0.8791
2010-06-23,0.8739
2010-06-24,0.8671
2010-06-25,0.8682
2010-06-28,0.8738
2010-06-29,0.8525
2010-06-30,0.8480
2010-07-01,0.8380
2010-07-02,0.8432
2010-07-05,.
2010-07-06,0.8555
2010-07-07,0.8568
2010-07-08,0.8767
2010-07-09,0.8753
2010-07-12,0.8733
2010-07-13,0.8821
2010-07-14,0.8854
2010-07-15,0.8781
2010-07-16,0.8707
2010-07-19,0.8692
2010-07-20,0.8788
2010-07-21,0.8824
2010-07-22,0.8920
2010-07-23,0.8946
2010-07-26,0.8998
2010-07-27,0.9017
2010-07-28,0.8929
2010-07-29,0.8981
2010-07-30,0.9051
2010-08-02,0.9135
2010-08-03,0.9150
2010-08-04,0.9160
2010-08-05,0.9131
2010-08-06,0.9165
2010-08-09,0.9170
2010-08-10,0.9086
2010-08-11,0.9006
2010-08-12,0.8964
2010-08-13,0.8955
2010-08-16,0.8976
2010-08-17,0.9067
2010-08-18,0.8995
2010-08-19,0.8928
2010-08-20,0.8881
2010-08-23,0.8930
2010-08-24,0.8862
2010-08-25,0.8807
2010-08-26,0.8881
2010-08-27,0.8979
2010-08-30,0.8940
2010-08-31,0.8910
2010-09-01,0.9093
2010-09-02,0.9104
2010-09-03,0.9155
2010-09-06,.
2010-09-07,0.9143
2010-09-08,0.9185
2010-09-09,0.9248
2010-09-10,0.9258
2010-09-13,0.9359
2010-09-14,0.9436
2010-09-15,0.9397
2010-09-16,0.9351
2010-09-17,0.9378
2010-09-20,0.9479
2010-09-21,0.9475
2010-09-22,0.9536
2010-09-23,0.9538
2010-09-24,0.9584
2010-09-27,0.9622
2010-09-28,0.9673
2010-09-29,0.9714
2010-09-30,0.9640
2010-10-01,0.9710
2010-10-04,0.9666
2010-10-05,0.9699
2010-10-06,0.9781
2010-10-07,0.9815
2010-10-08,0.9866
2010-10-11,.
2010-10-12,0.9848
2010-10-13,0.9922
2010-10-14,0.9943
2010-10-15,0.9883
2010-10-18,0.9917
2010-10-19,0.9758
2010-10-20,0.9848
2010-10-21,0.9838
2010-10-22,0.9784
2010-10-25,0.9933
2010-10-26,0.9863
2010-10-27,0.9699
2010-10-28,0.9787
2010-10-29,0.9798
2010-11-01,0.9878
2010-11-02,0.9990
2010-11-03,0.9967
2010-11-04,1.0143
2010-11-05,1.0138
2010-11-08,1.0134
2010-11-09,1.0120
2010-11-10,1.0025
2010-11-11,.
2010-11-12,0.9906
2010-11-15,0.9904
2010-11-16,0.9755
2010-11-17,0.9821
2010-11-18,0.9890
2010-11-19,0.9846
2010-11-22,0.9867
2010-11-23,0.9730
2010-11-24,0.9822
2010-11-25,.
2010-11-26,0.9640
2010-11-29,0.9594
2010-11-30,0.9607
2010-12-01,0.9675
2010-12-02,0.9774
2010-12-03,0.9877
2010-12-06,0.9883
2010-12-07,0.9894
2010-12-08,0.9780
2010-12-09,0.9823
2010-12-10,0.9856
2010-12-13,0.9942
2010-12-14,0.9998
2010-12-15,0.9917
2010-12-16,0.9866
2010-12-17,0.9854
2010-12-20,0.9933
2010-12-21,0.9972
2010-12-22,1.0003
2010-12-23,1.0051
2010-12-24,.
2010-12-27,1.0026
2010-12-28,1.0112
2010-12-29,1.0153
2010-12-30,1.0122
2010-12-31,.
2011-01-03,1.0200
2011-01-04,1.0044
2011-01-05,1.0003
2011-01-06,0.9959
2011-01-07,0.9954
2011-01-10,0.9936
2011-01-11,0.9873
2011-01-12,0.9934
2011-01-13,1.0003
2011-01-14,0.9886
2011-01-17,.
2011-01-18,0.9980
2011-01-19,1.0030
2011-01-20,0.9868
2011-01-21,0.9892
2011-01-24,1.0001
2011-01-25,0.9910
2011-01-26,0.9948
2011-01-27,0.9907
2011-01-28,0.9926
2011-01-31,0.9976
2011-02-01,1.0122
2011-02-02,1.0062
2011-02-03,1.0143
2011-02-04,1.0139
2011-02-07,1.0139
2011-02-08,1.0176
2011-02-09,1.0095
2011-02-10,1.0061
2011-02-11,1.0001
2011-02-14,1.0024
2011-02-15,0.9989
2011-02-16,0.9984
2011-02-17,1.0116
2011-02-18,1.0144
2011-02-21,.
2011-02-22,0.9992
2011-02-23,1.0001
2011-02-24,1.0088
2011-02-25,1.0155
2011-02-28,1.0174
2011-03-01,1.0159
2011-03-02,1.0157
2011-03-03,1.0131
2011-03-04,1.0111
2011-03-07,1.0110
2011-03-08,1.0113
2011-03-09,1.0111
2011-03-10,1.0017
2011-03-11,1.0110
2011-03-14,1.0073
2011-03-15,0.9900
2011-03-16,0.9842
2011-03-17,0.9823
2011-03-18,0.9953
2011-03-21,1.0044
2011-03-22,1.0118
2011-03-23,1.0105
2011-03-24,1.0219
2011-03-25,1.0282
2011-03-28,1.0281
2011-03-29,1.0264
2011-03-30,1.0319
2011-03-31,1.0358
2011-04-01,1.0387
2011-04-04,1.0352
2011-04-05,1.0346
2011-04-06,1.0425
2011-04-07,1.0456
2011-04-08,1.0531
2011-04-11,1.0534
2011-04-12,1.0470
2011-04-13,1.0504
2011-04-14,1.0523
2011-04-15,1.0558
2011-04-18,1.0490
2011-04-19,1.0507
2011-04-20,1.0677
2011-04-21,1.0747
2011-04-22,1.0735
2011-04-25,1.0717
2011-04-26,1.0772
2011-04-27,1.0790
2011-04-28,1.0893
2011-04-29,1.0937
2011-05-02,1.0970
2011-05-03,1.0921
2011-05-04,1.0765
2011-05-05,1.0642
2011-05-06,1.0763
2011-05-09,1.0754
2011-05-10,1.0803
2011-05-11,1.0756
2011-05-12,1.0652
2011-05-13,1.0565
2011-05-16,1.0620
2011-05-17,1.0539
2011-05-18,1.0617
2011-05-19,1.0614
2011-05-20,1.0644
2011-05-23,1.0496
2011-05-24,1.0555
2011-05-25,1.0537
2011-05-26,1.0590
2011-05-27,1.0711
2011-05-30,.
2011-05-31,1.0660
2011-06-01,1.0716
2011-06-02,1.0617
2011-06-03,1.0714
2011-06-06,1.0737
2011-06-07,1.0713
2011-06-08,1.0635
2011-06-09,1.0642
2011-06-10,1.0567
2011-06-13,1.0562
2011-06-14,1.0691
2011-06-15,1.0621
2011-06-16,1.0541
2011-06-17,1.0620
2011-06-20,1.0587
2011-06-21,1.0598
2011-06-22,1.0633
2011-06-23,1.0484
2011-06-24,1.0523
2011-06-27,1.0439
2011-06-28,1.0521
2011-06-29,1.0673
2011-06-30,1.0732
2011-07-01,1.0754
2011-07-04,.
2011-07-05,1.0698
2011-07-06,1.0696
2011-07-07,1.0764
2011-07-08,1.0727
2011-07-11,1.0662
2011-07-12,1.0626
2011-07-13,1.0763
2011-07-14,1.0741
2011-07-15,1.0656
2011-07-18,1.0565
2011-07-19,1.0699
2011-07-20,1.0727
2011-07-21,1.0837
2011-07-22,1.0851
2011-07-25,1.0853
2011-07-26,1.0942
2011-07-27,1.1026
2011-07-28,1.1025
2011-07-29,1.1001
2011-08-01,1.0930
2011-08-02,1.0840
2011-08-03,1.0721
2011-08-04,1.0516
2011-08-05,1.0380
2011-08-08,1.0351
2011-08-09,1.0192
2011-08-10,1.0210
2011-08-11,1.0269
2011-08-12,1.0352
2011-08-15,1.0478
2011-08-16,1.0491
2011-08-17,1.0543
2011-08-18,1.0393
2011-08-19,1.0444
2011-08-22,1.0417
2011-08-23,1.0510
2011-08-24,1.0471
2011-08-25,1.0457
2011-08-26,1.0573
2011-08-29,1.0619
2011-08-30,1.0676
2011-08-31,1.0702
2011-09-01,1.0750
2011-09-02,1.0677
2011-09-05,.
2011-09-06,1.0510
2011-09-07,1.0614
2011-09-08,1.0630
2011-09-09,1.0446
2011-09-12,1.0312
2011-09-13,1.0320
2011-09-14,1.0234
2011-09-15,1.0313
2011-09-16,1.0380
2011-09-19,1.0217
2011-09-20,1.0293
2011-09-21,1.0209
2011-09-22,0.9764
2011-09-23,0.9784
2011-09-26,0.9751
2011-09-27,0.9962
2011-09-28,0.9895
2011-09-29,0.9818
2011-09-30,0.9744
2011-10-03,0.9647
2011-10-04,0.9453
2011-10-05,0.9624
2011-10-06,0.9699
2011-10-07,0.9843
2011-10-10,.
2011-10-11,0.9978
2011-10-12,1.0166
2011-10-13,1.0147
2011-10-14,1.0296
2011-10-17,1.0241
2011-10-18,1.0220
2011-10-19,1.0272
2011-10-20,1.0187
2011-10-21,1.0330
2011-10-24,1.0454
2011-10-25,1.0447
2011-10-26,1.0348
2011-10-27,1.0686
2011-10-28,1.0707
2011-10-31,1.0610
2011-11-01,1.0302
2011-11-02,1.0366
2011-11-03,1.0352
2011-11-04,1.0358
2011-11-07,1.0339
2011-11-08,1.0332
2011-11-09,1.0199
2011-11-10,1.0137
2011-11-11,.
2011-11-14,1.0193
2011-11-15,1.0144
2011-11-16,1.0137
2011-11-17,1.0056
2011-11-18,1.0036
2011-11-21,0.9842
2011-11-22,0.9831
2011-11-23,0.9686
2011-11-24,.
2011-11-25,0.9737
2011-11-28,0.9924
2011-11-29,1.0018
2011-11-30,1.0244
2011-12-01,1.0227
2011-12-02,1.0221
2011-12-05,1.0298
2011-12-06,1.0227
2011-12-07,1.0268
2011-12-08,1.0187
2011-12-09,1.0190
2011-12-12,1.0059
2011-12-13,1.0097
2011-12-14,0.9904
2011-12-15,0.9936
2011-12-16,0.9962
2011-12-19,0.9915
2011-12-20,1.0069
2011-12-21,1.0070
2011-12-22,1.0140
2011-12-23,1.0148
2011-12-26,.
2011-12-27,1.0160
2011-12-28,1.0092
2011-12-29,1.0134
2011-12-30,1.0251
2012-01-02,.
2012-01-03,1.0380
2012-01-04,1.0348
2012-01-05,1.0253
2012-01-06,1.0235
2012-01-09,1.0215
2012-01-10,1.0323
2012-01-11,1.0295
2012-01-12,1.0311
2012-01-13,1.0292
2012-01-16,.
2012-01-17,1.0395
2012-01-18,1.0395
2012-01-19,1.0417
2012-01-20,1.0471
2012-01-23,1.0534
2012-01-24,1.0470
2012-01-25,1.0481
2012-01-26,1.0651
2012-01-27,1.0645
2012-01-30,1.0590
2012-01-31,1.0598
2012-02-01,1.0700
2012-02-02,1.0718
2012-02-03,1.0762
2012-02-06,1.0743
2012-02-07,1.0798
2012-02-08,1.0785
2012-02-09,1.0806
2012-02-10,1.0676
2012-02-13,1.0741
2012-02-14,1.0691
2012-02-15,1.0742
2012-02-16,1.0759
2012-02-17,1.0695
2012-02-20,.
2012-02-21,1.0692
2012-02-22,1.0629
2012-02-23,1.0688
2012-02-24,1.0707
2012-02-27,1.0764
2012-02-28,1.0765
2012-02-29,1.0777
2012-03-01,1.0803
2012-03-02,1.0747
2012-03-05,1.0668
2012-03-06,1.0551
2012-03-07,1.0583
2012-03-08,1.0618
2012-03-09,1.0590
2012-03-12,1.0490
2012-03-13,1.0540
2012-03-14,1.0446
2012-03-15,1.0528
2012-03-16,1.0584
2012-03-19,1.0608
2012-03-20,1.0485
2012-03-21,1.0439
2012-03-22,1.0370
2012-03-23,1.0456
2012-03-26,1.0511
2012-03-27,1.0490
2012-03-28,1.0369
2012-03-29,1.0326
2012-03-30,1.0367
2012-04-02,1.0426
2012-04-03,1.0372
2012-04-04,1.0255
2012-04-05,1.0303
2012-04-06,1.0311
2012-04-09,1.0319
2012-04-10,1.0262
2012-04-11,1.0295
2012-04-12,1.0441
2012-04-13,1.0372
2012-04-16,1.0340
2012-04-17,1.0405
2012-04-18,1.0367
2012-04-19,1.0337
2012-04-20,1.0375
2012-04-23,1.0299
2012-04-24,1.0299
2012-04-25,1.0333
2012-04-26,1.0383
2012-04-27,1.0447
2012-04-30,1.0410
2012-05-01,1.0345
2012-05-02,1.0304
2012-05-03,1.0260
2012-05-04,1.0190
2012-05-07,1.0201
2012-05-08,1.0117
2012-05-09,1.0066
2012-05-10,1.0113
2012-05-11,1.0065
2012-05-14,0.9998
2012-05-15,0.9977
2012-05-16,0.9933
2012-05-17,0.9925
2012-05-18,0.9819
2012-05-21,0.9853
2012-05-22,0.9874
2012-05-23,0.9709
2012-05-24,0.9774
2012-05-25,0.9778
2012-05-28,.
2012-05-29,0.9825
2012-05-30,0.9733
2012-05-31,0.9711
2012-06-01,0.9688
2012-06-04,0.9719
2012-06-05,0.9722
2012-06-06,0.9905
2012-06-07,0.9936
2012-06-08,0.9869
2012-06-11,0.9925
2012-06-12,0.9925
2012-06-13,0.9973
2012-06-14,0.9989
2012-06-15,1.0057
2012-06-18,1.0088
2012-06-19,1.0196
2012-06-20,1.0194
2012-06-21,1.0095
2012-06-22,1.0059
2012-06-25,0.9981
2012-06-26,1.0046
2012-06-27,1.0071
2012-06-28,1.0025
2012-06-29,1.0236
2012-07-02,1.0239
2012-07-03,1.0294
2012-07-04,.
2012-07-05,1.0291
2012-07-06,1.0187
2012-07-09,1.0176
2012-07-10,1.0218
2012-07-11,1.0252
2012-07-12,1.0131
2012-07-13,1.0212
2012-07-16,1.0236
2012-07-17,1.0281
2012-07-18,1.0347
2012-07-19,1.0423
2012-07-20,1.0383
2012-07-23,1.0270
2012-07-24,1.0253
2012-07-25,1.0275
2012-07-26,1.0390
2012-07-27,1.0441
2012-07-30,1.0489
2012-07-31,1.0522
2012-08-01,1.0518
2012-08-02,1.0451
2012-08-03,1.0566
2012-08-06,1.0591
2012-08-07,1.0571
2012-08-08,1.0573
2012-08-09,1.0567
2012-08-10,1.0569
2012-08-13,1.0507
2012-08-14,1.0506
2012-08-15,1.0509
2012-08-16,1.0505
2012-08-17,1.0427
2012-08-20,1.0457
2012-08-21,1.0493
2012-08-22,1.0446
2012-08-23,1.0479
2012-08-24,1.0411
2012-08-27,1.0387
2012-08-28,1.0383
2012-08-29,1.0366
2012-08-30,1.0301
2012-08-31,1.0334
2012-09-03,.
2012-09-04,1.0230
2012-09-05,1.0195
2012-09-06,1.0288
2012-09-07,1.0390
2012-09-10,1.0363
2012-09-11,1.0442
2012-09-12,1.0453
2012-09-13,1.0449
2012-09-14,1.0561
2012-09-17,1.0490
2012-09-18,1.0446
2012-09-19,1.0480
2012-09-20,1.0410
2012-09-21,1.0469
2012-09-24,1.0417
2012-09-25,1.0445
2012-09-26,1.0357
2012-09-27,1.0440
2012-09-28,1.0388
2012-10-01,1.0374
2012-10-02,1.0292
2012-10-03,1.0218
2012-10-04,1.0229
2012-10-05,1.0218
2012-10-08,.
2012-10-09,1.0188
2012-10-10,1.0242
2012-10-11,1.0261
2012-10-12,1.0228
2012-10-15,1.0245
2012-10-16,1.0270
2012-10-17,1.0380
2012-10-18,1.0397
2012-10-19,1.0328
2012-10-22,1.0318
2012-10-23,1.0249
2012-10-24,1.0335
2012-10-25,1.0349
2012-10-26,1.0358
2012-10-29,1.0329
2012-10-30,1.0370
2012-10-31,1.0370
2012-11-01,1.0402
2012-11-02,1.0367
2012-11-05,1.0370
2012-11-06,1.0438
2012-11-07,1.0408
2012-11-08,1.0429
2012-11-09,1.0395
2012-11-12,.
2012-11-13,1.0434
2012-11-14,1.0397
2012-11-15,1.0315
2012-11-16,1.0318
2012-11-19,1.0406
2012-11-20,1.0383
2012-11-21,1.0344
2012-11-22,.
2012-11-23,1.0451
2012-11-26,1.0450
2012-11-27,1.0461
2012-11-28,1.0470
2012-11-29,1.0423
2012-11-30,1.0429
2012-12-03,1.0433
2012-12-04,1.0477
2012-12-05,1.0460
2012-12-06,1.0491
2012-12-07,1.0486
2012-12-10,1.0492
2012-12-11,1.0518
2012-12-12,1.0539
2012-12-13,1.0529
2012-12-14,1.0555
2012-12-17,1.0548
2012-12-18,1.0527
2012-12-19,1.0497
2012-12-20,1.0478
2012-12-21,1.0420
2012-12-24,1.0370
2012-12-25,.
2012-12-26,1.0350
2012-12-27,1.0360
2012-12-28,1.0384
2012-12-31,1.0393
2013-01-01,.
2013-01-02,1.0492
2013-01-03,1.0515
2013-01-04,1.0454
2013-01-07,1.0479
2013-01-08,1.0486
2013-01-09,1.0518
2013-01-10,1.0579
2013-01-11,1.0538
2013-01-14,1.0561
2013-01-15,1.0559
2013-01-16,1.0563
2013-01-17,1.0540
2013-01-18,1.0495
2013-01-21,.
2013-01-22,1.0557
2013-01-23,1.0555
2013-01-24,1.0467
2013-01-25,1.0421
2013-01-28,1.0401
2013-01-29,1.0466
2013-01-30,1.0422
2013-01-31,1.0433
2013-02-01,1.0412
2013-02-04,1.0422
2013-02-05,1.0389
2013-02-06,1.0322
2013-02-07,1.0285
2013-02-08,1.0319
2013-02-11,1.0286
2013-02-12,1.0308
2013-02-13,1.0345
2013-02-14,1.0349
2013-02-15,1.0304
2013-02-18,.
2013-02-19,1.0350
2013-02-20,1.0286
2013-02-21,1.0251
2013-02-22,1.0318
2013-02-25,1.0284
2013-02-26,1.0208
2013-02-27,1.0202
2013-02-28,1.0241
2013-03-01,1.0210
2013-03-04,1.0164
2013-03-05,1.0237
2013-03-06,1.0248
2013-03-07,1.0263
2013-03-08,1.0227
2013-03-11,1.0264
2013-03-12,1.0317
2013-03-13,1.0294
2013-03-14,1.0387
2013-03-15,1.0398
2013-03-18,1.0393
2013-03-19,1.0363
2013-03-20,1.0389
2013-03-21,1.0439
2013-03-22,1.0447
2013-03-25,1.0452
2013-03-26,1.0484
2013-03-27,1.0435
2013-03-28,1.0427
2013-03-29,1.0409
2013-04-01,1.0421
2013-04-02,1.0457
2013-04-03,1.0481
2013-04-04,1.0397
2013-04-05,1.0385
2013-04-08,1.0389
2013-04-09,1.0490
2013-04-10,1.0539
2013-04-11,1.0564
2013-04-12,1.0503
2013-04-15,1.0393
2013-04-16,1.0366
2013-04-17,1.0306
2013-04-18,1.0301
2013-04-19,1.0297
2013-04-22,1.0255
2013-04-23,1.0262
2013-04-24,1.0256
2013-04-25,1.0308
2013-04-26,1.0275
2013-04-29,1.0348
2013-04-30,1.0372
2013-05-01,1.0285
2013-05-02,1.0260
2013-05-03,1.0313
2013-05-06,1.0248
2013-05-07,1.0162
2013-05-08,1.0183
2013-05-09,1.0192
2013-05-10,0.9987
2013-05-13,0.9965
2013-05-14,0.9903
2013-05-15,0.9884
2013-05-16,0.9846
2013-05-17,0.9737
2013-05-20,0.9788
2013-05-21,0.9800
2013-05-22,0.9686
2013-05-23,0.9759
2013-05-24,0.9675
2013-05-27,.
2013-05-28,0.9642
2013-05-29,0.9632
2013-05-30,0.9662
2013-05-31,0.9608
2013-06-03,0.9770
2013-06-04,0.9640
2013-06-05,0.9533
2013-06-06,0.9592
2013-06-07,0.9494
2013-06-10,0.9469
2013-06-11,0.9421
2013-06-12,0.9513
2013-06-13,0.9601
2013-06-14,0.9587
2013-06-17,0.9541
2013-06-18,0.9493
2013-06-19,0.9536
2013-06-20,0.9188
2013-06-21,0.9191
2013-06-24,0.9236
2013-06-25,0.9248
2013-06-26,0.9291
2013-06-27,0.9282
2013-06-28,0.9165
2013-07-01,0.9247
2013-07-02,0.9158
2013-07-03,0.9087
2013-07-04,.
2013-07-05,0.9070
2013-07-08,0.9114
2013-07-09,0.9161
2013-07-10,0.9145
2013-07-11,0.9149
2013-07-12,0.9049
2013-07-15,0.9086
2013-07-16,0.9226
2013-07-17,0.9209
2013-07-18,0.9152
2013-07-19,0.9200
2013-07-22,0.9252
2013-07-23,0.9259
2013-07-24,0.9186
2013-07-25,0.9192
2013-07-26,0.9242
2013-07-29,0.9210
2013-07-30,0.9060
2013-07-31,0.8957
2013-08-01,0.8919
2013-08-02,0.8901
2013-08-05,0.8914
2013-08-06,0.8972
2013-08-07,0.9014
2013-08-08,0.9111
2013-08-09,0.9187
2013-08-12,0.9177
2013-08-13,0.9093
2013-08-14,0.9140
2013-08-15,0.9105
2013-08-16,0.9193
2013-08-19,0.9132
2013-08-20,0.9094
2013-08-21,0.9013
2013-08-22,0.9026
2013-08-23,0.9038
2013-08-26,0.9039
2013-08-27,0.8964
2013-08-28,0.8949
2013-08-29,0.8924
2013-08-30,0.8901
2013-09-02,.
2013-09-03,0.9055
2013-09-04,0.9187
2013-09-05,0.9132
2013-09-06,0.9205
2013-09-09,0.9233
2013-09-10,0.9289
2013-09-11,0.9312
2013-09-12,0.9271
2013-09-13,0.9243
2013-09-16,0.9331
2013-09-17,0.9364
2013-09-18,0.9344
2013-09-19,0.9444
2013-09-20,0.9397
2013-09-23,0.9444
2013-09-24,0.9404
2013-09-25,0.9386
2013-09-26,0.9354
2013-09-27,0.9324
2013-09-30,0.9342
2013-10-01,0.9387
2013-10-02,0.9366
2013-10-03,0.9382
2013-10-04,0.9443
2013-10-07,0.9436
2013-10-08,0.9449
2013-10-09,0.9434
2013-10-10,0.9466
2013-10-11,0.9473
2013-10-14,.
2013-10-15,0.9523
2013-10-16,0.9529
2013-10-17,0.9642
2013-10-18,0.9671
2013-10-21,0.9662
2013-10-22,0.9705
2013-10-23,0.9632
2013-10-24,0.9601
2013-10-25,0.9578
2013-10-28,0.9569
2013-10-29,0.9498
2013-10-30,0.9491
2013-10-31,0.9471
2013-11-01,0.9438
2013-11-04,0.9510
2013-11-05,0.9487
2013-11-06,0.9518
2013-11-07,0.9469
2013-11-08,0.9381
2013-11-11,.
2013-11-12,0.9290
2013-11-13,0.9324
2013-11-14,0.9321
2013-11-15,0.9365
2013-11-18,0.9400
2013-11-19,0.9412
2013-11-20,0.9369
2013-11-21,0.9249
2013-11-22,0.9163
2013-11-25,0.9148
2013-11-26,0.9120
2013-11-27,0.9072
2013-11-28,.
2013-11-29,0.9125
2013-12-02,0.9098
2013-12-03,0.9123
2013-12-04,0.9009
2013-12-05,0.9069
2013-12-06,0.9091
2013-12-09,0.9084
2013-12-10,0.9150
2013-12-11,0.9066
2013-12-12,0.8925
2013-12-13,0.8961
2013-12-16,0.8969
2013-12-17,0.8903
2013-12-18,0.8884
2013-12-19,0.8858
2013-12-20,0.8918
2013-12-23,0.8940
2013-12-24,0.8920
2013-12-25,.
2013-12-26,0.8885
2013-12-27,0.8886
2013-12-30,0.8922
2013-12-31,0.8929
2014-01-01,.
2014-01-02,0.8924
2014-01-03,0.8976
2014-01-06,0.8961
2014-01-07,0.8923
2014-01-08,0.8909
2014-01-09,0.8886
2014-01-10,0.8985
2014-01-13,0.9053
2014-01-14,0.8980
2014-01-15,0.8925
2014-01-16,0.8802
2014-01-17,0.8778
2014-01-20,.
2014-01-21,0.8801
2014-01-22,0.8839
2014-01-23,0.8774
2014-01-24,0.8715
2014-01-27,0.8735
2014-01-28,0.8770
2014-01-29,0.8763
2014-01-30,0.8771
2014-01-31,0.8743
2014-02-03,0.8777
2014-02-04,0.8935
2014-02-05,0.8911
2014-02-06,0.8967
2014-02-07,0.8959
2014-02-10,0.8944
2014-02-11,0.9045
2014-02-12,0.9028
2014-02-13,0.8979
2014-02-14,0.9023
2014-02-17,.
2014-02-18,0.9039
2014-02-19,0.9027
2014-02-20,0.8981
2014-02-21,0.8961
2014-02-24,0.9042
2014-02-25,0.9025
2014-02-26,0.8962
2014-02-27,0.8960
2014-02-28,0.8933
2014-03-03,0.8929
2014-03-04,0.8940
2014-03-05,0.8984
2014-03-06,0.9100
2014-03-07,0.9071
2014-03-10,0.9021
2014-03-11,0.9020
2014-03-12,0.8972
2014-03-13,0.9058
2014-03-14,0.9040
2014-03-17,0.9092
2014-03-18,0.9134
2014-03-19,0.9103
2014-03-20,0.9042
2014-03-21,0.9090
2014-03-24,0.9126
2014-03-25,0.9147
2014-03-26,0.9225
2014-03-27,0.9262
2014-03-28,0.9239
2014-03-31,0.9275
2014-04-01,0.9252
2014-04-02,0.9236
2014-04-03,0.9219
2014-04-04,0.9292
2014-04-07,0.9265
2014-04-08,0.9356
2014-04-09,0.9368
2014-04-10,0.9424
2014-04-11,0.9401
2014-04-14,0.9409
2014-04-15,0.9342
2014-04-16,0.9380
2014-04-17,0.9339
2014-04-18,0.9330
2014-04-21,0.9337
2014-04-22,0.9365
2014-04-23,0.9283
2014-04-24,0.9257
2014-04-25,0.9272
2014-04-28,0.9254
2014-04-29,0.9266
2014-04-30,0.9282
2014-05-01,0.9275
2014-05-02,0.9257
2014-05-05,0.9276
2014-05-06,0.9360
2014-05-07,0.9336
2014-05-08,0.9382
2014-05-09,0.9358
2014-05-12,0.9364
2014-05-13,0.9369
2014-05-14,0.9379
2014-05-15,0.9346
2014-05-16,0.9367
2014-05-19,0.9343
2014-05-20,0.9259
2014-05-21,0.9215
2014-05-22,0.9222
2014-05-23,0.9235
2014-05-26,.
2014-05-27,0.9240
2014-05-28,0.9227
2014-05-29,0.9289
2014-05-30,0.9298
2014-06-02,0.9250
2014-06-03,0.9255
2014-06-04,0.9269
2014-06-05,0.9321
2014-06-06,0.9328
2014-06-09,0.9347
2014-06-10,0.9365
2014-06-11,0.9391
2014-06-12,0.9430
2014-06-13,0.9396
2014-06-16,0.9400
2014-06-17,0.9340
2014-06-18,0.9340
2014-06-19,0.9406
2014-06-20,0.9387
2014-06-23,0.9417
2014-06-24,0.9380
2014-06-25,0.9398
2014-06-26,0.9405
2014-06-27,0.9413
2014-06-30,0.9427
2014-07-01,0.9488
2014-07-02,0.9444
2014-07-03,0.9358
2014-07-04,.
2014-07-07,0.9371
2014-07-08,0.9400
2014-07-09,0.9396
2014-07-10,0.9387
2014-07-11,0.9383
2014-07-14,0.9392
2014-07-15,0.9366
2014-07-16,0.9362
2014-07-17,0.9372
2014-07-18,0.9386
2014-07-21,0.9377
2014-07-22,0.9388
2014-07-23,0.9450
2014-07-24,0.9419
2014-07-25,0.9404
2014-07-28,0.9410
2014-07-29,0.9378
2014-07-30,0.9315
2014-07-31,0.9301
2014-08-01,0.9304
2014-08-04,0.9328
2014-08-05,0.9301
2014-08-06,0.9327
2014-08-07,0.9283
2014-08-08,0.9277
2014-08-11,0.9263
2014-08-12,0.9270
2014-08-13,0.9302
2014-08-14,0.9322
2014-08-15,0.9306
2014-08-18,0.9330
2014-08-19,0.9311
2014-08-20,0.9306
2014-08-21,0.9302
2014-08-22,0.9309
2014-08-25,0.9296
2014-08-26,0.9320
2014-08-27,0.9335
2014-08-28,0.9352
2014-08-29,0.9344
2014-09-01,.
2014-09-02,0.9276
2014-09-03,0.9341
2014-09-04,0.9361
2014-09-05,0.9376
2014-09-08,0.9300
2014-09-09,0.9207
2014-09-10,0.9153
2014-09-11,0.9115
2014-09-12,0.9047
2014-09-15,0.9027
2014-09-16,0.9096
2014-09-17,0.9028
2014-09-18,0.8984
2014-09-19,0.8935
2014-09-22,0.8876
2014-09-23,0.8853
2014-09-24,0.8870
2014-09-25,0.8796
2014-09-26,0.8761
2014-09-29,0.8738
2014-09-30,0.8737
2014-10-01,0.8734
2014-10-02,0.8793
2014-10-03,0.8675
2014-10-06,0.8747
2014-10-07,0.8808
2014-10-08,0.8751
2014-10-09,0.8778
2014-10-10,0.8719
2014-10-13,.
2014-10-14,0.8727
2014-10-15,0.8794
2014-10-16,0.8766
2014-10-17,0.8761
2014-10-20,0.8786
2014-10-21,0.8797
2014-10-22,0.8793
2014-10-23,0.8773
2014-10-24,0.8812
2014-10-27,0.8799
2014-10-28,0.8848
2014-10-29,0.8904
2014-10-30,0.8825
2014-10-31,0.8791
2014-11-03,0.8701
2014-11-04,0.8729
2014-11-05,0.8592
2014-11-06,0.8580
2014-11-07,0.8620
2014-11-10,0.8625
2014-11-11,.
2014-11-12,0.8735
2014-11-13,0.8730
2014-11-14,0.8737
2014-11-17,0.8718
2014-11-18,0.8726
2014-11-19,0.8623
2014-11-20,0.8610
2014-11-21,0.8674
2014-11-24,0.8615
2014-11-25,0.8520
2014-11-26,0.8534
2014-11-27,.
2014-11-28,0.8524
2014-12-01,0.8521
2014-12-02,0.8457
2014-12-03,0.8417
2014-12-04,0.8405
2014-12-05,0.8330
2014-12-08,0.8296
2014-12-09,0.8341
2014-12-10,0.8305
2014-12-11,0.8265
2014-12-12,0.8268
2014-12-15,0.8232
2014-12-16,0.8220
2014-12-17,0.8173
2014-12-18,0.8168
2014-12-19,0.8128
2014-12-22,0.8141
2014-12-23,0.8097
2014-12-24,0.8109
2014-12-25,.
2014-12-26,.
2014-12-29,0.8146
2014-12-30,0.8199
2014-12-31,0.8173
2015-01-01,.
2015-01-02,0.8118
2015-01-05,0.8095
2015-01-06,0.8118
2015-01-07,0.8049
2015-01-08,0.8126
2015-01-09,0.8191
2015-01-12,0.8165
2015-01-13,0.8164
2015-01-14,0.8163
2015-01-15,0.8212
2015-01-16,0.8194
2015-01-19,.
2015-01-20,0.8177
2015-01-21,0.8101
2015-01-22,0.8099
2015-01-23,0.7935
2015-01-26,0.7934
2015-01-27,0.7939
2015-01-28,0.7973
2015-01-29,0.7758
2015-01-30,0.7762
2015-02-02,0.7818
2015-02-03,0.7737
2015-02-04,0.7761
2015-02-05,0.7803
2015-02-06,0.7807
2015-02-09,0.7813
2015-02-10,0.7781
2015-02-11,0.7713
2015-02-12,0.7763
2015-02-13,0.7772
2015-02-16,.
2015-02-17,0.7816
2015-02-18,0.7778
2015-02-19,0.7810
2015-02-20,0.7833
2015-02-23,0.7807
2015-02-24,0.7808
2015-02-25,0.7898
2015-02-26,0.7816
2015-02-27,0.7810
2015-03-02,0.7780
2015-03-03,0.7840
2015-03-04,0.7821
2015-03-05,0.7763
2015-03-06,0.7712
2015-03-09,0.7716
2015-03-10,0.7637
2015-03-11,0.7582
2015-03-12,0.7705
2015-03-13,0.7631
2015-03-16,0.7656
2015-03-17,0.7615
2015-03-18,0.7653
2015-03-19,0.7618
2015-03-20,0.7759
2015-03-23,0.7848
2015-03-24,0.7869
2015-03-25,0.7856
2015-03-26,0.7836
2015-03-27,0.7754
2015-03-30,0.7645
2015-03-31,0.7625
2015-04-01,0.7615
2015-04-02,0.7566
2015-04-03,0.7645
2015-04-06,0.7657
2015-04-07,0.7646
2015-04-08,0.7715
2015-04-09,0.7706
2015-04-10,0.7674
2015-04-13,0.7579
2015-04-14,0.7638
2015-04-15,0.7610
2015-04-16,0.7796
2015-04-17,0.7776
2015-04-20,0.7727
2015-04-21,0.7741
2015-04-22,0.7771
2015-04-23,0.7782
2015-04-24,0.7825
2015-04-27,0.7859
2015-04-28,0.8017
2015-04-29,0.8065
2015-04-30,0.7867
2015-05-01,0.7813
2015-05-04,0.7839
2015-05-05,0.7941
2015-05-06,0.8005
2015-05-07,0.7914
2015-05-08,0.7914
2015-05-11,0.7899
2015-05-12,0.7989
2015-05-13,0.8118
2015-05-14,0.8082
2015-05-15,0.8053
2015-05-18,0.8001
2015-05-19,0.7918
2015-05-20,0.7877
2015-05-21,0.7888
2015-05-22,0.7828
2015-05-25,.
2015-05-26,0.7738
2015-05-27,0.7712
2015-05-28,0.7631
2015-05-29,0.7659
2015-06-01,0.7613
2015-06-02,0.7748
2015-06-03,0.7803
2015-06-04,0.7673
2015-06-05,0.7622
2015-06-08,0.7650
2015-06-09,0.7685
2015-06-10,0.7749
2015-06-11,0.7726
2015-06-12,0.7742
2015-06-15,0.7767
2015-06-16,0.7753
2015-06-17,0.7667
2015-06-18,0.7831
2015-06-19,0.7758
2015-06-22,0.7745
2015-06-23,0.7739
2015-06-24,0.7689
2015-06-25,0.7741
2015-06-26,0.7650
2015-06-29,0.7677
2015-06-30,0.7704
2015-07-01,0.7664
2015-07-02,0.7630
2015-07-03,.
2015-07-06,0.7521
2015-07-07,0.7435
2015-07-08,0.7445
2015-07-09,0.7438
2015-07-10,0.7427
2015-07-13,0.7407
2015-07-14,0.7450
2015-07-15,0.7366
2015-07-16,0.7430
2015-07-17,0.7371
2015-07-20,0.7380
2015-07-21,0.7429
2015-07-22,0.7368
2015-07-23,0.7375
2015-07-24,0.7279
2015-07-27,0.7304
2015-07-28,0.7325
2015-07-29,0.7307
2015-07-30,0.7278
2015-07-31,0.7332
2015-08-03,0.7277
2015-08-04,0.7419
2015-08-05,0.7346
2015-08-06,0.7343
2015-08-07,0.7393
2015-08-10,0.7404
2015-08-11,0.7288
2015-08-12,0.7375
2015-08-13,0.7361
2015-08-14,0.7376
2015-08-17,0.7386
2015-08-18,0.7334
2015-08-19,0.7316
2015-08-20,0.7357
2015-08-21,0.7343
2015-08-24,0.7202
2015-08-25,0.7183
2015-08-26,0.7087
2015-08-27,0.7179
2015-08-28,0.7129
2015-08-31,0.7100
2015-09-01,0.7036
2015-09-02,0.7011
2015-09-03,0.7025
2015-09-04,0.6917
2015-09-07,.
2015-09-08,0.7023
2015-09-09,0.7024
2015-09-10,0.7086
2015-09-11,0.7074
2015-09-14,0.7137
2015-09-15,0.7092
2015-09-16,0.7186
2015-09-17,0.7147
2015-09-18,0.7222
2015-09-21,0.7125
2015-09-22,0.7078
2015-09-23,0.7004
2015-09-24,0.6998
2015-09-25,0.7014
2015-09-28,0.7005
2015-09-29,0.7007
2015-09-30,0.7020
2015-10-01,0.7044
2015-10-02,0.7025
2015-10-05,0.7088
2015-10-06,0.7143
2015-10-07,0.7213
2015-10-08,0.7225
2015-10-09,0.7328
2015-10-12,.
2015-10-13,0.7283
2015-10-14,0.7256
2015-10-15,0.7316
2015-10-16,0.7261
2015-10-19,0.7254
2015-10-20,0.7256
2015-10-21,0.7226
2015-10-22,0.7220
2015-10-23,0.7215
2015-10-26,0.7262
2015-10-27,0.7233
2015-10-28,0.7143
2015-10-29,0.7081
2015-10-30,0.7133
2015-11-02,0.7141
2015-11-03,0.7173
2015-11-04,0.7148
2015-11-05,0.7148
2015-11-06,0.7034
2015-11-09,0.7046
2015-11-10,0.7030
2015-11-11,.
2015-11-12,0.7116
2015-11-13,0.7118
2015-11-16,0.7085
2015-11-17,0.7115
2015-11-18,0.7078
2015-11-19,0.7208
2015-11-20,0.7233
2015-11-23,0.7188
2015-11-24,0.7241
2015-11-25,0.7246
2015-11-26,.
2015-11-27,0.7192
2015-11-30,0.7235
2015-12-01,0.7320
2015-12-02,0.7309
2015-12-03,0.7310
2015-12-04,0.7346
2015-12-07,0.7268
2015-12-08,0.7211
2015-12-09,0.7204
2015-12-10,0.7299
2015-12-11,0.7214
2015-12-14,0.7258
2015-12-15,0.7176
2015-12-16,0.7207
2015-12-17,0.7100
2015-12-18,0.7197
2015-12-21,0.7172
2015-12-22,0.7231
2015-12-23,0.7221
2015-12-24,0.7269
2015-12-25,.
2015-12-28,0.7262
2015-12-29,0.7293
2015-12-30,0.7284
2015-12-31,0.7286
2016-01-01,.
2016-01-04,0.7166
2016-01-05,0.7151
2016-01-06,0.7070
2016-01-07,0.7025
2016-01-08,0.6976
2016-01-11,0.6992
2016-01-12,0.6975
2016-01-13,0.6996
2016-01-14,0.6980
2016-01-15,0.6864
2016-01-18,.
2016-01-19,0.6929
2016-01-20,0.6855
2016-01-21,0.7003
2016-01-22,0.7014
2016-01-25,0.6970
2016-01-26,0.7005
2016-01-27,0.7074
2016-01-28,0.7085
2016-01-29,0.7071
2016-02-01,0.7084
2016-02-02,0.7058
2016-02-03,0.7134
2016-02-04,0.7216
2016-02-05,0.7084
2016-02-08,0.7103
2016-02-09,0.7065
2016-02-10,0.7089
2016-02-11,0.7096
2016-02-12,0.7098
2016-02-15,.
2016-02-16,0.7103
2016-02-17,0.7168
2016-02-18,0.7150
2016-02-19,0.7125
2016-02-22,0.7238
2016-02-23,0.7209
2016-02-24,0.7177
2016-02-25,0.7208
2016-02-26,0.7130
2016-02-29,0.7152
2016-03-01,0.7172
2016-03-02,0.7268
2016-03-03,0.7360
2016-03-04,0.7425
2016-03-07,0.7467
2016-03-08,0.7451
2016-03-09,0.7528
2016-03-10,0.7444
2016-03-11,0.7572
2016-03-14,0.7515
2016-03-15,0.7465
2016-03-16,0.7435
2016-03-17,0.7637
2016-03-18,0.7618
2016-03-21,0.7594
2016-03-22,0.7625
2016-03-23,0.7533
2016-03-24,0.7516
2016-03-25,0.7518
2016-03-28,0.7549
2016-03-29,0.7567
2016-03-30,0.7667
2016-03-31,0.7677
2016-04-01,0.7672
2016-04-04,0.7614
2016-04-05,0.7519
2016-04-06,0.7613
2016-04-07,0.7504
2016-04-08,0.7554
2016-04-11,0.7599
2016-04-12,0.7659
2016-04-13,0.7649
2016-04-14,0.7705
2016-04-15,0.7717
2016-04-18,0.7746
2016-04-19,0.7806
2016-04-20,0.7817
2016-04-21,0.7758
2016-04-22,0.7713
2016-04-25,0.7717
2016-04-26,0.7741
2016-04-27,0.7594
2016-04-28,0.7635
2016-04-29,0.7612
2016-05-02,0.7641
2016-05-03,0.7492
2016-05-04,0.7454
2016-05-05,0.7465
2016-05-06,0.7358
2016-05-09,0.7323
2016-05-10,0.7351
2016-05-11,0.7398
2016-05-12,0.7314
2016-05-13,0.7273
2016-05-16,0.7300
2016-05-17,0.7352
2016-05-18,0.7285
2016-05-19,0.7213
2016-05-20,0.7215
2016-05-23,0.7203
2016-05-24,0.7184
2016-05-25,0.7186
2016-05-26,0.7227
2016-05-27,0.7205
2016-05-30,.
2016-05-31,0.7242
2016-06-01,0.7242
2016-06-02,0.7225
2016-06-03,0.7339
2016-06-06,0.7362
2016-06-07,0.7452
2016-06-08,0.7479
2016-06-09,0.7431
2016-06-10,0.7395
2016-06-13,0.7394
2016-06-14,0.7360
2016-06-15,0.7404
2016-06-16,0.7312
2016-06-17,0.7385
2016-06-20,0.7458
2016-06-21,0.7461
2016-06-22,0.7491
2016-06-23,0.7598
2016-06-24,0.7451
2016-06-27,0.7357
2016-06-28,0.7353
2016-06-29,0.7444
2016-06-30,0.7432
2016-07-01,0.7485
2016-07-04,.
2016-07-05,0.7456
2016-07-06,0.7511
2016-07-07,0.7488
2016-07-08,0.7559
2016-07-11,0.7534
2016-07-12,0.7631
2016-07-13,0.7624
2016-07-14,0.7632
2016-07-15,0.7587
2016-07-18,0.7597
2016-07-19,0.7496
2016-07-20,0.7486
2016-07-21,0.7497
2016-07-22,0.7453
2016-07-25,0.7458
2016-07-26,0.7516
2016-07-27,0.7460
2016-07-28,0.7511
2016-07-29,0.7599
2016-08-01,0.7567
2016-08-02,0.7611
2016-08-03,0.7592
2016-08-04,0.7637
2016-08-05,0.7615
2016-08-08,0.7656
2016-08-09,0.7677
2016-08-10,0.7717
2016-08-11,0.7710
2016-08-12,0.7669
2016-08-15,0.7687
2016-08-16,0.7697
2016-08-17,0.7619
2016-08-18,0.7684
2016-08-19,0.7620
2016-08-22,0.7629
2016-08-23,0.7632
2016-08-24,0.7605
2016-08-25,0.7611
2016-08-26,0.7614
2016-08-29,0.7576
2016-08-30,0.7516
2016-08-31,0.7519
2016-09-01,0.7542
2016-09-02,0.7557
2016-09-05,.
2016-09-06,0.7674
2016-09-07,0.7675
2016-09-08,0.7666
2016-09-09,0.7549
2016-09-12,0.7526
2016-09-13,0.7470
2016-09-14,0.7485
2016-09-15,0.7512
2016-09-16,0.7489
2016-09-19,0.7560
2016-09-20,0.7552
2016-09-21,0.7589
2016-09-22,0.7644
2016-09-23,0.7621
2016-09-26,0.7642
2016-09-27,0.7658
2016-09-28,0.7659
2016-09-29,0.7676
2016-09-30,0.7667
2016-10-03,0.7664
2016-10-04,0.7644
2016-10-05,0.7618
2016-10-06,0.7580
2016-10-07,0.7556
2016-10-10,.
2016-10-11,0.7545
2016-10-12,0.7553
2016-10-13,0.7558
2016-10-14,0.7610
2016-10-17,0.7626
2016-10-18,0.7679
2016-10-19,0.7715
2016-10-20,0.7640
2016-10-21,0.7597
2016-10-24,0.7603
2016-10-25,0.7652
2016-10-26,0.7657
2016-10-27,0.7606
2016-10-28,0.7578
2016-10-31,0.7611
2016-11-01,0.7659
2016-11-02,0.7667
2016-11-03,0.7681
2016-11-04,0.7669
2016-11-07,0.7700
2016-11-08,0.7733
2016-11-09,0.7674
2016-11-10,0.7590
2016-11-11,.
2016-11-14,0.7532
2016-11-15,0.7540
2016-11-16,0.7492
2016-11-17,0.7455
2016-11-18,0.7345
2016-11-21,0.7357
2016-11-22,0.7388
2016-11-23,0.7391
2016-11-24,.
2016-11-25,0.7425
2016-11-28,0.7478
2016-11-29,0.7469
2016-11-30,0.7387
2016-12-01,0.7411
2016-12-02,0.7445
2016-12-05,0.7476
2016-12-06,0.7454
2016-12-07,0.7479
2016-12-08,0.7448
2016-12-09,0.7442
2016-12-12,0.7486
2016-12-13,0.7494
2016-12-14,0.7512
2016-12-15,0.7343
2016-12-16,0.7298
2016-12-19,0.7264
2016-12-20,0.7252
2016-12-21,0.7244
2016-12-22,0.7216
2016-12-23,0.7174
2016-12-26,.
2016-12-27,0.7189
2016-12-28,0.7185
2016-12-29,0.7220
2016-12-30,0.7230
2017-01-02,.
2017-01-03,0.7231
2017-01-04,0.7270
2017-01-05,0.7334
2017-01-06,0.7305
2017-01-09,0.7364
2017-01-10,0.7370
2017-01-11,0.7400
2017-01-12,0.7508
2017-01-13,0.7481
2017-01-16,.
2017-01-17,0.7540
2017-01-18,0.7553
2017-01-19,0.7545
2017-01-20,.
2017-01-23,0.7564
2017-01-24,0.7584
2017-01-25,0.7565
2017-01-26,0.7531
2017-01-27,0.7549
2017-01-30,0.7556
2017-01-31,0.7582
2017-02-01,0.7564
2017-02-02,0.7673
2017-02-03,0.7686
