DATE,DEXUSUK
2007-02-05,1.9600
2007-02-06,1.9693
2007-02-07,1.9699
2007-02-08,1.9586
2007-02-09,1.9512
2007-02-12,1.9474
2007-02-13,1.9443
2007-02-14,1.9628
2007-02-15,1.9532
2007-02-16,1.9499
2007-02-19,.
2007-02-20,1.9547
2007-02-21,1.9524
2007-02-22,1.9571
2007-02-23,1.9639
2007-02-26,1.9631
2007-02-27,1.9661
2007-02-28,1.9613
2007-03-01,1.9579
2007-03-02,1.9458
2007-03-05,1.9235
2007-03-06,1.9270
2007-03-07,1.9315
2007-03-08,1.9300
2007-03-09,1.9318
2007-03-12,1.9291
2007-03-13,1.9322
2007-03-14,1.9337
2007-03-15,1.9365
2007-03-16,1.9423
2007-03-19,1.9460
2007-03-20,1.9580
2007-03-21,1.9596
2007-03-22,1.9672
2007-03-23,1.9632
2007-03-26,1.9694
2007-03-27,1.9664
2007-03-28,1.9611
2007-03-29,1.9627
2007-03-30,1.9685
2007-04-02,1.9786
2007-04-03,1.9781
2007-04-04,1.9756
2007-04-05,1.9708
2007-04-06,1.9655
2007-04-09,1.9608
2007-04-10,1.9718
2007-04-11,1.9786
2007-04-12,1.9769
2007-04-13,1.9829
2007-04-16,1.9907
2007-04-17,2.0061
2007-04-18,2.0041
2007-04-19,2.0029
2007-04-20,2.0047
2007-04-23,2.0017
2007-04-24,2.0028
2007-04-25,2.0042
2007-04-26,1.9903
2007-04-27,1.9985
2007-04-30,2.0000
2007-05-01,1.9993
2007-05-02,1.9910
2007-05-03,1.9878
2007-05-04,1.9931
2007-05-07,1.9944
2007-05-08,1.9902
2007-05-09,1.9963
2007-05-10,1.9833
2007-05-11,1.9824
2007-05-14,1.9803
2007-05-15,1.9862
2007-05-16,1.9774
2007-05-17,1.9748
2007-05-18,1.9755
2007-05-21,1.9695
2007-05-22,1.9768
2007-05-23,1.9879
2007-05-24,1.9852
2007-05-25,1.9845
2007-05-28,.
2007-05-29,1.9814
2007-05-30,1.9747
2007-05-31,1.9797
2007-06-01,1.9804
2007-06-04,1.9922
2007-06-05,1.9941
2007-06-06,1.9915
2007-06-07,1.9798
2007-06-08,1.9657
2007-06-11,1.9686
2007-06-12,1.9750
2007-06-13,1.9728
2007-06-14,1.9696
2007-06-15,1.9765
2007-06-18,1.9822
2007-06-19,1.9884
2007-06-20,1.9937
2007-06-21,1.9924
2007-06-22,1.9975
2007-06-25,1.9962
2007-06-26,1.9997
2007-06-27,1.9965
2007-06-28,2.0022
2007-06-29,2.0063
2007-07-02,2.0161
2007-07-03,2.0168
2007-07-04,.
2007-07-05,2.0114
2007-07-06,2.0119
2007-07-09,2.0166
2007-07-10,2.0248
2007-07-11,2.0320
2007-07-12,2.0288
2007-07-13,2.0344
2007-07-16,2.0374
2007-07-17,2.0455
2007-07-18,2.0534
2007-07-19,2.0490
2007-07-20,2.0566
2007-07-23,2.0585
2007-07-24,2.0626
2007-07-25,2.0511
2007-07-26,2.0488
2007-07-27,2.0290
2007-07-30,2.0238
2007-07-31,2.0364
2007-08-01,2.0309
2007-08-02,2.0346
2007-08-03,2.0426
2007-08-06,2.0293
2007-08-07,2.0202
2007-08-08,2.0368
2007-08-09,2.0271
2007-08-10,2.0219
2007-08-13,2.0123
2007-08-14,2.0000
2007-08-15,1.9923
2007-08-16,1.9829
2007-08-17,1.9828
2007-08-20,1.9830
2007-08-21,1.9813
2007-08-22,1.9916
2007-08-23,2.0035
2007-08-24,2.0099
2007-08-27,2.0134
2007-08-28,2.0065
2007-08-29,2.0182
2007-08-30,2.0160
2007-08-31,2.0165
2007-09-03,2.0165
2007-09-04,2.0109
2007-09-05,2.0221
2007-09-06,2.0242
2007-09-07,2.0283
2007-09-10,2.0288
2007-09-11,2.0319
2007-09-12,2.0314
2007-09-13,2.0278
2007-09-14,2.0067
2007-09-17,1.9920
2007-09-18,1.9973
2007-09-19,1.9983
2007-09-20,2.0132
2007-09-21,2.0208
2007-09-24,2.0222
2007-09-25,2.0169
2007-09-26,2.0159
2007-09-27,2.0235
2007-09-28,2.0389
2007-10-01,2.0436
2007-10-02,2.0417
2007-10-03,2.0369
2007-10-04,2.0392
2007-10-05,2.0436
2007-10-08,2.0436
2007-10-09,2.0331
2007-10-10,2.0432
2007-10-11,2.0342
2007-10-12,2.0340
2007-10-15,2.0419
2007-10-16,2.0327
2007-10-17,2.0387
2007-10-18,2.0457
2007-10-19,2.0484
2007-10-22,2.0279
2007-10-23,2.0495
2007-10-24,2.0491
2007-10-25,2.0485
2007-10-26,2.0514
2007-10-29,2.0609
2007-10-30,2.0671
2007-10-31,2.0777
2007-11-01,2.0818
2007-11-02,2.0820
2007-11-05,2.0799
2007-11-06,2.0859
2007-11-07,2.1045
2007-11-08,2.1104
2007-11-09,2.0911
2007-11-12,.
2007-11-13,2.0729
2007-11-14,2.0586
2007-11-15,2.0483
2007-11-16,2.0480
2007-11-19,2.0478
2007-11-20,2.0652
2007-11-21,2.0585
2007-11-22,2.0585
2007-11-23,2.0564
2007-11-26,2.0681
2007-11-27,2.0653
2007-11-28,2.0688
2007-11-29,2.0642
2007-11-30,2.0567
2007-12-03,2.0658
2007-12-04,2.0577
2007-12-05,2.0288
2007-12-06,2.0289
2007-12-07,2.0289
2007-12-10,2.0457
2007-12-11,2.0387
2007-12-12,2.0494
2007-12-13,2.0395
2007-12-14,2.0197
2007-12-17,2.0168
2007-12-18,2.0140
2007-12-19,1.9931
2007-12-20,1.9821
2007-12-21,1.9833
2007-12-24,1.9774
2007-12-25,.
2007-12-26,1.9833
2007-12-27,1.9907
2007-12-28,1.9929
2007-12-31,1.9843
2008-01-01,.
2008-01-02,1.9824
2008-01-03,1.9733
2008-01-04,1.9757
2008-01-07,1.9703
2008-01-08,1.9731
2008-01-09,1.9564
2008-01-10,1.9565
2008-01-11,1.9592
2008-01-14,1.9583
2008-01-15,1.9671
2008-01-16,1.9638
2008-01-17,1.9744
2008-01-18,1.9529
2008-01-21,.
2008-01-22,1.9577
2008-01-23,1.9515
2008-01-24,1.9733
2008-01-25,1.9802
2008-01-28,1.9857
2008-01-29,1.9857
2008-01-30,1.9880
2008-01-31,1.9895
2008-02-01,1.9687
2008-02-04,1.9777
2008-02-05,1.9626
2008-02-06,1.9604
2008-02-07,1.9420
2008-02-08,1.9473
2008-02-11,1.9486
2008-02-12,1.9622
2008-02-13,1.9618
2008-02-14,1.9708
2008-02-15,1.9613
2008-02-18,.
2008-02-19,1.9511
2008-02-20,1.9405
2008-02-21,1.9614
2008-02-22,1.9668
2008-02-25,1.9668
2008-02-26,1.9747
2008-02-27,1.9923
2008-02-28,1.9879
2008-02-29,1.9864
2008-03-03,1.9850
2008-03-04,1.9854
2008-03-05,1.9939
2008-03-06,2.0073
2008-03-07,2.0128
2008-03-10,2.0166
2008-03-11,2.0041
2008-03-12,2.0211
2008-03-13,2.0311
2008-03-14,2.0294
2008-03-17,2.0008
2008-03-18,2.0216
2008-03-19,1.9858
2008-03-20,1.9823
2008-03-21,1.9826
2008-03-24,1.9852
2008-03-25,1.9997
2008-03-26,2.0019
2008-03-27,2.0097
2008-03-28,1.9890
2008-03-31,1.9855
2008-04-01,1.9774
2008-04-02,1.9827
2008-04-03,1.9961
2008-04-04,1.9947
2008-04-07,1.9855
2008-04-08,1.9690
2008-04-09,1.9726
2008-04-10,1.9742
2008-04-11,1.9707
2008-04-14,1.9816
2008-04-15,1.9627
2008-04-16,1.9756
2008-04-17,1.9908
2008-04-18,1.9965
2008-04-21,1.9813
2008-04-22,1.9994
2008-04-23,1.9786
2008-04-24,1.9716
2008-04-25,1.9833
2008-04-28,1.9908
2008-04-29,1.9747
2008-04-30,1.9847
2008-05-01,1.9749
2008-05-02,1.9756
2008-05-05,1.9679
2008-05-06,1.9747
2008-05-07,1.9522
2008-05-08,1.9543
2008-05-09,1.9486
2008-05-12,1.9616
2008-05-13,1.9470
2008-05-14,1.9451
2008-05-15,1.9488
2008-05-16,1.9580
2008-05-19,1.9472
2008-05-20,1.9705
2008-05-21,1.9669
2008-05-22,1.9785
2008-05-23,1.9818
2008-05-26,.
2008-05-27,1.9751
2008-05-28,1.9806
2008-05-29,1.9759
2008-05-30,1.9793
2008-06-02,1.9666
2008-06-03,1.9650
2008-06-04,1.9548
2008-06-05,1.9563
2008-06-06,1.9695
2008-06-09,1.9758
2008-06-10,1.9543
2008-06-11,1.9646
2008-06-12,1.9467
2008-06-13,1.9496
2008-06-16,1.9637
2008-06-17,1.9544
2008-06-18,1.9570
2008-06-19,1.9729
2008-06-20,1.9737
2008-06-23,1.9609
2008-06-24,1.9707
2008-06-25,1.9672
2008-06-26,1.9873
2008-06-27,1.9938
2008-06-30,1.9906
2008-07-01,1.9930
2008-07-02,1.9925
2008-07-03,1.9825
2008-07-04,.
2008-07-07,1.9697
2008-07-08,1.9685
2008-07-09,1.9812
2008-07-10,1.9777
2008-07-11,1.9895
2008-07-14,1.9925
2008-07-15,2.0036
2008-07-16,1.9995
2008-07-17,2.0038
2008-07-18,1.9985
2008-07-21,1.9979
2008-07-22,1.9941
2008-07-23,2.0021
2008-07-24,1.9832
2008-07-25,1.9880
2008-07-28,1.9943
2008-07-29,1.9805
2008-07-30,1.9810
2008-07-31,1.9806
2008-08-01,1.9743
2008-08-04,1.9606
2008-08-05,1.9532
2008-08-06,1.9479
2008-08-07,1.9439
2008-08-08,1.9193
2008-08-11,1.9144
2008-08-12,1.9005
2008-08-13,1.8682
2008-08-14,1.8715
2008-08-15,1.8651
2008-08-18,1.8673
2008-08-19,1.8655
2008-08-20,1.8603
2008-08-21,1.8758
2008-08-22,1.8544
2008-08-25,1.8587
2008-08-26,1.8387
2008-08-27,1.8318
2008-08-28,1.8264
2008-08-29,1.8190
2008-09-01,.
2008-09-02,1.7853
2008-09-03,1.7795
2008-09-04,1.7689
2008-09-05,1.7687
2008-09-08,1.7543
2008-09-09,1.7672
2008-09-10,1.7547
2008-09-11,1.7497
2008-09-12,1.7896
2008-09-15,1.7877
2008-09-16,1.7802
2008-09-17,1.7895
2008-09-18,1.8186
2008-09-19,1.8297
2008-09-22,1.8484
2008-09-23,1.8558
2008-09-24,1.8502
2008-09-25,1.8406
2008-09-26,1.8400
2008-09-29,1.8044
2008-09-30,1.7804
2008-10-01,1.7804
2008-10-02,1.7655
2008-10-03,1.7740
2008-10-06,1.7380
2008-10-07,1.7592
2008-10-08,1.7310
2008-10-09,1.7225
2008-10-10,1.7037
2008-10-13,.
2008-10-14,1.7482
2008-10-15,1.7432
2008-10-16,1.7243
2008-10-17,1.7307
2008-10-20,1.7134
2008-10-21,1.6837
2008-10-22,1.6174
2008-10-23,1.6181
2008-10-24,1.5631
2008-10-27,1.5472
2008-10-28,1.5591
2008-10-29,1.6298
2008-10-30,1.6270
2008-10-31,1.6165
2008-11-03,1.5855
2008-11-04,1.6095
2008-11-05,1.6156
2008-11-06,1.5814
2008-11-07,1.5788
2008-11-10,1.5639
2008-11-11,.
2008-11-12,1.5012
2008-11-13,1.4799
2008-11-14,1.4860
2008-11-17,1.5030
2008-11-18,1.5042
2008-11-19,1.5095
2008-11-20,1.4789
2008-11-21,1.4816
2008-11-24,1.5177
2008-11-25,1.5349
2008-11-26,1.5218
2008-11-27,.
2008-11-28,1.5348
2008-12-01,1.4840
2008-12-02,1.4949
2008-12-03,1.4783
2008-12-04,1.4791
2008-12-05,1.4606
2008-12-08,1.4831
2008-12-09,1.4776
2008-12-10,1.4830
2008-12-11,1.4953
2008-12-12,1.4874
2008-12-15,1.5278
2008-12-16,1.5320
2008-12-17,1.5457
2008-12-18,1.5103
2008-12-19,1.4854
2008-12-22,1.4805
2008-12-23,1.4761
2008-12-24,1.4673
2008-12-25,.
2008-12-26,1.4700
2008-12-29,1.4591
2008-12-30,1.4395
2008-12-31,1.4619
2009-01-01,.
2009-01-02,1.4520
2009-01-05,1.4602
2009-01-06,1.4777
2009-01-07,1.5254
2009-01-08,1.5190
2009-01-09,1.5239
2009-01-12,1.4827
2009-01-13,1.4528
2009-01-14,1.4617
2009-01-15,1.4602
2009-01-16,1.4737
2009-01-19,.
2009-01-20,1.4023
2009-01-21,1.3728
2009-01-22,1.3840
2009-01-23,1.3658
2009-01-26,1.3960
2009-01-27,1.4148
2009-01-28,1.4317
2009-01-29,1.4262
2009-01-30,1.4413
2009-02-02,1.4228
2009-02-03,1.4394
2009-02-04,1.4472
2009-02-05,1.4633
2009-02-06,1.4775
2009-02-09,1.4936
2009-02-10,1.4604
2009-02-11,1.4367
2009-02-12,1.4248
2009-02-13,1.4422
2009-02-16,.
2009-02-17,1.4224
2009-02-18,1.4235
2009-02-19,1.4307
2009-02-20,1.4333
2009-02-23,1.4553
2009-02-24,1.4408
2009-02-25,1.4265
2009-02-26,1.4342
2009-02-27,1.4276
2009-03-02,1.3989
2009-03-03,1.4034
2009-03-04,1.4142
2009-03-05,1.4124
2009-03-06,1.4110
2009-03-09,1.3757
2009-03-10,1.3840
2009-03-11,1.3780
2009-03-12,1.3811
2009-03-13,1.3972
2009-03-16,1.4091
2009-03-17,1.4018
2009-03-18,1.3974
2009-03-19,1.4584
2009-03-20,1.4435
2009-03-23,1.4496
2009-03-24,1.4730
2009-03-25,1.4585
2009-03-26,1.4497
2009-03-27,1.4325
2009-03-30,1.4148
2009-03-31,1.4300
2009-04-01,1.4402
2009-04-02,1.4700
2009-04-03,1.4801
2009-04-06,1.4712
2009-04-07,1.4744
2009-04-08,1.4692
2009-04-09,1.4623
2009-04-10,1.4635
2009-04-13,1.4831
2009-04-14,1.4907
2009-04-15,1.4990
2009-04-16,1.4909
2009-04-17,1.4778
2009-04-20,1.4532
2009-04-21,1.4688
2009-04-22,1.4496
2009-04-23,1.4635
2009-04-24,1.4697
2009-04-27,1.4678
2009-04-28,1.4607
2009-04-29,1.4802
2009-04-30,1.4799
2009-05-01,1.4881
2009-05-04,1.4985
2009-05-05,1.5099
2009-05-06,1.5063
2009-05-07,1.5019
2009-05-08,1.5090
2009-05-11,1.5145
2009-05-12,1.5240
2009-05-13,1.5165
2009-05-14,1.5195
2009-05-15,1.5222
2009-05-18,1.5309
2009-05-19,1.5501
2009-05-20,1.5670
2009-05-21,1.5763
2009-05-22,1.5892
2009-05-25,.
2009-05-26,1.5938
2009-05-27,1.6068
2009-05-28,1.5956
2009-05-29,1.6160
2009-06-01,1.6448
2009-06-02,1.6515
2009-06-03,1.6405
2009-06-04,1.6173
2009-06-05,1.6017
2009-06-08,1.5976
2009-06-09,1.6267
2009-06-10,1.6334
2009-06-11,1.6547
2009-06-12,1.6523
2009-06-15,1.6268
2009-06-16,1.6446
2009-06-17,1.6293
2009-06-18,1.6369
2009-06-19,1.6537
2009-06-22,1.6343
2009-06-23,1.6344
2009-06-24,1.6486
2009-06-25,1.6336
2009-06-26,1.6498
2009-06-29,1.6533
2009-06-30,1.6452
2009-07-01,1.6524
2009-07-02,1.6398
2009-07-03,1.6336
2009-07-06,1.6230
2009-07-07,1.6158
2009-07-08,1.6027
2009-07-09,1.6301
2009-07-10,1.6185
2009-07-13,1.6179
2009-07-14,1.6294
2009-07-15,1.6439
2009-07-16,1.6417
2009-07-17,1.6330
2009-07-20,1.6494
2009-07-21,1.6419
2009-07-22,1.6439
2009-07-23,1.6562
2009-07-24,1.6432
2009-07-27,1.6486
2009-07-28,1.6477
2009-07-29,1.6379
2009-07-30,1.6483
2009-07-31,1.6713
2009-08-03,1.6956
2009-08-04,1.6932
2009-08-05,1.6977
2009-08-06,1.6774
2009-08-07,1.6669
2009-08-10,1.6487
2009-08-11,1.6501
2009-08-12,1.6538
2009-08-13,1.6580
2009-08-14,1.6529
2009-08-17,1.6323
2009-08-18,1.6418
2009-08-19,1.6555
2009-08-20,1.6494
2009-08-21,1.6503
2009-08-24,1.6417
2009-08-25,1.6430
2009-08-26,1.6235
2009-08-27,1.6212
2009-08-28,1.6331
2009-08-31,1.6314
2009-09-01,1.6168
2009-09-02,1.6269
2009-09-03,1.6354
2009-09-04,1.6378
2009-09-07,.
2009-09-08,1.6512
2009-09-09,1.6557
2009-09-10,1.6649
2009-09-11,1.6695
2009-09-14,1.6588
2009-09-15,1.6436
2009-09-16,1.6501
2009-09-17,1.6522
2009-09-18,1.6266
2009-09-21,1.6228
2009-09-22,1.6380
2009-09-23,1.6404
2009-09-24,1.6068
2009-09-25,1.5967
2009-09-28,1.5910
2009-09-29,1.5924
2009-09-30,1.6004
2009-10-01,1.5950
2009-10-02,1.5878
2009-10-05,1.5926
2009-10-06,1.5904
2009-10-07,1.5899
2009-10-08,1.6090
2009-10-09,1.5896
2009-10-12,.
2009-10-13,1.5896
2009-10-14,1.5974
2009-10-15,1.6249
2009-10-16,1.6350
2009-10-19,1.6400
2009-10-20,1.6380
2009-10-21,1.6610
2009-10-22,1.6595
2009-10-23,1.6351
2009-10-26,1.6351
2009-10-27,1.6334
2009-10-28,1.6375
2009-10-29,1.6559
2009-10-30,1.6479
2009-11-02,1.6410
2009-11-03,1.6383
2009-11-04,1.6571
2009-11-05,1.6565
2009-11-06,1.6586
2009-11-09,1.6721
2009-11-10,1.6681
2009-11-11,.
2009-11-12,1.6543
2009-11-13,1.6657
2009-11-16,1.6795
2009-11-17,1.6768
2009-11-18,1.6756
2009-11-19,1.6658
2009-11-20,1.6529
2009-11-23,1.6599
2009-11-24,1.6577
2009-11-25,1.6671
2009-11-26,.
2009-11-27,1.6494
2009-11-30,1.6409
2009-12-01,1.6626
2009-12-02,1.6641
2009-12-03,1.6578
2009-12-04,1.6515
2009-12-07,1.6429
2009-12-08,1.6302
2009-12-09,1.6242
2009-12-10,1.6257
2009-12-11,1.6236
2009-12-14,1.6285
2009-12-15,1.6234
2009-12-16,1.6369
2009-12-17,1.6135
2009-12-18,1.6083
2009-12-21,1.6083
2009-12-22,1.5956
2009-12-23,1.5955
2009-12-24,1.5941
2009-12-25,.
2009-12-28,1.6001
2009-12-29,1.5892
2009-12-30,1.6050
2009-12-31,1.6167
2010-01-01,.
2010-01-04,1.6109
2010-01-05,1.6009
2010-01-06,1.6016
2010-01-07,1.5912
2010-01-08,1.5993
2010-01-11,1.6146
2010-01-12,1.6181
2010-01-13,1.6288
2010-01-14,1.6320
2010-01-15,1.6240
2010-01-18,.
2010-01-19,1.6370
2010-01-20,1.6287
2010-01-21,1.6214
2010-01-22,1.6120
2010-01-25,1.6236
2010-01-26,1.6109
2010-01-27,1.6204
2010-01-28,1.6242
2010-01-29,1.6009
2010-02-01,1.5924
2010-02-02,1.5968
2010-02-03,1.5915
2010-02-04,1.5763
2010-02-05,1.5619
2010-02-08,1.5650
2010-02-09,1.5679
2010-02-10,1.5606
2010-02-11,1.5674
2010-02-12,1.5669
2010-02-15,.
2010-02-16,1.5732
2010-02-17,1.5704
2010-02-18,1.5582
2010-02-19,1.5437
2010-02-22,1.5477
2010-02-23,1.5464
2010-02-24,1.5432
2010-02-25,1.5201
2010-02-26,1.5239
2010-03-01,1.4974
2010-03-02,1.4940
2010-03-03,1.5124
2010-03-04,1.5031
2010-03-05,1.5115
2010-03-08,1.5060
2010-03-09,1.5003
2010-03-10,1.4977
2010-03-11,1.5052
2010-03-12,1.5188
2010-03-15,1.5043
2010-03-16,1.5192
2010-03-17,1.5296
2010-03-18,1.5247
2010-03-19,1.5014
2010-03-22,1.5071
2010-03-23,1.5067
2010-03-24,1.4914
2010-03-25,1.4884
2010-03-26,1.4906
2010-03-29,1.4969
2010-03-30,1.5090
2010-03-31,1.5186
2010-04-01,1.5290
2010-04-02,1.5197
2010-04-05,1.5284
2010-04-06,1.5230
2010-04-07,1.5246
2010-04-08,1.5272
2010-04-09,1.5371
2010-04-12,1.5368
2010-04-13,1.5416
2010-04-14,1.5484
2010-04-15,1.5465
2010-04-16,1.5395
2010-04-19,1.5263
2010-04-20,1.5375
2010-04-21,1.5397
2010-04-22,1.5368
2010-04-23,1.5363
2010-04-26,1.5466
2010-04-27,1.5285
2010-04-28,1.5160
2010-04-29,1.5303
2010-04-30,1.5308
2010-05-03,1.5242
2010-05-04,1.5135
2010-05-05,1.5134
2010-05-06,1.4889
2010-05-07,1.4739
2010-05-10,1.4980
2010-05-11,1.4952
2010-05-12,1.4855
2010-05-13,1.4659
2010-05-14,1.4557
2010-05-17,1.4388
2010-05-18,1.4439
2010-05-19,1.4349
2010-05-20,1.4344
2010-05-21,1.4466
2010-05-24,1.4437
2010-05-25,1.4352
2010-05-26,1.4401
2010-05-27,1.4569
2010-05-28,1.4492
2010-05-31,.
2010-06-01,1.4673
2010-06-02,1.4641
2010-06-03,1.4616
2010-06-04,1.4493
2010-06-07,1.4498
2010-06-08,1.4422
2010-06-09,1.4585
2010-06-10,1.4674
2010-06-11,1.4545
2010-06-14,1.4770
2010-06-15,1.4827
2010-06-16,1.4838
2010-06-17,1.4806
2010-06-18,1.4787
2010-06-21,1.4826
2010-06-22,1.4850
2010-06-23,1.4952
2010-06-24,1.4986
2010-06-25,1.4985
2010-06-28,1.5098
2010-06-29,1.5081
2010-06-30,1.4947
2010-07-01,1.5126
2010-07-02,1.5179
2010-07-05,.
2010-07-06,1.5180
2010-07-07,1.5179
2010-07-08,1.5157
2010-07-09,1.5095
2010-07-12,1.5016
2010-07-13,1.5175
2010-07-14,1.5284
2010-07-15,1.5376
2010-07-16,1.5289
2010-07-19,1.5222
2010-07-20,1.5255
2010-07-21,1.5201
2010-07-22,1.5283
2010-07-23,1.5425
2010-07-26,1.5490
2010-07-27,1.5538
2010-07-28,1.5611
2010-07-29,1.5591
2010-07-30,1.5714
2010-08-02,1.5897
2010-08-03,1.5941
2010-08-04,1.5887
2010-08-05,1.5860
2010-08-06,1.5979
2010-08-09,1.5945
2010-08-10,1.5776
2010-08-11,1.5688
2010-08-12,1.5573
2010-08-13,1.5580
2010-08-16,1.5679
2010-08-17,1.5586
2010-08-18,1.5619
2010-08-19,1.5612
2010-08-20,1.5515
2010-08-23,1.5532
2010-08-24,1.5471
2010-08-25,1.5460
2010-08-26,1.5574
2010-08-27,1.5528
2010-08-30,1.5473
2010-08-31,1.5358
2010-09-01,1.5472
2010-09-02,1.5393
2010-09-03,1.5452
2010-09-06,.
2010-09-07,1.5315
2010-09-08,1.5513
2010-09-09,1.5448
2010-09-10,1.5387
2010-09-13,1.5466
2010-09-14,1.5559
2010-09-15,1.5641
2010-09-16,1.5612
2010-09-17,1.5635
2010-09-20,1.5564
2010-09-21,1.5551
2010-09-22,1.5649
2010-09-23,1.5723
2010-09-24,1.5829
2010-09-27,1.5851
2010-09-28,1.5808
2010-09-29,1.5812
2010-09-30,1.5731
2010-10-01,1.5829
2010-10-04,1.5849
2010-10-05,1.5915
2010-10-06,1.5903
2010-10-07,1.5930
2010-10-08,1.5951
2010-10-11,.
2010-10-12,1.5799
2010-10-13,1.5843
2010-10-14,1.5992
2010-10-15,1.6027
2010-10-18,1.5907
2010-10-19,1.5739
2010-10-20,1.5857
2010-10-21,1.5753
2010-10-22,1.5677
2010-10-25,1.5748
2010-10-26,1.5871
2010-10-27,1.5782
2010-10-28,1.5945
2010-10-29,1.6020
2010-11-01,1.6050
2010-11-02,1.6010
2010-11-03,1.6080
2010-11-04,1.6282
2010-11-05,1.6211
2010-11-08,1.6150
2010-11-09,1.6050
2010-11-10,1.6071
2010-11-11,.
2010-11-12,1.6172
2010-11-15,1.6064
2010-11-16,1.5881
2010-11-17,1.5941
2010-11-18,1.6010
2010-11-19,1.5961
2010-11-22,1.5932
2010-11-23,1.5824
2010-11-24,1.5774
2010-11-25,.
2010-11-26,1.5616
2010-11-29,1.5557
2010-11-30,1.5578
2010-12-01,1.5603
2010-12-02,1.5610
2010-12-03,1.5723
2010-12-06,1.5680
2010-12-07,1.5802
2010-12-08,1.5792
2010-12-09,1.5733
2010-12-10,1.5809
2010-12-13,1.5882
2010-12-14,1.5795
2010-12-15,1.5613
2010-12-16,1.5612
2010-12-17,1.5480
2010-12-20,1.5521
2010-12-21,1.5462
2010-12-22,1.5390
2010-12-23,1.5400
2010-12-24,.
2010-12-27,1.5382
2010-12-28,1.5361
2010-12-29,1.5463
2010-12-30,1.5392
2010-12-31,.
2011-01-03,1.5490
2011-01-04,1.5586
2011-01-05,1.5497
2011-01-06,1.5490
2011-01-07,1.5560
2011-01-10,1.5583
2011-01-11,1.5628
2011-01-12,1.5716
2011-01-13,1.5870
2011-01-14,1.5874
2011-01-17,.
2011-01-18,1.6000
2011-01-19,1.5991
2011-01-20,1.5875
2011-01-21,1.5997
2011-01-24,1.5995
2011-01-25,1.5818
2011-01-26,1.5886
2011-01-27,1.5905
2011-01-28,1.5838
2011-01-31,1.6042
2011-02-01,1.6124
2011-02-02,1.6167
2011-02-03,1.6159
2011-02-04,1.6089
2011-02-07,1.6111
2011-02-08,1.6091
2011-02-09,1.6089
2011-02-10,1.6132
2011-02-11,1.5986
2011-02-14,1.6023
2011-02-15,1.6128
2011-02-16,1.6063
2011-02-17,1.6172
2011-02-18,1.6245
2011-02-21,.
2011-02-22,1.6129
2011-02-23,1.6221
2011-02-24,1.6106
2011-02-25,1.6078
2011-02-28,1.6247
2011-03-01,1.6309
2011-03-02,1.6311
2011-03-03,1.6266
2011-03-04,1.6250
2011-03-07,1.6204
2011-03-08,1.6164
2011-03-09,1.6202
2011-03-10,1.6063
2011-03-11,1.6033
2011-03-14,1.6181
2011-03-15,1.6064
2011-03-16,1.6028
2011-03-17,1.6143
2011-03-18,1.6187
2011-03-21,1.6276
2011-03-22,1.6387
2011-03-23,1.6246
2011-03-24,1.6159
2011-03-25,1.6086
2011-03-28,1.6024
2011-03-29,1.5983
2011-03-30,1.6038
2011-03-31,1.6048
2011-04-01,1.6132
2011-04-04,1.6129
2011-04-05,1.6282
2011-04-06,1.6314
2011-04-07,1.6304
2011-04-08,1.6341
2011-04-11,1.6386
2011-04-12,1.6263
2011-04-13,1.6285
2011-04-14,1.6350
2011-04-15,1.6325
2011-04-18,1.6229
2011-04-19,1.6315
2011-04-20,1.6405
2011-04-21,1.6572
2011-04-22,1.6517
2011-04-25,1.6497
2011-04-26,1.6465
2011-04-27,1.6530
2011-04-28,1.6636
2011-04-29,1.6691
2011-05-02,1.6690
2011-05-03,1.6536
2011-05-04,1.6524
2011-05-05,1.6427
2011-05-06,1.6417
2011-05-09,1.6338
2011-05-10,1.6331
2011-05-11,1.6412
2011-05-12,1.6290
2011-05-13,1.6179
2011-05-16,1.6240
2011-05-17,1.6206
2011-05-18,1.6148
2011-05-19,1.6179
2011-05-20,1.6222
2011-05-23,1.6102
2011-05-24,1.6185
2011-05-25,1.6277
2011-05-26,1.6346
2011-05-27,1.6494
2011-05-30,.
2011-05-31,1.6439
2011-06-01,1.6391
2011-06-02,1.6325
2011-06-03,1.6397
2011-06-06,1.6362
2011-06-07,1.6444
2011-06-08,1.6381
2011-06-09,1.6382
2011-06-10,1.6254
2011-06-13,1.6308
2011-06-14,1.6388
2011-06-15,1.6218
2011-06-16,1.6130
2011-06-17,1.6186
2011-06-20,1.6206
2011-06-21,1.6232
2011-06-22,1.6131
2011-06-23,1.5977
2011-06-24,1.5985
2011-06-27,1.5972
2011-06-28,1.6016
2011-06-29,1.6070
2011-06-30,1.6067
2011-07-01,1.6070
2011-07-04,.
2011-07-05,1.6085
2011-07-06,1.5998
2011-07-07,1.5967
2011-07-08,1.6030
2011-07-11,1.5932
2011-07-12,1.5940
2011-07-13,1.6111
2011-07-14,1.6125
2011-07-15,1.6149
2011-07-18,1.6024
2011-07-19,1.6135
2011-07-20,1.6139
2011-07-21,1.6301
2011-07-22,1.6319
2011-07-25,1.6285
2011-07-26,1.6392
2011-07-27,1.6357
2011-07-28,1.6338
2011-07-29,1.6455
2011-08-01,1.6278
2011-08-02,1.6287
2011-08-03,1.6406
2011-08-04,1.6308
2011-08-05,1.6362
2011-08-08,1.6354
2011-08-09,1.6194
2011-08-10,1.6169
2011-08-11,1.6228
2011-08-12,1.6284
2011-08-15,1.6387
2011-08-16,1.6424
2011-08-17,1.6591
2011-08-18,1.6489
2011-08-19,1.6544
2011-08-22,1.6452
2011-08-23,1.6509
2011-08-24,1.6375
2011-08-25,1.6289
2011-08-26,1.6321
2011-08-29,1.6398
2011-08-30,1.6279
2011-08-31,1.6269
2011-09-01,1.6179
2011-09-02,1.6190
2011-09-05,.
2011-09-06,1.5954
2011-09-07,1.5948
2011-09-08,1.6021
2011-09-09,1.5870
2011-09-12,1.5814
2011-09-13,1.5805
2011-09-14,1.5773
2011-09-15,1.5808
2011-09-16,1.5802
2011-09-19,1.5674
2011-09-20,1.5718
2011-09-21,1.5619
2011-09-22,1.5358
2011-09-23,1.5475
2011-09-26,1.5553
2011-09-27,1.5681
2011-09-28,1.5648
2011-09-29,1.5685
2011-09-30,1.5624
2011-10-03,1.5474
2011-10-04,1.5403
2011-10-05,1.5436
2011-10-06,1.5398
2011-10-07,1.5628
2011-10-10,.
2011-10-11,1.5594
2011-10-12,1.5757
2011-10-13,1.5729
2011-10-14,1.5808
2011-10-17,1.5778
2011-10-18,1.5654
2011-10-19,1.5799
2011-10-20,1.5726
2011-10-21,1.5945
2011-10-24,1.5986
2011-10-25,1.5994
2011-10-26,1.5905
2011-10-27,1.6081
2011-10-28,1.6130
2011-10-31,1.6141
2011-11-01,1.5946
2011-11-02,1.5974
2011-11-03,1.5959
2011-11-04,1.6026
2011-11-07,1.6024
2011-11-08,1.6076
2011-11-09,1.5958
2011-11-10,1.5935
2011-11-11,.
2011-11-14,1.5899
2011-11-15,1.5818
2011-11-16,1.5770
2011-11-17,1.5801
2011-11-18,1.5783
2011-11-21,1.5662
2011-11-22,1.5646
2011-11-23,1.5511
2011-11-24,.
2011-11-25,1.5467
2011-11-28,1.5538
2011-11-29,1.5625
2011-11-30,1.5705
2011-12-01,1.5698
2011-12-02,1.5592
2011-12-05,1.5689
2011-12-06,1.5580
2011-12-07,1.5691
2011-12-08,1.5635
2011-12-09,1.5642
2011-12-12,1.5597
2011-12-13,1.5528
2011-12-14,1.5445
2011-12-15,1.5486
2011-12-16,1.5514
2011-12-19,1.5531
2011-12-20,1.5674
2011-12-21,1.5680
2011-12-22,1.5667
2011-12-23,1.5615
2011-12-26,.
2011-12-27,1.5671
2011-12-28,1.5478
2011-12-29,1.5386
2011-12-30,1.5537
2012-01-02,.
2012-01-03,1.5655
2012-01-04,1.5638
2012-01-05,1.5480
2012-01-06,1.5431
2012-01-09,1.5436
2012-01-10,1.5489
2012-01-11,1.5325
2012-01-12,1.5325
2012-01-13,1.5301
2012-01-16,.
2012-01-17,1.5356
2012-01-18,1.5410
2012-01-19,1.5484
2012-01-20,1.5540
2012-01-23,1.5582
2012-01-24,1.5595
2012-01-25,1.5570
2012-01-26,1.5706
2012-01-27,1.5716
2012-01-30,1.5690
2012-01-31,1.5754
2012-02-01,1.5849
2012-02-02,1.5813
2012-02-03,1.5779
2012-02-06,1.5832
2012-02-07,1.5891
2012-02-08,1.5820
2012-02-09,1.5838
2012-02-10,1.5748
2012-02-13,1.5780
2012-02-14,1.5691
2012-02-15,1.5710
2012-02-16,1.5795
2012-02-17,1.5813
2012-02-20,.
2012-02-21,1.5796
2012-02-22,1.5677
2012-02-23,1.5700
2012-02-24,1.5869
2012-02-27,1.5845
2012-02-28,1.5887
2012-02-29,1.5951
2012-03-01,1.5953
2012-03-02,1.5852
2012-03-05,1.5870
2012-03-06,1.5720
2012-03-07,1.5746
2012-03-08,1.5822
2012-03-09,1.5677
2012-03-12,1.5615
2012-03-13,1.5736
2012-03-14,1.5686
2012-03-15,1.5669
2012-03-16,1.5845
2012-03-19,1.5894
2012-03-20,1.5857
2012-03-21,1.5848
2012-03-22,1.5807
2012-03-23,1.5864
2012-03-26,1.5939
2012-03-27,1.5972
2012-03-28,1.5855
2012-03-29,1.5911
2012-03-30,1.5985
2012-04-02,1.6022
2012-04-03,1.5966
2012-04-04,1.5879
2012-04-05,1.5822
2012-04-06,1.5877
2012-04-09,1.5879
2012-04-10,1.5836
2012-04-11,1.5892
2012-04-12,1.5939
2012-04-13,1.5851
2012-04-16,1.5865
2012-04-17,1.5931
2012-04-18,1.6020
2012-04-19,1.6058
2012-04-20,1.6123
2012-04-23,1.6102
2012-04-24,1.6135
2012-04-25,1.6146
2012-04-26,1.6188
2012-04-27,1.6239
2012-04-30,1.6225
2012-05-01,1.6221
2012-05-02,1.6193
2012-05-03,1.6185
2012-05-04,1.6148
2012-05-07,1.6192
2012-05-08,1.6159
2012-05-09,1.6130
2012-05-10,1.6161
2012-05-11,1.6080
2012-05-14,1.6116
2012-05-15,1.6025
2012-05-16,1.5933
2012-05-17,1.5823
2012-05-18,1.5788
2012-05-21,1.5790
2012-05-22,1.5775
2012-05-23,1.5691
2012-05-24,1.5698
2012-05-25,1.5648
2012-05-28,.
2012-05-29,1.5630
2012-05-30,1.5532
2012-05-31,1.5405
2012-06-01,1.5383
2012-06-04,1.5382
2012-06-05,1.5355
2012-06-06,1.5475
2012-06-07,1.5557
2012-06-08,1.5433
2012-06-11,1.5515
2012-06-12,1.5562
2012-06-13,1.5557
2012-06-14,1.5533
2012-06-15,1.5654
2012-06-18,1.5665
2012-06-19,1.5732
2012-06-20,1.5750
2012-06-21,1.5633
2012-06-22,1.5582
2012-06-25,1.5555
2012-06-26,1.5620
2012-06-27,1.5549
2012-06-28,1.5503
2012-06-29,1.5686
2012-07-02,1.5679
2012-07-03,1.5702
2012-07-04,.
2012-07-05,1.5531
2012-07-06,1.5480
2012-07-09,1.5507
2012-07-10,1.5506
2012-07-11,1.5532
2012-07-12,1.5425
2012-07-13,1.5550
2012-07-16,1.5635
2012-07-17,1.5613
2012-07-18,1.5636
2012-07-19,1.5719
2012-07-20,1.5630
2012-07-23,1.5512
2012-07-24,1.5521
2012-07-25,1.5479
2012-07-26,1.5683
2012-07-27,1.5728
2012-07-30,1.5694
2012-07-31,1.5686
2012-08-01,1.5596
2012-08-02,1.5500
2012-08-03,1.5650
2012-08-06,1.5625
2012-08-07,1.5658
2012-08-08,1.5659
2012-08-09,1.5623
2012-08-10,1.5679
2012-08-13,1.5690
2012-08-14,1.5692
2012-08-15,1.5686
2012-08-16,1.5738
2012-08-17,1.5697
2012-08-20,1.5707
2012-08-21,1.5788
2012-08-22,1.5800
2012-08-23,1.5882
2012-08-24,1.5815
2012-08-27,1.5800
2012-08-28,1.5828
2012-08-29,1.5839
2012-08-30,1.5794
2012-08-31,1.5864
2012-09-03,.
2012-09-04,1.5889
2012-09-05,1.5907
2012-09-06,1.5922
2012-09-07,1.6016
2012-09-10,1.6009
2012-09-11,1.6071
2012-09-12,1.6111
2012-09-13,1.6125
2012-09-14,1.6244
2012-09-17,1.6263
2012-09-18,1.6251
2012-09-19,1.6219
2012-09-20,1.6198
2012-09-21,1.6251
2012-09-24,1.6199
2012-09-25,1.6232
2012-09-26,1.6145
2012-09-27,1.6217
2012-09-28,1.6132
2012-10-01,1.6142
2012-10-02,1.6186
2012-10-03,1.6077
2012-10-04,1.6165
2012-10-05,1.6196
2012-10-08,.
2012-10-09,1.5987
2012-10-10,1.6007
2012-10-11,1.6028
2012-10-12,1.6075
2012-10-15,1.6069
2012-10-16,1.6101
2012-10-17,1.6165
2012-10-18,1.6141
2012-10-19,1.6003
2012-10-22,1.6028
2012-10-23,1.5932
2012-10-24,1.6015
2012-10-25,1.6119
2012-10-26,1.6098
2012-10-29,1.6025
2012-10-30,1.6083
2012-10-31,1.6111
2012-11-01,1.6142
2012-11-02,1.6036
2012-11-05,1.5977
2012-11-06,1.5985
2012-11-07,1.5975
2012-11-08,1.5979
2012-11-09,1.5912
2012-11-12,.
2012-11-13,1.5885
2012-11-14,1.5849
2012-11-15,1.5865
2012-11-16,1.5866
2012-11-19,1.5908
2012-11-20,1.5927
2012-11-21,1.5936
2012-11-22,.
2012-11-23,1.6032
2012-11-26,1.6014
2012-11-27,1.6028
2012-11-28,1.5997
2012-11-29,1.6026
2012-11-30,1.6027
2012-12-03,1.6104
2012-12-04,1.6097
2012-12-05,1.6102
2012-12-06,1.6066
2012-12-07,1.6031
2012-12-10,1.6068
2012-12-11,1.6103
2012-12-12,1.6132
2012-12-13,1.6130
2012-12-14,1.6139
2012-12-17,1.6203
2012-12-18,1.6256
2012-12-19,1.6275
2012-12-20,1.6268
2012-12-21,1.6167
2012-12-24,1.6113
2012-12-25,.
2012-12-26,1.6118
2012-12-27,1.6106
2012-12-28,1.6157
2012-12-31,1.6262
2013-01-01,.
2013-01-02,1.6255
2013-01-03,1.6151
2013-01-04,1.6036
2013-01-07,1.6080
2013-01-08,1.6040
2013-01-09,1.6024
2013-01-10,1.6125
2013-01-11,1.6128
2013-01-14,1.6077
2013-01-15,1.6089
2013-01-16,1.6009
2013-01-17,1.5991
2013-01-18,1.5876
2013-01-21,.
2013-01-22,1.5862
2013-01-23,1.5848
2013-01-24,1.5789
2013-01-25,1.5799
2013-01-28,1.5686
2013-01-29,1.5751
2013-01-30,1.5793
2013-01-31,1.5856
2013-02-01,1.5744
2013-02-04,1.5737
2013-02-05,1.5652
2013-02-06,1.5655
2013-02-07,1.5712
2013-02-08,1.5814
2013-02-11,1.5668
2013-02-12,1.5654
2013-02-13,1.5544
2013-02-14,1.5502
2013-02-15,1.5518
2013-02-18,.
2013-02-19,1.5432
2013-02-20,1.5301
2013-02-21,1.5263
2013-02-22,1.5256
2013-02-25,1.5112
2013-02-26,1.5125
2013-02-27,1.5134
2013-02-28,1.5192
2013-03-01,1.5033
2013-03-04,1.5084
2013-03-05,1.5098
2013-03-06,1.5036
2013-03-07,1.5032
2013-03-08,1.4926
2013-03-11,1.4898
2013-03-12,1.4877
2013-03-13,1.4925
2013-03-14,1.5039
2013-03-15,1.5124
2013-03-18,1.5113
2013-03-19,1.5118
2013-03-20,1.5133
2013-03-21,1.5180
2013-03-22,1.5239
2013-03-25,1.5184
2013-03-26,1.5156
2013-03-27,1.5112
2013-03-28,1.5184
2013-03-29,1.5193
2013-04-01,1.5232
2013-04-02,1.5113
2013-04-03,1.5140
2013-04-04,1.5198
2013-04-05,1.5336
2013-04-08,1.5257
2013-04-09,1.5317
2013-04-10,1.5315
2013-04-11,1.5403
2013-04-12,1.5373
2013-04-15,1.5320
2013-04-16,1.5316
2013-04-17,1.5255
2013-04-18,1.5282
2013-04-19,1.5254
2013-04-22,1.5262
2013-04-23,1.5267
2013-04-24,1.5258
2013-04-25,1.5434
2013-04-26,1.5479
2013-04-29,1.5497
2013-04-30,1.5539
2013-05-01,1.5578
2013-05-02,1.5519
2013-05-03,1.5563
2013-05-06,1.5538
2013-05-07,1.5468
2013-05-08,1.5563
2013-05-09,1.5502
2013-05-10,1.5334
2013-05-13,1.5291
2013-05-14,1.5258
2013-05-15,1.5198
2013-05-16,1.5302
2013-05-17,1.5173
2013-05-20,1.5223
2013-05-21,1.5170
2013-05-22,1.5038
2013-05-23,1.5120
2013-05-24,1.5126
2013-05-27,.
2013-05-28,1.5061
2013-05-29,1.5121
2013-05-30,1.5207
2013-05-31,1.5185
2013-06-03,1.5349
2013-06-04,1.5304
2013-06-05,1.5392
2013-06-06,1.5601
2013-06-07,1.5558
2013-06-10,1.5556
2013-06-11,1.5587
2013-06-12,1.5697
2013-06-13,1.5698
2013-06-14,1.5686
2013-06-17,1.5709
2013-06-18,1.5625
2013-06-19,1.5657
2013-06-20,1.5469
2013-06-21,1.5373
2013-06-24,1.5404
2013-06-25,1.5418
2013-06-26,1.5332
2013-06-27,1.5235
2013-06-28,1.5210
2013-07-01,1.5247
2013-07-02,1.5171
2013-07-03,1.5264
2013-07-04,.
2013-07-05,1.4910
2013-07-08,1.4932
2013-07-09,1.4837
2013-07-10,1.4935
2013-07-11,1.5127
2013-07-12,1.5108
2013-07-15,1.5088
2013-07-16,1.5122
2013-07-17,1.5184
2013-07-18,1.5193
2013-07-19,1.5260
2013-07-22,1.5366
2013-07-23,1.5354
2013-07-24,1.5367
2013-07-25,1.5333
2013-07-26,1.5368
2013-07-29,1.5355
2013-07-30,1.5244
2013-07-31,1.5177
2013-08-01,1.5145
2013-08-02,1.5277
2013-08-05,1.5347
2013-08-06,1.5367
2013-08-07,1.5514
2013-08-08,1.5555
2013-08-09,1.5507
2013-08-12,1.5475
2013-08-13,1.5451
2013-08-14,1.5531
2013-08-15,1.5573
2013-08-16,1.5621
2013-08-19,1.5665
2013-08-20,1.5678
2013-08-21,1.5678
2013-08-22,1.5580
2013-08-23,1.5578
2013-08-26,1.5568
2013-08-27,1.5528
2013-08-28,1.5520
2013-08-29,1.5488
2013-08-30,1.5468
2013-09-02,.
2013-09-03,1.5544
2013-09-04,1.5643
2013-09-05,1.5593
2013-09-06,1.5633
2013-09-09,1.5724
2013-09-10,1.5731
2013-09-11,1.5807
2013-09-12,1.5819
2013-09-13,1.5861
2013-09-16,1.5927
2013-09-17,1.5901
2013-09-18,1.5965
2013-09-19,1.6043
2013-09-20,1.6021
2013-09-23,1.6066
2013-09-24,1.6006
2013-09-25,1.6080
2013-09-26,1.6012
2013-09-27,1.6135
2013-09-30,1.6179
2013-10-01,1.6208
2013-10-02,1.6224
2013-10-03,1.6169
2013-10-04,1.6069
2013-10-07,1.6082
2013-10-08,1.6089
2013-10-09,1.5943
2013-10-10,1.5975
2013-10-11,1.5945
2013-10-14,.
2013-10-15,1.5974
2013-10-16,1.5904
2013-10-17,1.6166
2013-10-18,1.6184
2013-10-21,1.6149
2013-10-22,1.6221
2013-10-23,1.6171
2013-10-24,1.6186
2013-10-25,1.6158
2013-10-28,1.6131
2013-10-29,1.6059
2013-10-30,1.6078
2013-10-31,1.6068
2013-11-01,1.5922
2013-11-04,1.5950
2013-11-05,1.6044
2013-11-06,1.6080
2013-11-07,1.6069
2013-11-08,1.5995
2013-11-11,.
2013-11-12,1.5916
2013-11-13,1.6033
2013-11-14,1.6077
2013-11-15,1.6107
2013-11-18,1.6110
2013-11-19,1.6110
2013-11-20,1.6150
2013-11-21,1.6155
2013-11-22,1.6211
2013-11-25,1.6146
2013-11-26,1.6187
2013-11-27,1.6267
2013-11-28,.
2013-11-29,1.6373
2013-12-02,1.6365
2013-12-03,1.6416
2013-12-04,1.6352
2013-12-05,1.6328
2013-12-06,1.6327
2013-12-09,1.6403
2013-12-10,1.6424
2013-12-11,1.6389
2013-12-12,1.6326
2013-12-13,1.6294
2013-12-16,1.6311
2013-12-17,1.6254
2013-12-18,1.6388
2013-12-19,1.6382
2013-12-20,1.6355
2013-12-23,1.6356
2013-12-24,1.6371
2013-12-25,.
2013-12-26,1.6425
2013-12-27,1.6491
2013-12-30,1.6522
2013-12-31,1.6574
2014-01-01,.
2014-01-02,1.6441
2014-01-03,1.6424
2014-01-06,1.6412
2014-01-07,1.6421
2014-01-08,1.6461
2014-01-09,1.6459
2014-01-10,1.6470
2014-01-13,1.6379
2014-01-14,1.6450
2014-01-15,1.6375
2014-01-16,1.6335
2014-01-17,1.6429
2014-01-20,.
2014-01-21,1.6469
2014-01-22,1.6571
2014-01-23,1.6612
2014-01-24,1.6491
2014-01-27,1.6588
2014-01-28,1.6581
2014-01-29,1.6561
2014-01-30,1.6487
2014-01-31,1.6450
2014-02-03,1.6307
2014-02-04,1.6300
2014-02-05,1.6308
2014-02-06,1.6345
2014-02-07,1.6395
2014-02-10,1.6419
2014-02-11,1.6468
2014-02-12,1.6578
2014-02-13,1.6643
2014-02-14,1.6736
2014-02-17,.
2014-02-18,1.6696
2014-02-19,1.6718
2014-02-20,1.6640
2014-02-21,1.6630
2014-02-24,1.6641
2014-02-25,1.6696
2014-02-26,1.6648
2014-02-27,1.6693
2014-02-28,1.6750
2014-03-03,1.6712
2014-03-04,1.6665
2014-03-05,1.6729
2014-03-06,1.6743
2014-03-07,1.6725
2014-03-10,1.6633
2014-03-11,1.6628
2014-03-12,1.6605
2014-03-13,1.6677
2014-03-14,1.6630
2014-03-17,1.6645
2014-03-18,1.6574
2014-03-19,1.6629
2014-03-20,1.6511
2014-03-21,1.6498
2014-03-24,1.6491
2014-03-25,1.6507
2014-03-26,1.6566
2014-03-27,1.6627
2014-03-28,1.6637
2014-03-31,1.6675
2014-04-01,1.6639
2014-04-02,1.6634
2014-04-03,1.6583
2014-04-04,1.6594
2014-04-07,1.6616
2014-04-08,1.6743
2014-04-09,1.6751
2014-04-10,1.6781
2014-04-11,1.6736
2014-04-14,1.6741
2014-04-15,1.6725
2014-04-16,1.6794
2014-04-17,1.6809
2014-04-18,1.6792
2014-04-21,1.6792
2014-04-22,1.6833
2014-04-23,1.6768
2014-04-24,1.6797
2014-04-25,1.6810
2014-04-28,1.6812
2014-04-29,1.6829
2014-04-30,1.6883
2014-05-01,1.6900
2014-05-02,1.6865
2014-05-05,1.6870
2014-05-06,1.6976
2014-05-07,1.6964
2014-05-08,1.6944
2014-05-09,1.6849
2014-05-12,1.6871
2014-05-13,1.6838
2014-05-14,1.6784
2014-05-15,1.6791
2014-05-16,1.6827
2014-05-19,1.6822
2014-05-20,1.6847
2014-05-21,1.6869
2014-05-22,1.6859
2014-05-23,1.6822
2014-05-26,.
2014-05-27,1.6800
2014-05-28,1.6709
2014-05-29,1.6719
2014-05-30,1.6764
2014-06-02,1.6756
2014-06-03,1.6753
2014-06-04,1.6747
2014-06-05,1.6796
2014-06-06,1.6794
2014-06-09,1.6798
2014-06-10,1.6753
2014-06-11,1.6795
2014-06-12,1.6853
2014-06-13,1.6953
2014-06-16,1.6988
2014-06-17,1.6965
2014-06-18,1.6951
2014-06-19,1.7046
2014-06-20,1.7014
2014-06-23,1.7010
2014-06-24,1.6971
2014-06-25,1.6986
2014-06-26,1.7018
2014-06-27,1.7016
2014-06-30,1.7105
2014-07-01,1.7147
2014-07-02,1.7165
2014-07-03,1.7152
2014-07-04,.
2014-07-07,1.7128
2014-07-08,1.7127
2014-07-09,1.7130
2014-07-10,1.7122
2014-07-11,1.7108
2014-07-14,1.7079
2014-07-15,1.7149
2014-07-16,1.7131
2014-07-17,1.7104
2014-07-18,1.7069
2014-07-21,1.7067
2014-07-22,1.7058
2014-07-23,1.7036
2014-07-24,1.6981
2014-07-25,1.6972
2014-07-28,1.6991
2014-07-29,1.6939
2014-07-30,1.6903
2014-07-31,1.6889
2014-08-01,1.6832
2014-08-04,1.6841
2014-08-05,1.6874
2014-08-06,1.6833
2014-08-07,1.6849
2014-08-08,1.6778
2014-08-11,1.6787
2014-08-12,1.6806
2014-08-13,1.6696
2014-08-14,1.6694
2014-08-15,1.6686
2014-08-18,1.6720
2014-08-19,1.6620
2014-08-20,1.6633
2014-08-21,1.6589
2014-08-22,1.6574
2014-08-25,1.6585
2014-08-26,1.6570
2014-08-27,1.6573
2014-08-28,1.6579
2014-08-29,1.6585
2014-09-01,.
2014-09-02,1.6502
2014-09-03,1.6451
2014-09-04,1.6349
2014-09-05,1.6312
2014-09-08,1.6141
2014-09-09,1.6088
2014-09-10,1.6134
2014-09-11,1.6225
2014-09-12,1.6243
2014-09-15,1.6243
2014-09-16,1.6290
2014-09-17,1.6329
2014-09-18,1.6372
2014-09-19,1.6314
2014-09-22,1.6340
2014-09-23,1.6370
2014-09-24,1.6344
2014-09-25,1.6313
2014-09-26,1.6254
2014-09-29,1.6262
2014-09-30,1.6220
2014-10-01,1.6216
2014-10-02,1.6140
2014-10-03,1.5962
2014-10-06,1.6029
2014-10-07,1.6072
2014-10-08,1.6068
2014-10-09,1.6123
2014-10-10,1.6049
2014-10-13,.
2014-10-14,1.5930
2014-10-15,1.5959
2014-10-16,1.6065
2014-10-17,1.6086
2014-10-20,1.6137
2014-10-21,1.6134
2014-10-22,1.6070
2014-10-23,1.6037
2014-10-24,1.6098
2014-10-27,1.6133
2014-10-28,1.6157
2014-10-29,1.6149
2014-10-30,1.6023
2014-10-31,1.5999
2014-11-03,1.5986
2014-11-04,1.5991
2014-11-05,1.5984
2014-11-06,1.5862
2014-11-07,1.5844
2014-11-10,1.5857
2014-11-11,.
2014-11-12,1.5815
2014-11-13,1.5717
2014-11-14,1.5657
2014-11-17,1.5645
2014-11-18,1.5648
2014-11-19,1.5670
2014-11-20,1.5683
2014-11-21,1.5672
2014-11-24,1.5701
2014-11-25,1.5714
2014-11-26,1.5787
2014-11-27,.
2014-11-28,1.5638
2014-12-01,1.5743
2014-12-02,1.5651
2014-12-03,1.5700
2014-12-04,1.5707
2014-12-05,1.5600
2014-12-08,1.5625
2014-12-09,1.5694
2014-12-10,1.5689
2014-12-11,1.5712
2014-12-12,1.5728
2014-12-15,1.5663
2014-12-16,1.5736
2014-12-17,1.5652
2014-12-18,1.5662
2014-12-19,1.5609
2014-12-22,1.5618
2014-12-23,1.5517
2014-12-24,1.5549
2014-12-25,.
2014-12-26,.
2014-12-29,1.5524
2014-12-30,1.5573
2014-12-31,1.5578
2015-01-01,.
2015-01-02,1.5361
2015-01-05,1.5234
2015-01-06,1.5174
2015-01-07,1.5073
2015-01-08,1.5118
2015-01-09,1.5151
2015-01-12,1.5168
2015-01-13,1.5166
2015-01-14,1.5234
2015-01-15,1.5161
2015-01-16,1.5132
2015-01-19,.
2015-01-20,1.5162
2015-01-21,1.5118
2015-01-22,1.5052
2015-01-23,1.5022
2015-01-26,1.5088
2015-01-27,1.5196
2015-01-28,1.5165
2015-01-29,1.5043
2015-01-30,1.5026
2015-02-02,1.5027
2015-02-03,1.5129
2015-02-04,1.5209
2015-02-05,1.5293
2015-02-06,1.5247
2015-02-09,1.5217
2015-02-10,1.5252
2015-02-11,1.5232
2015-02-12,1.5380
2015-02-13,1.5394
2015-02-16,.
2015-02-17,1.5349
2015-02-18,1.5430
2015-02-19,1.5451
2015-02-20,1.5385
2015-02-23,1.5465
2015-02-24,1.5434
2015-02-25,1.5499
2015-02-26,1.5424
2015-02-27,1.5439
2015-03-02,1.5371
2015-03-03,1.5391
2015-03-04,1.5266
2015-03-05,1.5229
2015-03-06,1.5063
2015-03-09,1.5097
2015-03-10,1.5086
2015-03-11,1.4945
2015-03-12,1.4907
2015-03-13,1.4755
2015-03-16,1.4800
2015-03-17,1.4744
2015-03-18,1.4686
2015-03-19,1.4729
2015-03-20,1.4923
2015-03-23,1.4936
2015-03-24,1.4870
2015-03-25,1.4915
2015-03-26,1.4844
2015-03-27,1.4878
2015-03-30,1.4792
2015-03-31,1.4850
2015-04-01,1.4823
2015-04-02,1.4842
2015-04-03,1.4916
2015-04-06,1.4959
2015-04-07,1.4857
2015-04-08,1.4924
2015-04-09,1.4739
2015-04-10,1.4648
2015-04-13,1.4658
2015-04-14,1.4790
2015-04-15,1.4782
2015-04-16,1.4923
2015-04-17,1.4942
2015-04-20,1.4913
2015-04-21,1.4944
2015-04-22,1.5027
2015-04-23,1.5047
2015-04-24,1.5176
2015-04-27,1.5235
2015-04-28,1.5328
2015-04-29,1.5485
2015-04-30,1.5328
2015-05-01,1.5137
2015-05-04,1.5118
2015-05-05,1.5178
2015-05-06,1.5244
2015-05-07,1.5223
2015-05-08,1.5455
2015-05-11,1.5593
2015-05-12,1.5685
2015-05-13,1.5748
2015-05-14,1.5766
2015-05-15,1.5772
2015-05-18,1.5679
2015-05-19,1.5523
2015-05-20,1.5544
2015-05-21,1.5672
2015-05-22,1.5484
2015-05-25,.
2015-05-26,1.5398
2015-05-27,1.5324
2015-05-28,1.5291
2015-05-29,1.5286
2015-06-01,1.5187
2015-06-02,1.5331
2015-06-03,1.5351
2015-06-04,1.5367
2015-06-05,1.5267
2015-06-08,1.5280
2015-06-09,1.5383
2015-06-10,1.5530
2015-06-11,1.5493
2015-06-12,1.5587
2015-06-15,1.5572
2015-06-16,1.5637
2015-06-17,1.5708
2015-06-18,1.5882
2015-06-19,1.5881
2015-06-22,1.5823
2015-06-23,1.5751
2015-06-24,1.5681
2015-06-25,1.5728
2015-06-26,1.5739
2015-06-29,1.5764
2015-06-30,1.5727
2015-07-01,1.5617
2015-07-02,1.5614
2015-07-03,.
2015-07-06,1.5619
2015-07-07,1.5443
2015-07-08,1.5353
2015-07-09,1.5375
2015-07-10,1.5503
2015-07-13,1.5518
2015-07-14,1.5584
2015-07-15,1.5621
2015-07-16,1.5601
2015-07-17,1.5624
2015-07-20,1.5587
2015-07-21,1.5550
2015-07-22,1.5617
2015-07-23,1.5533
2015-07-24,1.5514
2015-07-27,1.5595
2015-07-28,1.5617
2015-07-29,1.5624
2015-07-30,1.5581
2015-07-31,1.5634
2015-08-03,1.5603
2015-08-04,1.5612
2015-08-05,1.5604
2015-08-06,1.5521
2015-08-07,1.5467
2015-08-10,1.5546
2015-08-11,1.5572
2015-08-12,1.5639
2015-08-13,1.5595
2015-08-14,1.5625
2015-08-17,1.5598
2015-08-18,1.5658
2015-08-19,1.5645
2015-08-20,1.5688
2015-08-21,1.5698
2015-08-24,1.5731
2015-08-25,1.5698
2015-08-26,1.5493
2015-08-27,1.5411
2015-08-28,1.5362
2015-08-31,1.5363
2015-09-01,1.5341
2015-09-02,1.5310
2015-09-03,1.5254
2015-09-04,1.5195
2015-09-07,.
2015-09-08,1.5381
2015-09-09,1.5363
2015-09-10,1.5457
2015-09-11,1.5426
2015-09-14,1.5423
2015-09-15,1.5352
2015-09-16,1.5499
2015-09-17,1.5509
2015-09-18,1.5573
2015-09-21,1.5506
2015-09-22,1.5356
2015-09-23,1.5243
2015-09-24,1.5254
2015-09-25,1.5172
2015-09-28,1.5208
2015-09-29,1.5168
2015-09-30,1.5116
2015-10-01,1.5162
2015-10-02,1.5216
2015-10-05,1.5165
2015-10-06,1.5227
2015-10-07,1.5315
2015-10-08,1.5316
2015-10-09,1.5315
2015-10-12,.
2015-10-13,1.5242
2015-10-14,1.5445
2015-10-15,1.5475
2015-10-16,1.5441
2015-10-19,1.5471
2015-10-20,1.5470
2015-10-21,1.5463
2015-10-22,1.5399
2015-10-23,1.5340
2015-10-26,1.5361
2015-10-27,1.5312
2015-10-28,1.5319
2015-10-29,1.5296
2015-10-30,1.5445
2015-11-02,1.5428
2015-11-03,1.5404
2015-11-04,1.5377
2015-11-05,1.5236
2015-11-06,1.5071
2015-11-09,1.5124
2015-11-10,1.5110
2015-11-11,.
2015-11-12,1.5206
2015-11-13,1.5208
2015-11-16,1.5204
2015-11-17,1.5214
2015-11-18,1.5210
2015-11-19,1.5327
2015-11-20,1.5199
2015-11-23,1.5125
2015-11-24,1.5057
2015-11-25,1.5109
2015-11-26,.
2015-11-27,1.5040
2015-11-30,1.5044
2015-12-01,1.5074
2015-12-02,1.4927
2015-12-03,1.5088
2015-12-04,1.5100
2015-12-07,1.5076
2015-12-08,1.5000
2015-12-09,1.5168
2015-12-10,1.5176
2015-12-11,1.5213
2015-12-14,1.5130
2015-12-15,1.5044
2015-12-16,1.5013
2015-12-17,1.4876
2015-12-18,1.4914
2015-12-21,1.4906
2015-12-22,1.4811
2015-12-23,1.4863
2015-12-24,1.4943
2015-12-25,.
2015-12-28,1.4883
2015-12-29,1.4794
2015-12-30,1.4832
2015-12-31,1.4746
2016-01-01,.
2016-01-04,1.4686
2016-01-05,1.4664
2016-01-06,1.4626
2016-01-07,1.4579
2016-01-08,1.4523
2016-01-11,1.4564
2016-01-12,1.4403
2016-01-13,1.4470
2016-01-14,1.4409
2016-01-15,1.4289
2016-01-18,.
2016-01-19,1.4171
2016-01-20,1.4167
2016-01-21,1.4198
2016-01-22,1.4308
2016-01-25,1.4245
2016-01-26,1.4342
2016-01-27,1.4261
2016-01-28,1.4351
2016-01-29,1.4184
2016-02-01,1.4367
2016-02-02,1.4399
2016-02-03,1.4576
2016-02-04,1.4580
2016-02-05,1.4468
2016-02-08,1.4415
2016-02-09,1.4473
2016-02-10,1.4473
2016-02-11,1.4448
2016-02-12,1.4460
2016-02-15,.
2016-02-16,1.4290
2016-02-17,1.4317
2016-02-18,1.4333
2016-02-19,1.4343
2016-02-22,1.4157
2016-02-23,1.4040
2016-02-24,1.3932
2016-02-25,1.3937
2016-02-26,1.3867
2016-02-29,1.3926
2016-03-01,1.3948
2016-03-02,1.4059
2016-03-03,1.4152
2016-03-04,1.4226
2016-03-07,1.4256
2016-03-08,1.4225
2016-03-09,1.4236
2016-03-10,1.4306
2016-03-11,1.4426
2016-03-14,1.4324
2016-03-15,1.4166
2016-03-16,1.4100
2016-03-17,1.4490
2016-03-18,1.4514
2016-03-21,1.4402
2016-03-22,1.4217
2016-03-23,1.4111
2016-03-24,1.4143
2016-03-25,1.4131
2016-03-28,1.4250
2016-03-29,1.4281
2016-03-30,1.4390
2016-03-31,1.4381
2016-04-01,1.4204
2016-04-04,1.4279
2016-04-05,1.4149
2016-04-06,1.4162
2016-04-07,1.4082
2016-04-08,1.4105
2016-04-11,1.4240
2016-04-12,1.4244
2016-04-13,1.4223
2016-04-14,1.4148
2016-04-15,1.4217
2016-04-18,1.4276
2016-04-19,1.4396
2016-04-20,1.4375
2016-04-21,1.4338
2016-04-22,1.4390
2016-04-25,1.4492
2016-04-26,1.4611
2016-04-27,1.4554
2016-04-28,1.4581
2016-04-29,1.4625
2016-05-02,1.4666
2016-05-03,1.4543
2016-05-04,1.4475
2016-05-05,1.4486
2016-05-06,1.4439
2016-05-09,1.4409
2016-05-10,1.4454
2016-05-11,1.4480
2016-05-12,1.4452
2016-05-13,1.4369
2016-05-16,1.4411
2016-05-17,1.4485
2016-05-18,1.4615
2016-05-19,1.4608
2016-05-20,1.4513
2016-05-23,1.4444
2016-05-24,1.4623
2016-05-25,1.4694
2016-05-26,1.4673
2016-05-27,1.4644
2016-05-30,.
2016-05-31,1.4530
2016-06-01,1.4395
2016-06-02,1.4419
2016-06-03,1.4521
2016-06-06,1.4450
2016-06-07,1.4564
2016-06-08,1.4546
2016-06-09,1.4467
2016-06-10,1.4342
2016-06-13,1.4223
2016-06-14,1.4130
2016-06-15,1.4185
2016-06-16,1.4075
2016-06-17,1.4285
2016-06-20,1.4688
2016-06-21,1.4668
2016-06-22,1.4682
2016-06-23,1.4800
2016-06-24,1.3639
2016-06-27,1.3217
2016-06-28,1.3294
2016-06-29,1.3510
2016-06-30,1.3242
2016-07-01,1.3281
2016-07-04,.
2016-07-05,1.3021
2016-07-06,1.2921
2016-07-07,1.2926
2016-07-08,1.2938
2016-07-11,1.2986
2016-07-12,1.3237
2016-07-13,1.3180
2016-07-14,1.3332
2016-07-15,1.3194
2016-07-18,1.3279
2016-07-19,1.3123
2016-07-20,1.3179
2016-07-21,1.3216
2016-07-22,1.3091
2016-07-25,1.3130
2016-07-26,1.3133
2016-07-27,1.3094
2016-07-28,1.3151
2016-07-29,1.3270
2016-08-01,1.3209
2016-08-02,1.3326
2016-08-03,1.3335
2016-08-04,1.3143
2016-08-05,1.3069
2016-08-08,1.3042
2016-08-09,1.3010
2016-08-10,1.2998
2016-08-11,1.2960
2016-08-12,1.2934
2016-08-15,1.2874
2016-08-16,1.3019
2016-08-17,1.3012
2016-08-18,1.3147
2016-08-19,1.3061
2016-08-22,1.3133
2016-08-23,1.3179
2016-08-24,1.3236
2016-08-25,1.3177
2016-08-26,1.3168
2016-08-29,1.3089
2016-08-30,1.3084
2016-08-31,1.3129
2016-09-01,1.3273
2016-09-02,1.3299
2016-09-05,.
2016-09-06,1.3429
2016-09-07,1.3339
2016-09-08,1.3301
2016-09-09,1.3257
2016-09-12,1.3313
2016-09-13,1.3184
2016-09-14,1.3204
2016-09-15,1.3215
2016-09-16,1.3090
2016-09-19,1.3051
2016-09-20,1.2974
2016-09-21,1.2978
2016-09-22,1.3092
2016-09-23,1.2959
2016-09-26,1.2978
2016-09-27,1.3005
2016-09-28,1.2996
2016-09-29,1.2991
2016-09-30,1.3015
2016-10-03,1.2840
2016-10-04,1.2746
2016-10-05,1.2745
2016-10-06,1.2647
2016-10-07,1.2434
2016-10-10,.
2016-10-11,1.2218
2016-10-12,1.2195
2016-10-13,1.2201
2016-10-14,1.2189
2016-10-17,1.2186
2016-10-18,1.2310
2016-10-19,1.2279
2016-10-20,1.2256
2016-10-21,1.2210
2016-10-24,1.2204
2016-10-25,1.2164
2016-10-26,1.2234
2016-10-27,1.2173
2016-10-28,1.2155
2016-10-31,1.2212
2016-11-01,1.2218
2016-11-02,1.2315
2016-11-03,1.2454
2016-11-04,1.2546
2016-11-07,1.2403
2016-11-08,1.2372
2016-11-09,1.2474
2016-11-10,1.2523
2016-11-11,.
2016-11-14,1.2469
2016-11-15,1.2422
2016-11-16,1.2450
2016-11-17,1.2450
2016-11-18,1.2327
2016-11-21,1.2474
2016-11-22,1.2424
2016-11-23,1.2458
2016-11-24,.
2016-11-25,1.2462
2016-11-28,1.2411
2016-11-29,1.2505
2016-11-30,1.2481
2016-12-01,1.2596
2016-12-02,1.2685
2016-12-05,1.2708
2016-12-06,1.2706
2016-12-07,1.2604
2016-12-08,1.2574
2016-12-09,1.2590
2016-12-12,1.2677
2016-12-13,1.2685
2016-12-14,1.2706
2016-12-15,1.2389
2016-12-16,1.2478
2016-12-19,1.2419
2016-12-20,1.2358
2016-12-21,1.2348
2016-12-22,1.2301
2016-12-23,1.2252
2016-12-26,.
2016-12-27,1.2261
2016-12-28,1.2222
2016-12-29,1.2237
2016-12-30,1.2337
2017-01-02,.
2017-01-03,1.2256
2017-01-04,1.2299
2017-01-05,1.2415
2017-01-06,1.2314
2017-01-09,1.2167
2017-01-10,1.2165
2017-01-11,1.2118
2017-01-12,1.2211
2017-01-13,1.2198
2017-01-16,.
2017-01-17,1.2388
2017-01-18,1.2309
2017-01-19,1.2319
2017-01-20,.
2017-01-23,1.2485
2017-01-24,1.2531
2017-01-25,1.2620
2017-01-26,1.2579
2017-01-27,1.2531
2017-01-30,1.2478
2017-01-31,1.2585
2017-02-01,1.2643
2017-02-02,1.2541
2017-02-03,1.2504
