DATE,DEXSFUS
2007-02-05,7.2100
2007-02-06,7.1960
2007-02-07,7.1675
2007-02-08,7.1706
2007-02-09,7.1575
2007-02-12,7.2800
2007-02-13,7.2710
2007-02-14,7.1960
2007-02-15,7.1950
2007-02-16,7.1735
2007-02-19,.
2007-02-20,7.1090
2007-02-21,7.1190
2007-02-22,7.0740
2007-02-23,7.0700
2007-02-26,7.0701
2007-02-27,7.2120
2007-02-28,7.2480
2007-03-01,7.2875
2007-03-02,7.3680
2007-03-05,7.4625
2007-03-06,7.4100
2007-03-07,7.4247
2007-03-08,7.3675
2007-03-09,7.3202
2007-03-12,7.3520
2007-03-13,7.4200
2007-03-14,7.4805
2007-03-15,7.4110
2007-03-16,7.4750
2007-03-19,7.4265
2007-03-20,7.3965
2007-03-21,7.3470
2007-03-22,7.1860
2007-03-23,7.2205
2007-03-26,7.2280
2007-03-27,7.2415
2007-03-28,7.3500
2007-03-29,7.2907
2007-03-30,7.2900
2007-04-02,7.2800
2007-04-03,7.1750
2007-04-04,7.1710
2007-04-05,7.1310
2007-04-06,7.1250
2007-04-09,7.1125
2007-04-10,7.1525
2007-04-11,7.1330
2007-04-12,7.1860
2007-04-13,7.1950
2007-04-16,7.0970
2007-04-17,7.0595
2007-04-18,7.0680
2007-04-19,7.0600
2007-04-20,7.0230
2007-04-23,7.0725
2007-04-24,7.0355
2007-04-25,6.9820
2007-04-26,7.0125
2007-04-27,7.0530
2007-04-30,7.0310
2007-05-01,7.0390
2007-05-02,7.0410
2007-05-03,6.9700
2007-05-04,6.9280
2007-05-07,6.8780
2007-05-08,6.9265
2007-05-09,6.8976
2007-05-10,6.9850
2007-05-11,6.9715
2007-05-14,6.9400
2007-05-15,6.9100
2007-05-16,6.9725
2007-05-17,7.0315
2007-05-18,7.0305
2007-05-21,7.0320
2007-05-22,7.0445
2007-05-23,7.0431
2007-05-24,7.1481
2007-05-25,7.1010
2007-05-28,.
2007-05-29,7.1330
2007-05-30,7.1800
2007-05-31,7.1220
2007-06-01,7.0810
2007-06-04,7.1215
2007-06-05,7.1255
2007-06-06,7.2085
2007-06-07,7.2005
2007-06-08,7.2685
2007-06-11,7.2230
2007-06-12,7.2225
2007-06-13,7.2503
2007-06-14,7.1970
2007-06-15,7.1175
2007-06-18,7.0860
2007-06-19,7.0790
2007-06-20,7.1010
2007-06-21,7.1550
2007-06-22,7.1250
2007-06-25,7.1455
2007-06-26,7.1708
2007-06-27,7.1800
2007-06-28,7.0790
2007-06-29,7.0440
2007-07-02,6.9661
2007-07-03,6.9680
2007-07-04,.
2007-07-05,7.0200
2007-07-06,6.9925
2007-07-09,6.9630
2007-07-10,6.9865
2007-07-11,7.0300
2007-07-12,6.9705
2007-07-13,6.9790
2007-07-16,6.9600
2007-07-17,6.9664
2007-07-18,6.9680
2007-07-19,6.8693
2007-07-20,6.8830
2007-07-23,6.8075
2007-07-24,6.8330
2007-07-25,6.8980
2007-07-26,7.0250
2007-07-27,7.1120
2007-07-30,7.1475
2007-07-31,7.0880
2007-08-01,7.1225
2007-08-02,7.0950
2007-08-03,7.0805
2007-08-06,7.0720
2007-08-07,7.0700
2007-08-08,7.0225
2007-08-09,7.1370
2007-08-10,7.1725
2007-08-13,7.1550
2007-08-14,7.2670
2007-08-15,7.3725
2007-08-16,7.4985
2007-08-17,7.3850
2007-08-20,7.3950
2007-08-21,7.3700
2007-08-22,7.2425
2007-08-23,7.2775
2007-08-24,7.2300
2007-08-27,7.2200
2007-08-28,7.2700
2007-08-29,7.2070
2007-08-30,7.1290
2007-08-31,7.1620
2007-09-03,7.1620
2007-09-04,7.2060
2007-09-05,7.2500
2007-09-06,7.1876
2007-09-07,7.2385
2007-09-10,7.2375
2007-09-11,7.1825
2007-09-12,7.1405
2007-09-13,7.1280
2007-09-14,7.1600
2007-09-17,7.1975
2007-09-18,7.1825
2007-09-19,7.0750
2007-09-20,7.0300
2007-09-21,6.9810
2007-09-24,6.9650
2007-09-25,6.9875
2007-09-26,6.9330
2007-09-27,6.8900
2007-09-28,6.8808
2007-10-01,6.8650
2007-10-02,6.9091
2007-10-03,6.8906
2007-10-04,6.9120
2007-10-05,6.8226
2007-10-08,6.8226
2007-10-09,6.8600
2007-10-10,6.8540
2007-10-11,6.7250
2007-10-12,6.7551
2007-10-15,6.7855
2007-10-16,6.8800
2007-10-17,6.8050
2007-10-18,6.7955
2007-10-19,6.7975
2007-10-22,6.8400
2007-10-23,6.7185
2007-10-24,6.6610
2007-10-25,6.5811
2007-10-26,6.4880
2007-10-29,6.5529
2007-10-30,6.5650
2007-10-31,6.5350
2007-11-01,6.5680
2007-11-02,6.5725
2007-11-05,6.5805
2007-11-06,6.5115
2007-11-07,6.4451
2007-11-08,6.4850
2007-11-09,6.6350
2007-11-12,.
2007-11-13,6.7225
2007-11-14,6.6100
2007-11-15,6.6900
2007-11-16,6.6605
2007-11-19,6.7533
2007-11-20,6.7055
2007-11-21,6.8150
2007-11-22,6.8150
2007-11-23,6.8150
2007-11-26,6.9300
2007-11-27,7.0000
2007-11-28,6.8825
2007-11-29,6.8050
2007-11-30,6.8000
2007-12-03,6.8165
2007-12-04,6.8000
2007-12-05,6.7435
2007-12-06,6.7460
2007-12-07,6.7025
2007-12-10,6.6680
2007-12-11,6.7005
2007-12-12,6.6950
2007-12-13,6.7700
2007-12-14,6.8700
2007-12-17,6.9265
2007-12-18,6.9250
2007-12-19,6.9200
2007-12-20,7.0470
2007-12-21,7.0200
2007-12-24,6.9400
2007-12-25,.
2007-12-26,6.9700
2007-12-27,6.8200
2007-12-28,6.8125
2007-12-31,6.8595
2008-01-01,.
2008-01-02,6.8125
2008-01-03,6.8600
2008-01-04,6.8670
2008-01-07,6.9255
2008-01-08,6.8730
2008-01-09,6.8635
2008-01-10,6.8610
2008-01-11,6.7530
2008-01-14,6.7400
2008-01-15,6.8125
2008-01-16,6.9150
2008-01-17,7.0385
2008-01-18,7.0752
2008-01-21,.
2008-01-22,7.1150
2008-01-23,7.1110
2008-01-24,7.0000
2008-01-25,7.1550
2008-01-28,7.1950
2008-01-29,7.1850
2008-01-30,7.3100
2008-01-31,7.4525
2008-02-01,7.4100
2008-02-04,7.4440
2008-02-05,7.5910
2008-02-06,7.6250
2008-02-07,7.7150
2008-02-08,7.7950
2008-02-11,7.7910
2008-02-12,7.6950
2008-02-13,7.7185
2008-02-14,7.6725
2008-02-15,7.6600
2008-02-18,.
2008-02-19,7.6650
2008-02-20,7.8950
2008-02-21,7.7510
2008-02-22,7.7400
2008-02-25,7.7070
2008-02-26,7.5585
2008-02-27,7.4250
2008-02-28,7.5575
2008-02-29,7.7400
2008-03-03,7.7755
2008-03-04,7.9145
2008-03-05,7.7600
2008-03-06,7.9200
2008-03-07,7.9855
2008-03-10,8.0225
2008-03-11,7.8825
2008-03-12,7.8300
2008-03-13,7.9350
2008-03-14,7.9037
2008-03-17,8.1575
2008-03-18,8.0350
2008-03-19,7.9990
2008-03-20,8.2125
2008-03-21,8.1550
2008-03-24,8.1000
2008-03-25,8.0350
2008-03-26,8.0271
2008-03-27,7.9639
2008-03-28,8.0750
2008-03-31,8.1440
2008-04-01,8.0251
2008-04-02,7.8011
2008-04-03,7.7400
2008-04-04,7.8000
2008-04-07,7.7675
2008-04-08,7.7805
2008-04-09,7.8400
2008-04-10,7.7850
2008-04-11,7.8050
2008-04-14,7.8735
2008-04-15,7.9525
2008-04-16,7.9005
2008-04-17,7.8375
2008-04-18,7.7565
2008-04-21,7.7525
2008-04-22,7.6300
2008-04-23,7.6733
2008-04-24,7.6800
2008-04-25,7.5950
2008-04-28,7.5350
2008-04-29,7.5876
2008-04-30,7.5685
2008-05-01,7.6350
2008-05-02,7.5500
2008-05-05,7.5725
2008-05-06,7.5600
2008-05-07,7.5100
2008-05-08,7.5750
2008-05-09,7.7260
2008-05-12,7.6110
2008-05-13,7.5830
2008-05-14,7.6000
2008-05-15,7.5975
2008-05-16,7.4700
2008-05-19,7.4920
2008-05-20,7.6433
2008-05-21,7.6435
2008-05-22,7.6735
2008-05-23,7.6610
2008-05-26,.
2008-05-27,7.7601
2008-05-28,7.6985
2008-05-29,7.5820
2008-05-30,7.6150
2008-06-02,7.7126
2008-06-03,7.7005
2008-06-04,7.7630
2008-06-05,7.8830
2008-06-06,7.8450
2008-06-09,7.9231
2008-06-10,7.9600
2008-06-11,8.0175
2008-06-12,8.1200
2008-06-13,8.1200
2008-06-16,8.0980
2008-06-17,8.0125
2008-06-18,8.0181
2008-06-19,7.9630
2008-06-20,7.9905
2008-06-23,8.0600
2008-06-24,7.9925
2008-06-25,7.8950
2008-06-26,7.8860
2008-06-27,7.9075
2008-06-30,7.8035
2008-07-01,7.9151
2008-07-02,7.8410
2008-07-03,7.7100
2008-07-04,.
2008-07-07,7.7200
2008-07-08,7.7520
2008-07-09,7.6800
2008-07-10,7.7227
2008-07-11,7.6925
2008-07-14,7.6465
2008-07-15,7.6401
2008-07-16,7.6080
2008-07-17,7.5350
2008-07-18,7.6030
2008-07-21,7.5570
2008-07-22,7.4920
2008-07-23,7.5325
2008-07-24,7.6420
2008-07-25,7.5725
2008-07-28,7.5000
2008-07-29,7.3960
2008-07-30,7.3830
2008-07-31,7.3105
2008-08-01,7.2615
2008-08-04,7.2350
2008-08-05,7.3800
2008-08-06,7.4325
2008-08-07,7.4870
2008-08-08,7.6945
2008-08-11,7.7450
2008-08-12,7.8200
2008-08-13,7.8975
2008-08-14,7.8405
2008-08-15,7.8801
2008-08-18,7.7181
2008-08-19,7.7950
2008-08-20,7.7550
2008-08-21,7.6600
2008-08-22,7.6575
2008-08-25,7.7250
2008-08-26,7.7995
2008-08-27,7.7730
2008-08-28,7.7100
2008-08-29,7.7004
2008-09-01,.
2008-09-02,7.7725
2008-09-03,7.8830
2008-09-04,7.9425
2008-09-05,7.9900
2008-09-08,7.9215
2008-09-09,7.9350
2008-09-10,8.1600
2008-09-11,8.2800
2008-09-12,8.0300
2008-09-15,8.0750
2008-09-16,8.1450
2008-09-17,8.2190
2008-09-18,8.2325
2008-09-19,7.9250
2008-09-22,7.9750
2008-09-23,8.1350
2008-09-24,8.1430
2008-09-25,8.1588
2008-09-26,8.1322
2008-09-29,8.2120
2008-09-30,8.3152
2008-10-01,8.2690
2008-10-02,8.4797
2008-10-03,8.4150
2008-10-06,8.8405
2008-10-07,8.8600
2008-10-08,9.2275
2008-10-09,9.0025
2008-10-10,9.4300
2008-10-13,.
2008-10-14,8.9850
2008-10-15,9.4950
2008-10-16,10.2780
2008-10-17,10.0775
2008-10-20,10.1650
2008-10-21,10.6675
2008-10-22,11.2700
2008-10-23,11.0200
2008-10-24,11.1075
2008-10-27,10.9625
2008-10-28,10.6500
2008-10-29,10.0000
2008-10-30,10.0880
2008-10-31,9.8700
2008-11-03,9.9250
2008-11-04,9.6305
2008-11-05,9.6784
2008-11-06,9.9550
2008-11-07,10.1500
2008-11-10,10.0680
2008-11-11,.
2008-11-12,10.3802
2008-11-13,10.4800
2008-11-14,10.0000
2008-11-17,10.1250
2008-11-18,10.1700
2008-11-19,10.3600
2008-11-20,10.6400
2008-11-21,10.6225
2008-11-24,10.0675
2008-11-25,9.7500
2008-11-26,9.9000
2008-11-27,.
2008-11-28,10.1000
2008-12-01,10.2750
2008-12-02,10.3780
2008-12-03,10.1500
2008-12-04,10.1930
2008-12-05,10.4745
2008-12-08,10.0300
2008-12-09,10.1200
2008-12-10,10.1400
2008-12-11,9.9225
2008-12-12,10.2150
2008-12-15,10.1105
2008-12-16,10.2530
2008-12-17,9.8400
2008-12-18,9.5205
2008-12-19,9.7335
2008-12-22,9.7500
2008-12-23,9.6384
2008-12-24,9.7350
2008-12-25,.
2008-12-26,9.7100
2008-12-29,9.4600
2008-12-30,9.3500
2008-12-31,9.3000
2009-01-01,.
2009-01-02,9.3100
2009-01-05,9.2900
2009-01-06,9.3425
2009-01-07,9.4575
2009-01-08,9.6470
2009-01-09,9.7850
2009-01-12,10.1000
2009-01-13,10.0050
2009-01-14,10.1500
2009-01-15,10.1260
2009-01-16,10.0450
2009-01-19,.
2009-01-20,10.1690
2009-01-21,10.1680
2009-01-22,10.1155
2009-01-23,10.2700
2009-01-26,10.1210
2009-01-27,9.9750
2009-01-28,9.9025
2009-01-29,9.9720
2009-01-30,10.2000
2009-02-02,10.1750
2009-02-03,10.0956
2009-02-04,9.9800
2009-02-05,9.8605
2009-02-06,9.6526
2009-02-09,9.6100
2009-02-10,9.7500
2009-02-11,9.8775
2009-02-12,10.0751
2009-02-13,9.9345
2009-02-16,.
2009-02-17,10.2500
2009-02-18,10.1850
2009-02-19,10.0675
2009-02-20,10.1700
2009-02-23,10.0400
2009-02-24,9.9900
2009-02-25,9.9410
2009-02-26,9.8800
2009-02-27,10.0350
2009-03-02,10.5000
2009-03-03,10.5250
2009-03-04,10.3600
2009-03-05,10.6425
2009-03-06,10.4100
2009-03-09,10.5900
2009-03-10,10.2880
2009-03-11,10.1450
2009-03-12,9.9600
2009-03-13,9.9975
2009-03-16,9.8600
2009-03-17,9.9825
2009-03-18,9.9300
2009-03-19,9.6475
2009-03-20,9.6000
2009-03-23,9.4620
2009-03-24,9.4501
2009-03-25,9.4325
2009-03-26,9.3701
2009-03-27,9.5600
2009-03-30,9.7485
2009-03-31,9.5170
2009-04-01,9.3705
2009-04-02,9.1000
2009-04-03,9.0410
2009-04-06,9.1100
2009-04-07,9.1621
2009-04-08,9.1015
2009-04-09,9.0750
2009-04-10,9.0340
2009-04-13,9.0200
2009-04-14,9.0475
2009-04-15,9.1522
2009-04-16,8.9350
2009-04-17,8.9615
2009-04-20,9.0820
2009-04-21,8.9580
2009-04-22,8.8706
2009-04-23,8.9930
2009-04-24,8.8150
2009-04-27,8.7450
2009-04-28,8.7180
2009-04-29,8.4850
2009-04-30,8.4400
2009-05-01,8.4350
2009-05-04,8.3400
2009-05-05,8.4045
2009-05-06,8.3970
2009-05-07,8.3725
2009-05-08,8.3600
2009-05-11,8.3900
2009-05-12,8.4670
2009-05-13,8.5050
2009-05-14,8.5650
2009-05-15,8.7331
2009-05-18,8.6130
2009-05-19,8.4375
2009-05-20,8.3350
2009-05-21,8.3600
2009-05-22,8.3050
2009-05-25,.
2009-05-26,8.2775
2009-05-27,8.1175
2009-05-28,8.0400
2009-05-29,8.0275
2009-06-01,7.9425
2009-06-02,8.0285
2009-06-03,8.0800
2009-06-04,8.0160
2009-06-05,8.0300
2009-06-08,8.1855
2009-06-09,8.0950
2009-06-10,8.0651
2009-06-11,7.9750
2009-06-12,8.0225
2009-06-15,8.1050
2009-06-16,8.0125
2009-06-17,8.1350
2009-06-18,8.1145
2009-06-19,8.0700
2009-06-22,8.1975
2009-06-23,8.1725
2009-06-24,8.0250
2009-06-25,8.0020
2009-06-26,7.9040
2009-06-29,7.8230
2009-06-30,7.7300
2009-07-01,7.7356
2009-07-02,7.8275
2009-07-03,7.9000
2009-07-06,7.9975
2009-07-07,8.0200
2009-07-08,8.2056
2009-07-09,8.1150
2009-07-10,8.2300
2009-07-13,8.2575
2009-07-14,8.2444
2009-07-15,8.1267
2009-07-16,8.1125
2009-07-17,8.0675
2009-07-20,7.9005
2009-07-21,7.8205
2009-07-22,7.7035
2009-07-23,7.6505
2009-07-24,7.7501
2009-07-27,7.7405
2009-07-28,7.8195
2009-07-29,7.8950
2009-07-30,7.7930
2009-07-31,7.8125
2009-08-03,7.7210
2009-08-04,7.8500
2009-08-05,7.9488
2009-08-06,8.0700
2009-08-07,8.0095
2009-08-10,8.0725
2009-08-11,8.1525
2009-08-12,8.0700
2009-08-13,8.0567
2009-08-14,8.0621
2009-08-17,8.1456
2009-08-18,8.0723
2009-08-19,7.9875
2009-08-20,7.9050
2009-08-21,7.7872
2009-08-24,7.7805
2009-08-25,7.7696
2009-08-26,7.8795
2009-08-27,7.8685
2009-08-28,7.7665
2009-08-31,7.7780
2009-09-01,7.8700
2009-09-02,7.8440
2009-09-03,7.6815
2009-09-04,7.6152
2009-09-07,.
2009-09-08,7.5425
2009-09-09,7.4900
2009-09-10,7.5725
2009-09-11,7.4475
2009-09-14,7.4599
2009-09-15,7.3900
2009-09-16,7.3165
2009-09-17,7.3800
2009-09-18,7.4315
2009-09-21,7.4750
2009-09-22,7.3830
2009-09-23,7.4500
2009-09-24,7.4709
2009-09-25,7.4011
2009-09-28,7.3855
2009-09-29,7.4075
2009-09-30,7.5390
2009-10-01,7.7040
2009-10-02,7.6500
2009-10-05,7.5686
2009-10-06,7.4090
2009-10-07,7.4540
2009-10-08,7.3400
2009-10-09,7.3867
2009-10-12,.
2009-10-13,7.3375
2009-10-14,7.2575
2009-10-15,7.2725
2009-10-16,7.3500
2009-10-19,7.3250
2009-10-20,7.3900
2009-10-21,7.3500
2009-10-22,7.4235
2009-10-23,7.4550
2009-10-26,7.5560
2009-10-27,7.6500
2009-10-28,7.7850
2009-10-29,7.7440
2009-10-30,7.8210
2009-11-02,7.8512
2009-11-03,7.9160
2009-11-04,7.6460
2009-11-05,7.6000
2009-11-06,7.5360
2009-11-09,7.4020
2009-11-10,7.3990
2009-11-11,.
2009-11-12,7.4330
2009-11-13,7.4401
2009-11-16,7.3580
2009-11-17,7.5155
2009-11-18,7.4226
2009-11-19,7.5210
2009-11-20,7.5780
2009-11-23,7.4750
2009-11-24,7.4650
2009-11-25,7.3370
2009-11-26,.
2009-11-27,7.4100
2009-11-30,7.3770
2009-12-01,7.3055
2009-12-02,7.3050
2009-12-03,7.3330
2009-12-04,7.4325
2009-12-07,7.4500
2009-12-08,7.5280
2009-12-09,7.5725
2009-12-10,7.4979
2009-12-11,7.5610
2009-12-14,7.4235
2009-12-15,7.4680
2009-12-16,7.3950
2009-12-17,7.5745
2009-12-18,7.6000
2009-12-21,7.7350
2009-12-22,7.7300
2009-12-23,7.6050
2009-12-24,7.5055
2009-12-25,.
2009-12-28,7.4835
2009-12-29,7.4130
2009-12-30,7.3850
2009-12-31,7.3613
2010-01-01,.
2010-01-04,7.2955
2010-01-05,7.3060
2010-01-06,7.3060
2010-01-07,7.4400
2010-01-08,7.3565
2010-01-11,7.3425
2010-01-12,7.4250
2010-01-13,7.4222
2010-01-14,7.4060
2010-01-15,7.3880
2010-01-18,.
2010-01-19,7.4000
2010-01-20,7.5551
2010-01-21,7.5700
2010-01-22,7.6100
2010-01-25,7.6100
2010-01-26,7.6265
2010-01-27,7.6005
2010-01-28,7.5594
2010-01-29,7.5800
2010-02-01,7.5250
2010-02-02,7.4661
2010-02-03,7.4963
2010-02-04,7.6835
2010-02-05,7.7701
2010-02-08,7.7375
2010-02-09,7.6800
2010-02-10,7.7400
2010-02-11,7.6425
2010-02-12,7.7025
2010-02-15,.
2010-02-16,7.6700
2010-02-17,7.6000
2010-02-18,7.6225
2010-02-19,7.6493
2010-02-22,7.7150
2010-02-23,7.7461
2010-02-24,7.7550
2010-02-25,7.8500
2010-02-26,7.6400
2010-03-01,7.6210
2010-03-02,7.5980
2010-03-03,7.5050
2010-03-04,7.4800
2010-03-05,7.4202
2010-03-08,7.4031
2010-03-09,7.3850
2010-03-10,7.4090
2010-03-11,7.4366
2010-03-12,7.3848
2010-03-15,7.4200
2010-03-16,7.3675
2010-03-17,7.2378
2010-03-18,7.3050
2010-03-19,7.3396
2010-03-22,7.3380
2010-03-23,7.3290
2010-03-24,7.3455
2010-03-25,7.4445
2010-03-26,7.4445
2010-03-29,7.3980
2010-03-30,7.3900
2010-03-31,7.3300
2010-04-01,7.2600
2010-04-02,7.2400
2010-04-05,7.2375
2010-04-06,7.2650
2010-04-07,7.2705
2010-04-08,7.2675
2010-04-09,7.2530
2010-04-12,7.2623
2010-04-13,7.2744
2010-04-14,7.3001
2010-04-15,7.3406
2010-04-16,7.4043
2010-04-19,7.4875
2010-04-20,7.3925
2010-04-21,7.3938
2010-04-22,7.5073
2010-04-23,7.4460
2010-04-26,7.3390
2010-04-27,7.4400
2010-04-28,7.4850
2010-04-29,7.3600
2010-04-30,7.3515
2010-05-03,7.4230
2010-05-04,7.5480
2010-05-05,7.6265
2010-05-06,7.7680
2010-05-07,7.6353
2010-05-10,7.4777
2010-05-11,7.5350
2010-05-12,7.4935
2010-05-13,7.4740
2010-05-14,7.5524
2010-05-17,7.5941
2010-05-18,7.5901
2010-05-19,7.8570
2010-05-20,7.9799
2010-05-21,7.8535
2010-05-24,7.8250
2010-05-25,7.9300
2010-05-26,7.7149
2010-05-27,7.6000
2010-05-28,7.5517
2010-05-31,.
2010-06-01,7.6718
2010-06-02,7.6365
2010-06-03,7.6780
2010-06-04,7.7753
2010-06-07,7.7955
2010-06-08,7.7427
2010-06-09,7.7603
2010-06-10,7.7000
2010-06-11,7.7100
2010-06-14,7.6520
2010-06-15,7.5742
2010-06-16,7.5710
2010-06-17,7.5815
2010-06-18,7.5376
2010-06-21,7.4820
2010-06-22,7.5200
2010-06-23,7.5275
2010-06-24,7.6402
2010-06-25,7.6262
2010-06-28,7.5419
2010-06-29,7.6347
2010-06-30,7.6252
2010-07-01,7.7501
2010-07-02,7.7165
2010-07-05,.
2010-07-06,7.6210
2010-07-07,7.6302
2010-07-08,7.5521
2010-07-09,7.5800
2010-07-12,7.6241
2010-07-13,7.5302
2010-07-14,7.5151
2010-07-15,7.5616
2010-07-16,7.6052
2010-07-19,7.6602
2010-07-20,7.5830
2010-07-21,7.5303
2010-07-22,7.4424
2010-07-23,7.4321
2010-07-26,7.3370
2010-07-27,7.3200
2010-07-28,7.3310
2010-07-29,7.3319
2010-07-30,7.2915
2010-08-02,7.2762
2010-08-03,7.2821
2010-08-04,7.2642
2010-08-05,7.2497
2010-08-06,7.2425
2010-08-09,7.1804
2010-08-10,7.2130
2010-08-11,7.2766
2010-08-12,7.2770
2010-08-13,7.3100
2010-08-16,7.2650
2010-08-17,7.2540
2010-08-18,7.2539
2010-08-19,7.2870
2010-08-20,7.3325
2010-08-23,7.3406
2010-08-24,7.3492
2010-08-25,7.3494
2010-08-26,7.3120
2010-08-27,7.3070
2010-08-30,7.3355
2010-08-31,7.3725
2010-09-01,7.2905
2010-09-02,7.2279
2010-09-03,7.1825
2010-09-06,.
2010-09-07,7.2565
2010-09-08,7.2403
2010-09-09,7.1900
2010-09-10,7.1875
2010-09-13,7.1334
2010-09-14,7.0422
2010-09-15,7.0830
2010-09-16,7.1626
2010-09-17,7.1301
2010-09-20,7.1180
2010-09-21,7.1208
2010-09-22,7.0236
2010-09-23,7.0280
2010-09-24,7.0045
2010-09-27,7.0042
2010-09-28,6.9754
2010-09-29,6.9572
2010-09-30,6.9509
2010-10-01,6.9320
2010-10-04,7.0210
2010-10-05,6.8857
2010-10-06,6.8450
2010-10-07,6.8900
2010-10-08,6.8415
2010-10-11,.
2010-10-12,6.8710
2010-10-13,6.8100
2010-10-14,6.7900
2010-10-15,6.8125
2010-10-18,6.8660
2010-10-19,6.9370
2010-10-20,6.9192
2010-10-21,6.9160
2010-10-22,6.9526
2010-10-25,6.9200
2010-10-26,6.9271
2010-10-27,7.0720
2010-10-28,6.9900
2010-10-29,6.9755
2010-11-01,7.0050
2010-11-02,6.9150
2010-11-03,6.9090
2010-11-04,6.8110
2010-11-05,6.7930
2010-11-08,6.8500
2010-11-09,6.8354
2010-11-10,6.8960
2010-11-11,.
2010-11-12,6.9070
2010-11-15,6.9525
2010-11-16,7.0500
2010-11-17,7.0204
2010-11-18,7.0028
2010-11-19,7.0165
2010-11-22,6.9952
2010-11-23,7.0976
2010-11-24,7.0680
2010-11-25,.
2010-11-26,7.1210
2010-11-29,7.1671
2010-11-30,7.0855
2010-12-01,7.0100
2010-12-02,6.8865
2010-12-03,6.8537
2010-12-06,6.8870
2010-12-07,6.8800
2010-12-08,6.9321
2010-12-09,6.8855
2010-12-10,6.8401
2010-12-13,6.8420
2010-12-14,6.8251
2010-12-15,6.8260
2010-12-16,6.8380
2010-12-17,6.8625
2010-12-20,6.8425
2010-12-21,6.8100
2010-12-22,6.7900
2010-12-23,6.7401
2010-12-24,.
2010-12-27,6.7370
2010-12-28,6.6900
2010-12-29,6.6490
2010-12-30,6.6700
2010-12-31,.
2011-01-03,6.6110
2011-01-04,6.6922
2011-01-05,6.7185
2011-01-06,6.7850
2011-01-07,6.8050
2011-01-10,6.8336
2011-01-11,6.8730
2011-01-12,6.8305
2011-01-13,6.8040
2011-01-14,6.9391
2011-01-17,.
2011-01-18,6.9150
2011-01-19,6.9701
2011-01-20,7.0776
2011-01-21,7.0500
2011-01-24,7.0165
2011-01-25,7.0750
2011-01-26,7.0951
2011-01-27,7.0387
2011-01-28,7.1710
2011-01-31,7.1776
2011-02-01,7.1433
2011-02-02,7.1715
2011-02-03,7.2880
2011-02-04,7.2570
2011-02-07,7.2485
2011-02-08,7.1639
2011-02-09,7.2288
2011-02-10,7.2565
2011-02-11,7.3075
2011-02-14,7.3085
2011-02-15,7.3050
2011-02-16,7.2435
2011-02-17,7.1860
2011-02-18,7.1200
2011-02-21,.
2011-02-22,7.1400
2011-02-23,7.1265
2011-02-24,7.0680
2011-02-25,6.9876
2011-02-28,6.9538
2011-03-01,6.9396
2011-03-02,6.8885
2011-03-03,6.9010
2011-03-04,6.8901
2011-03-07,6.8780
2011-03-08,6.8833
2011-03-09,6.8675
2011-03-10,6.8875
2011-03-11,6.8790
2011-03-14,6.8510
2011-03-15,6.9682
2011-03-16,7.0070
2011-03-17,7.0705
2011-03-18,6.9880
2011-03-21,6.9351
2011-03-22,6.8882
2011-03-23,6.9190
2011-03-24,6.8536
2011-03-25,6.8422
2011-03-28,6.8652
2011-03-29,6.8651
2011-03-30,6.8105
2011-03-31,6.7675
2011-04-01,6.7020
2011-04-04,6.6901
2011-04-05,6.7183
2011-04-06,6.6875
2011-04-07,6.6901
2011-04-08,6.6455
2011-04-11,6.6474
2011-04-12,6.7292
2011-04-13,6.7751
2011-04-14,6.8560
2011-04-15,6.8265
2011-04-18,6.8700
2011-04-19,6.8335
2011-04-20,6.7729
2011-04-21,6.7135
2011-04-22,6.7025
2011-04-25,6.7300
2011-04-26,6.6920
2011-04-27,6.6503
2011-04-28,6.6250
2011-04-29,6.5810
2011-05-02,6.5730
2011-05-03,6.6234
2011-05-04,6.6525
2011-05-05,6.7450
2011-05-06,6.6501
2011-05-09,6.7510
2011-05-10,6.7809
2011-05-11,6.8400
2011-05-12,6.8910
2011-05-13,7.0201
2011-05-16,6.9781
2011-05-17,6.9947
2011-05-18,6.9170
2011-05-19,6.8888
2011-05-20,6.9044
2011-05-23,7.0215
2011-05-24,6.9967
2011-05-25,7.0276
2011-05-26,6.9875
2011-05-27,6.9050
2011-05-30,.
2011-05-31,6.8185
2011-06-01,6.7763
2011-06-02,6.7661
2011-06-03,6.7120
2011-06-06,6.7590
2011-06-07,6.7210
2011-06-08,6.7291
2011-06-09,6.7260
2011-06-10,6.7941
2011-06-13,6.7925
2011-06-14,6.7550
2011-06-15,6.8219
2011-06-16,6.8724
2011-06-17,6.7606
2011-06-20,6.7771
2011-06-21,6.7275
2011-06-22,6.7602
2011-06-23,6.8612
2011-06-24,6.8899
2011-06-27,6.8750
2011-06-28,6.8341
2011-06-29,6.8215
2011-06-30,6.7563
2011-07-01,6.7225
2011-07-04,.
2011-07-05,6.7301
2011-07-06,6.7402
2011-07-07,6.6771
2011-07-08,6.7045
2011-07-11,6.8278
2011-07-12,6.8749
2011-07-13,6.8224
2011-07-14,6.8430
2011-07-15,6.8926
2011-07-18,6.9958
2011-07-19,6.9536
2011-07-20,6.8897
2011-07-21,6.7951
2011-07-22,6.7782
2011-07-25,6.7564
2011-07-26,6.6719
2011-07-27,6.6700
2011-07-28,6.6910
2011-07-29,6.7061
2011-08-01,6.7470
2011-08-02,6.7450
2011-08-03,6.7365
2011-08-04,6.9213
2011-08-05,6.9446
2011-08-08,7.0875
2011-08-09,7.3012
2011-08-10,7.2575
2011-08-11,7.2286
2011-08-12,7.1815
2011-08-15,7.1182
2011-08-16,7.1072
2011-08-17,7.0868
2011-08-18,7.2230
2011-08-19,7.1728
2011-08-22,7.2250
2011-08-23,7.1985
2011-08-24,7.2460
2011-08-25,7.2159
2011-08-26,7.1301
2011-08-29,7.0426
2011-08-30,7.0851
2011-08-31,7.0010
2011-09-01,6.9965
2011-09-02,7.0552
2011-09-05,.
2011-09-06,7.1631
2011-09-07,7.1465
2011-09-08,7.1618
2011-09-09,7.2850
2011-09-12,7.4039
2011-09-13,7.3336
2011-09-14,7.3625
2011-09-15,7.3867
2011-09-16,7.4350
2011-09-19,7.7170
2011-09-20,7.6738
2011-09-21,7.8600
2011-09-22,8.2751
2011-09-23,8.2600
2011-09-26,8.0752
2011-09-27,7.8087
2011-09-28,7.7979
2011-09-29,7.8970
2011-09-30,8.0197
2011-10-03,8.1930
2011-10-04,8.2890
2011-10-05,8.0230
2011-10-06,7.9687
2011-10-07,7.8688
2011-10-10,.
2011-10-11,7.9082
2011-10-12,7.7982
2011-10-13,7.9028
2011-10-14,7.8250
2011-10-17,7.9473
2011-10-18,8.0352
2011-10-19,8.0177
2011-10-20,8.2325
2011-10-21,8.0310
2011-10-24,7.8684
2011-10-25,7.8918
2011-10-26,7.9916
2011-10-27,7.6935
2011-10-28,7.7115
2011-10-31,7.8820
2011-11-01,8.0986
2011-11-02,7.9631
2011-11-03,7.8610
2011-11-04,7.8775
2011-11-07,7.9680
2011-11-08,7.8910
2011-11-09,7.9902
2011-11-10,7.9950
2011-11-11,.
2011-11-14,7.9933
2011-11-15,8.2000
2011-11-16,8.1594
2011-11-17,8.1658
2011-11-18,8.2041
2011-11-21,8.3270
2011-11-22,8.3752
2011-11-23,8.5536
2011-11-24,.
2011-11-25,8.5025
2011-11-28,8.3820
2011-11-29,8.3531
2011-11-30,8.1250
2011-12-01,8.0925
2011-12-02,8.0371
2011-12-05,7.9923
2011-12-06,8.0275
2011-12-07,8.0250
2011-12-08,8.2650
2011-12-09,8.1225
2011-12-12,8.2771
2011-12-13,8.2860
2011-12-14,8.4250
2011-12-15,8.3801
2011-12-16,8.3599
2011-12-19,8.3866
2011-12-20,8.2211
2011-12-21,8.2679
2011-12-22,8.1750
2011-12-23,8.1350
2011-12-26,.
2011-12-27,8.1345
2011-12-28,8.1915
2011-12-29,8.1825
2011-12-30,8.0751
2012-01-02,.
2012-01-03,8.0250
2012-01-04,8.1426
2012-01-05,8.1715
2012-01-06,8.1450
2012-01-09,8.1777
2012-01-10,8.1109
2012-01-11,8.1052
2012-01-12,8.0550
2012-01-13,8.1393
2012-01-16,.
2012-01-17,8.0253
2012-01-18,7.9932
2012-01-19,7.9000
2012-01-20,7.9370
2012-01-23,7.9315
2012-01-24,7.9501
2012-01-25,8.0320
2012-01-26,7.7710
2012-01-27,7.7489
2012-01-30,7.8530
2012-01-31,7.8350
2012-02-01,7.6609
2012-02-02,7.6275
2012-02-03,7.5780
2012-02-06,7.5440
2012-02-07,7.5665
2012-02-08,7.5851
2012-02-09,7.5855
2012-02-10,7.7425
2012-02-13,7.6958
2012-02-14,7.7165
2012-02-15,7.6966
2012-02-16,7.7837
2012-02-17,7.7485
2012-02-20,.
2012-02-21,7.7007
2012-02-22,7.7282
2012-02-23,7.6810
2012-02-24,7.5917
2012-02-27,7.5359
2012-02-28,7.5402
2012-02-29,7.4663
2012-03-01,7.4650
2012-03-02,7.5286
2012-03-05,7.5528
2012-03-06,7.6596
2012-03-07,7.6212
2012-03-08,7.5199
2012-03-09,7.5180
2012-03-12,7.5630
2012-03-13,7.5285
2012-03-14,7.6810
2012-03-15,7.6107
2012-03-16,7.5950
2012-03-19,7.5333
2012-03-20,7.6168
2012-03-21,7.6408
2012-03-22,7.7173
2012-03-23,7.7150
2012-03-26,7.5950
2012-03-27,7.5971
2012-03-28,7.6929
2012-03-29,7.7454
2012-03-30,7.6585
2012-04-02,7.6274
2012-04-03,7.6945
2012-04-04,7.8090
2012-04-05,7.8328
2012-04-06,7.8750
2012-04-09,7.8714
2012-04-10,8.0173
2012-04-11,8.0020
2012-04-12,7.8877
2012-04-13,7.9400
2012-04-16,7.9616
2012-04-17,7.7901
2012-04-18,7.8103
2012-04-19,7.8552
2012-04-20,7.8020
2012-04-23,7.8621
2012-04-24,7.7921
2012-04-25,7.7620
2012-04-26,7.7846
2012-04-27,7.7550
2012-04-30,7.7594
2012-05-01,7.7200
2012-05-02,7.7433
2012-05-03,7.7317
2012-05-04,7.8261
2012-05-07,7.8105
2012-05-08,7.8960
2012-05-09,7.9918
2012-05-10,8.0160
2012-05-11,8.0901
2012-05-14,8.1667
2012-05-15,8.2751
2012-05-16,8.2910
2012-05-17,8.3101
2012-05-18,8.3417
2012-05-21,8.2745
2012-05-22,8.2824
2012-05-23,8.4371
2012-05-24,8.3515
2012-05-25,8.3800
2012-05-28,.
2012-05-29,8.3400
2012-05-30,8.5068
2012-05-31,8.5300
2012-06-01,8.5800
2012-06-04,8.4926
2012-06-05,8.4633
2012-06-06,8.3231
2012-06-07,8.3156
2012-06-08,8.4288
2012-06-11,8.4353
2012-06-12,8.4352
2012-06-13,8.3580
2012-06-14,8.4060
2012-06-15,8.3640
2012-06-18,8.3355
2012-06-19,8.2027
2012-06-20,8.1791
2012-06-21,8.3111
2012-06-22,8.4130
2012-06-25,8.5051
2012-06-26,8.4463
2012-06-27,8.4260
2012-06-28,8.4222
2012-06-29,8.1750
2012-07-02,8.1725
2012-07-03,8.0753
2012-07-04,.
2012-07-05,8.1300
2012-07-06,8.2731
2012-07-09,8.2738
2012-07-10,8.1950
2012-07-11,8.2401
2012-07-12,8.3440
2012-07-13,8.2722
2012-07-16,8.2175
2012-07-17,8.2226
2012-07-18,8.1568
2012-07-19,8.1865
2012-07-20,8.2617
2012-07-23,8.4465
2012-07-24,8.5175
2012-07-25,8.4563
2012-07-26,8.2604
2012-07-27,8.1796
2012-07-30,8.2060
2012-07-31,8.2351
2012-08-01,8.2643
2012-08-02,8.3810
2012-08-03,8.1325
2012-08-06,8.1350
2012-08-07,8.1400
2012-08-08,8.1078
2012-08-09,8.1051
2012-08-10,8.0850
2012-08-13,8.1461
2012-08-14,8.1671
2012-08-15,8.2130
2012-08-16,8.2110
2012-08-17,8.3201
2012-08-20,8.3013
2012-08-21,8.2433
2012-08-22,8.3075
2012-08-23,8.2821
2012-08-24,8.3867
2012-08-27,8.3991
2012-08-28,8.3761
2012-08-29,8.4035
2012-08-30,8.4795
2012-08-31,8.3844
2012-09-03,.
2012-09-04,8.4116
2012-09-05,8.3980
2012-09-06,8.2755
2012-09-07,8.1803
2012-09-10,8.1420
2012-09-11,8.1565
2012-09-12,8.3515
2012-09-13,8.3346
2012-09-14,8.2182
2012-09-17,8.2151
2012-09-18,8.1725
2012-09-19,8.2431
2012-09-20,8.3315
2012-09-21,8.2385
2012-09-24,8.2651
2012-09-25,8.1885
2012-09-26,8.2370
2012-09-27,8.2416
2012-09-28,8.2900
2012-10-01,8.3558
2012-10-02,8.3665
2012-10-03,8.4255
2012-10-04,8.5338
2012-10-05,8.6600
2012-10-08,.
2012-10-09,8.7553
2012-10-10,8.7049
2012-10-11,8.7031
2012-10-12,8.6405
2012-10-15,8.8130
2012-10-16,8.7292
2012-10-17,8.5889
2012-10-18,8.6255
2012-10-19,8.6400
2012-10-22,8.6229
2012-10-23,8.7801
2012-10-24,8.7805
2012-10-25,8.7193
2012-10-26,8.6604
2012-10-29,8.7000
2012-10-30,8.6303
2012-10-31,8.6982
2012-11-01,8.6457
2012-11-02,8.7376
2012-11-05,8.7280
2012-11-06,8.6367
2012-11-07,8.6579
2012-11-08,8.7179
2012-11-09,8.7024
2012-11-12,.
2012-11-13,8.7776
2012-11-14,8.8905
2012-11-15,8.9245
2012-11-16,8.8703
2012-11-19,8.8183
2012-11-20,8.8539
2012-11-21,8.9691
2012-11-22,.
2012-11-23,8.8700
2012-11-26,8.8640
2012-11-27,8.8269
2012-11-28,8.8245
2012-11-29,8.7916
2012-11-30,8.8815
2012-12-03,8.8489
2012-12-04,8.8007
2012-12-05,8.7625
2012-12-06,8.6690
2012-12-07,8.6560
2012-12-10,8.6785
2012-12-11,8.6655
2012-12-12,8.6579
2012-12-13,8.6580
2012-12-14,8.6256
2012-12-17,8.5455
2012-12-18,8.5002
2012-12-19,8.4837
2012-12-20,8.5025
2012-12-21,8.5670
2012-12-24,8.5811
2012-12-25,.
2012-12-26,8.5650
2012-12-27,8.5031
2012-12-28,8.4770
2012-12-31,8.4845
2013-01-01,.
2013-01-02,8.4927
2013-01-03,8.5520
2013-01-04,8.5930
2013-01-07,8.5751
2013-01-08,8.5910
2013-01-09,8.5801
2013-01-10,8.6251
2013-01-11,8.7364
2013-01-14,8.7117
2013-01-15,8.8050
2013-01-16,8.7816
2013-01-17,8.8065
2013-01-18,8.8855
2013-01-21,.
2013-01-22,8.8550
2013-01-23,9.0251
2013-01-24,9.0265
2013-01-25,8.9571
2013-01-28,9.1271
2013-01-29,9.0260
2013-01-30,9.0486
2013-01-31,8.9520
2013-02-01,8.8385
2013-02-04,8.9280
2013-02-05,8.8465
2013-02-06,8.9014
2013-02-07,8.9321
2013-02-08,8.8888
2013-02-11,8.9071
2013-02-12,8.9001
2013-02-13,8.8555
2013-02-14,8.8020
2013-02-15,8.8521
2013-02-18,.
2013-02-19,8.8670
2013-02-20,8.8880
2013-02-21,8.8820
2013-02-22,8.8701
2013-02-25,8.8271
2013-02-26,8.8496
2013-02-27,8.8500
2013-02-28,8.9703
2013-03-01,9.0716
2013-03-04,9.0994
2013-03-05,9.0580
2013-03-06,9.0929
2013-03-07,9.1455
2013-03-08,9.1256
2013-03-11,9.1180
2013-03-12,9.1675
2013-03-13,9.2400
2013-03-14,9.1853
2013-03-15,9.1871
2013-03-18,9.1591
2013-03-19,9.2700
2013-03-20,9.2712
2013-03-21,9.3150
2013-03-22,9.3161
2013-03-25,9.2931
2013-03-26,9.2423
2013-03-27,9.2875
2013-03-28,9.1750
2013-03-29,9.2275
2013-04-01,9.1776
2013-04-02,9.2126
2013-04-03,9.2027
2013-04-04,9.1785
2013-04-05,9.0937
2013-04-08,9.0186
2013-04-09,8.9112
2013-04-10,8.9015
2013-04-11,8.8989
2013-04-12,8.9576
2013-04-15,9.1326
2013-04-16,9.1315
2013-04-17,9.1801
2013-04-18,9.1913
2013-04-19,9.2251
2013-04-22,9.2526
2013-04-23,9.2255
2013-04-24,9.1795
2013-04-25,9.0701
2013-04-26,9.1225
2013-04-29,8.9780
2013-04-30,8.9741
2013-05-01,9.0201
2013-05-02,8.9636
2013-05-03,8.9260
2013-05-06,8.9954
2013-05-07,9.0161
2013-05-08,9.0110
2013-05-09,8.9835
2013-05-10,9.1105
2013-05-13,9.1466
2013-05-14,9.2052
2013-05-15,9.2795
2013-05-16,9.3001
2013-05-17,9.4100
2013-05-20,9.4810
2013-05-21,9.5256
2013-05-22,9.5550
2013-05-23,9.5350
2013-05-24,9.5800
2013-05-27,.
2013-05-28,9.7675
2013-05-29,9.7900
2013-05-30,10.0175
2013-05-31,10.0680
2013-06-03,9.8300
2013-06-04,9.7628
2013-06-05,10.0085
2013-06-06,9.8800
2013-06-07,9.9750
2013-06-10,10.1441
2013-06-11,10.0500
2013-06-12,10.0075
2013-06-13,9.9189
2013-06-14,9.9636
2013-06-17,9.9030
2013-06-18,9.9736
2013-06-19,9.9543
2013-06-20,10.2015
2013-06-21,10.2385
2013-06-24,10.1135
2013-06-25,10.0876
2013-06-26,10.1348
2013-06-27,9.9745
2013-06-28,9.8799
2013-07-01,9.8895
2013-07-02,9.9155
2013-07-03,10.0835
2013-07-04,.
2013-07-05,10.1790
2013-07-08,10.2020
2013-07-09,10.0400
2013-07-10,10.0300
2013-07-11,9.9905
2013-07-12,9.9915
2013-07-15,9.8955
2013-07-16,9.8730
2013-07-17,9.8450
2013-07-18,9.9250
2013-07-19,9.8615
2013-07-22,9.8010
2013-07-23,9.7265
2013-07-24,9.7485
2013-07-25,9.8070
2013-07-26,9.7930
2013-07-29,9.7845
2013-07-30,9.7970
2013-07-31,9.9145
2013-08-01,9.9825
2013-08-02,9.8665
2013-08-05,9.8565
2013-08-06,9.9130
2013-08-07,9.8940
2013-08-08,9.8110
2013-08-09,9.7680
2013-08-12,9.8210
2013-08-13,9.9820
2013-08-14,9.9350
2013-08-15,9.9900
2013-08-16,10.0370
2013-08-19,10.1675
2013-08-20,10.1350
2013-08-21,10.2525
2013-08-22,10.2970
2013-08-23,10.2130
2013-08-26,10.3180
2013-08-27,10.4080
2013-08-28,10.3150
2013-08-29,10.3375
2013-08-30,10.2570
2013-09-02,.
2013-09-03,10.3175
2013-09-04,10.2170
2013-09-05,10.2300
2013-09-06,10.0125
2013-09-09,9.9755
2013-09-10,10.0325
2013-09-11,9.9000
2013-09-12,9.9430
2013-09-13,9.9375
2013-09-16,9.7930
2013-09-17,9.7990
2013-09-18,9.8115
2013-09-19,9.6930
2013-09-20,9.8650
2013-09-23,9.8250
2013-09-24,9.8355
2013-09-25,9.9300
2013-09-26,10.0000
2013-09-27,10.0700
2013-09-30,10.0450
2013-10-01,10.0800
2013-10-02,10.0335
2013-10-03,10.0750
2013-10-04,9.9950
2013-10-07,9.9710
2013-10-08,9.9775
2013-10-09,9.9975
2013-10-10,9.8900
2013-10-11,9.8980
2013-10-14,.
2013-10-15,9.9335
2013-10-16,9.8760
2013-10-17,9.8075
2013-10-18,9.7500
2013-10-21,9.8400
2013-10-22,9.7305
2013-10-23,9.7670
2013-10-24,9.7665
2013-10-25,9.8185
2013-10-28,9.8085
2013-10-29,9.8690
2013-10-30,9.8680
2013-10-31,10.0020
2013-11-01,10.1680
2013-11-04,10.1170
2013-11-05,10.2360
2013-11-06,10.2785
2013-11-07,10.2900
2013-11-08,10.3360
2013-11-11,.
2013-11-12,10.3820
2013-11-13,10.3330
2013-11-14,10.2900
2013-11-15,10.1710
2013-11-18,10.1200
2013-11-19,10.1880
2013-11-20,10.0675
2013-11-21,10.1445
2013-11-22,10.0830
2013-11-25,10.0755
2013-11-26,10.1360
2013-11-27,10.2255
2013-11-28,.
2013-11-29,10.1765
2013-12-02,10.2635
2013-12-03,10.3375
2013-12-04,10.4755
2013-12-05,10.4150
2013-12-06,10.3525
2013-12-09,10.3747
2013-12-10,10.3550
2013-12-11,10.3535
2013-12-12,10.4200
2013-12-13,10.3125
2013-12-16,10.2715
2013-12-17,10.3350
2013-12-18,10.3575
2013-12-19,10.3785
2013-12-20,10.3350
2013-12-23,10.3265
2013-12-24,10.3325
2013-12-25,.
2013-12-26,10.3410
2013-12-27,10.4925
2013-12-30,10.4200
2013-12-31,10.4850
2014-01-01,.
2014-01-02,10.6800
2014-01-03,10.6595
2014-01-06,10.6450
2014-01-07,10.6425
2014-01-08,10.7595
2014-01-09,10.8055
2014-01-10,10.6615
2014-01-13,10.7900
2014-01-14,10.8155
2014-01-15,10.8585
2014-01-16,10.9300
2014-01-17,10.8450
2014-01-20,.
2014-01-21,10.8600
2014-01-22,10.8770
2014-01-23,10.9900
2014-01-24,11.0855
2014-01-27,11.1760
2014-01-28,11.0565
2014-01-29,11.1900
2014-01-30,11.1600
2014-01-31,11.1445
2014-02-03,11.2515
2014-02-04,11.0910
2014-02-05,11.1360
2014-02-06,11.0150
2014-02-07,11.0380
2014-02-10,11.1135
2014-02-11,10.9750
2014-02-12,11.0010
2014-02-13,11.0195
2014-02-14,10.8700
2014-02-17,.
2014-02-18,10.8605
2014-02-19,10.9270
2014-02-20,11.0000
2014-02-21,10.9405
2014-02-24,10.8100
2014-02-25,10.7155
2014-02-26,10.8460
2014-02-27,10.7245
2014-02-28,10.7265
2014-03-03,10.8735
2014-03-04,10.7850
2014-03-05,10.6995
2014-03-06,10.6000
2014-03-07,10.7150
2014-03-10,10.7530
2014-03-11,10.8050
2014-03-12,10.8540
2014-03-13,10.7760
2014-03-14,10.7200
2014-03-17,10.7320
2014-03-18,10.7300
2014-03-19,10.7500
2014-03-20,10.9300
2014-03-21,10.8650
2014-03-24,10.8555
2014-03-25,10.7635
2014-03-26,10.6855
2014-03-27,10.6200
2014-03-28,10.5950
2014-03-31,10.5275
2014-04-01,10.5630
2014-04-02,10.6165
2014-04-03,10.6455
2014-04-04,10.5295
2014-04-07,10.5180
2014-04-08,10.4295
2014-04-09,10.4510
2014-04-10,10.3775
2014-04-11,10.4790
2014-04-14,10.4985
2014-04-15,10.5500
2014-04-16,10.5500
2014-04-17,10.4850
2014-04-18,10.4825
2014-04-21,10.4925
2014-04-22,10.5410
2014-04-23,10.6085
2014-04-24,10.6230
2014-04-25,10.6520
2014-04-28,10.6275
2014-04-29,10.5615
2014-04-30,10.5195
2014-05-01,10.4820
2014-05-02,10.4775
2014-05-05,10.4700
2014-05-06,10.5000
2014-05-07,10.4635
2014-05-08,10.3205
2014-05-09,10.3745
2014-05-12,10.3695
2014-05-13,10.3200
2014-05-14,10.3075
2014-05-15,10.4190
2014-05-16,10.3495
2014-05-19,10.3445
2014-05-20,10.4400
2014-05-21,10.4075
2014-05-22,10.3200
2014-05-23,10.2990
2014-05-26,.
2014-05-27,10.4605
2014-05-28,10.4780
2014-05-29,10.4050
2014-05-30,10.5860
2014-06-02,10.6840
2014-06-03,10.7335
2014-06-04,10.7630
2014-06-05,10.6955
2014-06-06,10.5870
2014-06-09,10.6285
2014-06-10,10.7070
2014-06-11,10.7320
2014-06-12,10.6880
2014-06-13,10.7100
2014-06-16,10.7372
2014-06-17,10.8165
2014-06-18,10.7355
2014-06-19,10.7060
2014-06-20,10.6925
2014-06-23,10.5640
2014-06-24,10.5805
2014-06-25,10.5780
2014-06-26,10.6300
2014-06-27,10.6165
2014-06-30,10.6240
2014-07-01,10.6750
2014-07-02,10.7435
2014-07-03,10.7435
2014-07-04,.
2014-07-07,10.7840
2014-07-08,10.6940
2014-07-09,10.6880
2014-07-10,10.7060
2014-07-11,10.7155
2014-07-14,10.6795
2014-07-15,10.7115
2014-07-16,10.6675
2014-07-17,10.7225
2014-07-18,10.6535
2014-07-21,10.6115
2014-07-22,10.5650
2014-07-23,10.5000
2014-07-24,10.5220
2014-07-25,10.5095
2014-07-28,10.5810
2014-07-29,10.6000
2014-07-30,10.6895
2014-07-31,10.7060
2014-08-01,10.7015
2014-08-04,10.6980
2014-08-05,10.7555
2014-08-06,10.7275
2014-08-07,10.7375
2014-08-08,10.6690
2014-08-11,10.6330
2014-08-12,10.6355
2014-08-13,10.5820
2014-08-14,10.5400
2014-08-15,10.6000
2014-08-18,10.6135
2014-08-19,10.6410
2014-08-20,10.7020
2014-08-21,10.6940
2014-08-22,10.6985
2014-08-25,10.7020
2014-08-26,10.6850
2014-08-27,10.6195
2014-08-28,10.6455
2014-08-29,10.6475
2014-09-01,.
2014-09-02,10.7420
2014-09-03,10.6805
2014-09-04,10.7055
2014-09-05,10.6915
2014-09-08,10.7780
2014-09-09,10.9245
2014-09-10,10.9265
2014-09-11,10.9545
2014-09-12,10.9930
2014-09-15,10.9850
2014-09-16,10.8720
2014-09-17,10.9670
2014-09-18,11.0540
2014-09-19,11.0800
2014-09-22,11.1635
2014-09-23,11.1350
2014-09-24,11.1495
2014-09-25,11.1830
2014-09-26,11.2500
2014-09-29,11.2655
2014-09-30,11.3055
2014-10-01,11.2500
2014-10-02,11.2150
2014-10-03,11.3425
2014-10-06,11.2450
2014-10-07,11.1795
2014-10-08,11.1730
2014-10-09,11.0850
2014-10-10,11.0875
2014-10-13,.
2014-10-14,11.0405
2014-10-15,11.0640
2014-10-16,11.0975
2014-10-17,11.0910
2014-10-20,11.0180
2014-10-21,10.9925
2014-10-22,10.9835
2014-10-23,10.9650
2014-10-24,10.9290
2014-10-27,10.9420
2014-10-28,10.8555
2014-10-29,10.8325
2014-10-30,10.8710
2014-10-31,11.0470
2014-11-03,11.0755
2014-11-04,11.0460
2014-11-05,11.1400
2014-11-06,11.2455
2014-11-07,11.2695
2014-11-10,11.2520
2014-11-11,.
2014-11-12,11.1740
2014-11-13,11.2125
2014-11-14,11.1070
2014-11-17,11.1150
2014-11-18,11.0245
2014-11-19,11.0665
2014-11-20,10.9625
2014-11-21,10.9360
2014-11-24,11.0330
2014-11-25,10.9375
2014-11-26,10.9645
2014-11-27,.
2014-11-28,11.0595
2014-12-01,10.9940
2014-12-02,11.1210
2014-12-03,11.2375
2014-12-04,11.1780
2014-12-05,11.3435
2014-12-08,11.5560
2014-12-09,11.4210
2014-12-10,11.5300
2014-12-11,11.6300
2014-12-12,11.6625
2014-12-15,11.7455
2014-12-16,11.6675
2014-12-17,11.6240
2014-12-18,11.5605
2014-12-19,11.6160
2014-12-22,11.5270
2014-12-23,11.6355
2014-12-24,11.6540
2014-12-25,.
2014-12-26,.
2014-12-29,11.6370
2014-12-30,11.5650
2014-12-31,11.5425
2015-01-01,.
2015-01-02,11.6990
2015-01-05,11.7155
2015-01-06,11.7005
2015-01-07,11.7075
2015-01-08,11.5530
2015-01-09,11.4850
2015-01-12,11.5260
2015-01-13,11.5100
2015-01-14,11.4405
2015-01-15,11.5100
2015-01-16,11.5740
2015-01-19,.
2015-01-20,11.6130
2015-01-21,11.5240
2015-01-22,11.3765
2015-01-23,11.4020
2015-01-26,11.4430
2015-01-27,11.5410
2015-01-28,11.5250
2015-01-29,11.5570
2015-01-30,11.6510
2015-02-02,11.5185
2015-02-03,11.4065
2015-02-04,11.4375
2015-02-05,11.2705
2015-02-06,11.5005
2015-02-09,11.5930
2015-02-10,11.7040
2015-02-11,11.8645
2015-02-12,11.6920
2015-02-13,11.6300
2015-02-16,.
2015-02-17,11.6310
2015-02-18,11.6820
2015-02-19,11.6225
2015-02-20,11.6230
2015-02-23,11.6250
2015-02-24,11.5385
2015-02-25,11.4440
2015-02-26,11.5000
2015-02-27,11.6865
2015-03-02,11.7490
2015-03-03,11.7660
2015-03-04,11.8230
2015-03-05,11.8145
2015-03-06,12.0555
2015-03-09,12.0910
2015-03-10,12.3335
2015-03-11,12.2760
2015-03-12,12.2625
2015-03-13,12.4655
2015-03-16,12.4200
2015-03-17,12.3875
2015-03-18,12.3265
2015-03-19,12.3285
2015-03-20,12.0400
2015-03-23,11.9030
2015-03-24,11.8360
2015-03-25,11.8550
2015-03-26,11.9220
2015-03-27,12.0155
2015-03-30,12.1355
2015-03-31,12.1385
2015-04-01,11.9610
2015-04-02,11.9730
2015-04-03,11.7765
2015-04-06,11.7340
2015-04-07,11.8575
2015-04-08,11.8145
2015-04-09,11.9040
2015-04-10,11.9935
2015-04-13,12.1095
2015-04-14,11.9940
2015-04-15,12.1720
2015-04-16,11.9650
2015-04-17,12.0670
2015-04-20,12.0945
2015-04-21,12.1120
2015-04-22,12.2050
2015-04-23,12.1800
2015-04-24,12.1055
2015-04-27,11.9785
2015-04-28,11.8100
2015-04-29,11.7185
2015-04-30,11.9355
2015-05-01,12.0650
2015-05-04,12.0455
2015-05-05,12.0040
2015-05-06,11.9775
2015-05-07,12.0405
2015-05-08,11.9215
2015-05-11,12.0820
2015-05-12,12.0430
2015-05-13,11.8760
2015-05-14,11.8220
2015-05-15,11.7645
2015-05-18,11.8520
2015-05-19,11.9130
2015-05-20,11.8705
2015-05-21,11.8395
2015-05-22,11.8600
2015-05-25,.
2015-05-26,12.0790
2015-05-27,12.0775
2015-05-28,12.1655
2015-05-29,12.1420
2015-06-01,12.2530
2015-06-02,12.2290
2015-06-03,12.2625
2015-06-04,12.3625
2015-06-05,12.5715
2015-06-08,12.5400
2015-06-09,12.4300
2015-06-10,12.3115
2015-06-11,12.3370
2015-06-12,12.4050
2015-06-15,12.4025
2015-06-16,12.3815
2015-06-17,12.4100
2015-06-18,12.1890
2015-06-19,12.1545
2015-06-22,12.1105
2015-06-23,12.1955
2015-06-24,12.1455
2015-06-25,12.0845
2015-06-26,12.2140
2015-06-29,12.2740
2015-06-30,12.1450
2015-07-01,12.2530
2015-07-02,12.2700
2015-07-03,.
2015-07-06,12.3985
2015-07-07,12.5090
2015-07-08,12.5225
2015-07-09,12.5190
2015-07-10,12.4630
2015-07-13,12.4460
2015-07-14,12.3375
2015-07-15,12.4355
2015-07-16,12.3735
2015-07-17,12.3370
2015-07-20,12.4350
2015-07-21,12.3355
2015-07-22,12.4045
2015-07-23,12.4245
2015-07-24,12.6140
2015-07-27,12.6095
2015-07-28,12.5660
2015-07-29,12.5105
2015-07-30,12.7405
2015-07-31,12.6200
2015-08-03,12.6870
2015-08-04,12.6550
2015-08-05,12.8100
2015-08-06,12.7405
2015-08-07,12.6275
2015-08-10,12.6735
2015-08-11,12.8030
2015-08-12,12.7600
2015-08-13,12.8205
2015-08-14,12.7980
2015-08-17,12.8765
2015-08-18,12.9260
2015-08-19,12.9460
2015-08-20,12.8615
2015-08-21,12.9250
2015-08-24,13.1690
2015-08-25,13.0460
2015-08-26,13.1250
2015-08-27,13.1120
2015-08-28,13.3185
2015-08-31,13.2455
2015-09-01,13.3980
2015-09-02,13.4790
2015-09-03,13.5250
2015-09-04,13.8300
2015-09-07,.
2015-09-08,13.7440
2015-09-09,13.7220
2015-09-10,13.6425
2015-09-11,13.6175
2015-09-14,13.5195
2015-09-15,13.4655
2015-09-16,13.2715
2015-09-17,13.3755
2015-09-18,13.2760
2015-09-21,13.4800
2015-09-22,13.6945
2015-09-23,13.8285
2015-09-24,13.9340
2015-09-25,13.8645
2015-09-28,13.9730
2015-09-29,13.9580
2015-09-30,13.8155
2015-10-01,13.8700
2015-10-02,13.7865
2015-10-05,13.5725
2015-10-06,13.5185
2015-10-07,13.3970
2015-10-08,13.3730
2015-10-09,13.3155
2015-10-12,.
2015-10-13,13.4370
2015-10-14,13.3305
2015-10-15,13.0785
2015-10-16,13.1080
2015-10-19,13.2755
2015-10-20,13.2565
2015-10-21,13.4925
2015-10-22,13.4225
2015-10-23,13.6550
2015-10-26,13.6025
2015-10-27,13.6605
2015-10-28,13.5495
2015-10-29,13.8335
2015-10-30,13.8135
2015-11-02,13.7865
2015-11-03,13.7950
2015-11-04,13.9655
2015-11-05,13.9005
2015-11-06,14.1860
2015-11-09,14.3050
2015-11-10,14.2645
2015-11-11,.
2015-11-12,14.2725
2015-11-13,14.3825
2015-11-16,14.3860
2015-11-17,14.2860
2015-11-18,14.2005
2015-11-19,14.0085
2015-11-20,13.9355
2015-11-23,14.0830
2015-11-24,13.9835
2015-11-25,14.1440
2015-11-26,.
2015-11-27,14.3880
2015-11-30,14.4800
2015-12-01,14.4325
2015-12-02,14.3750
2015-12-03,14.3700
2015-12-04,14.3255
2015-12-07,14.5425
2015-12-08,14.6000
2015-12-09,14.5775
2015-12-10,15.2519
2015-12-11,15.7510
2015-12-14,15.1465
2015-12-15,14.9815
2015-12-16,15.0725
2015-12-17,15.2060
2015-12-18,15.0435
2015-12-21,15.1045
2015-12-22,15.1855
2015-12-23,15.1845
2015-12-24,15.2740
2015-12-25,.
2015-12-28,15.2935
2015-12-29,15.2885
2015-12-30,15.5795
2015-12-31,15.4660
2016-01-01,.
2016-01-04,15.6150
2016-01-05,15.6260
2016-01-06,15.7855
2016-01-07,15.9740
2016-01-08,16.1800
2016-01-11,16.8025
2016-01-12,16.7125
2016-01-13,16.3905
2016-01-14,16.4305
2016-01-15,16.8125
2016-01-18,.
2016-01-19,16.6930
2016-01-20,16.8845
2016-01-21,16.5125
2016-01-22,16.4625
2016-01-25,16.4510
2016-01-26,16.3535
2016-01-27,16.3355
2016-01-28,16.1995
2016-01-29,15.9535
2016-02-01,15.9480
2016-02-02,16.1835
2016-02-03,16.1400
2016-02-04,15.8305
2016-02-05,15.9785
2016-02-08,16.1400
2016-02-09,16.0532
2016-02-10,15.8555
2016-02-11,15.8200
2016-02-12,15.8250
2016-02-15,.
2016-02-16,15.7050
2016-02-17,15.4700
2016-02-18,15.3700
2016-02-19,15.4095
2016-02-22,15.1830
2016-02-23,15.2050
2016-02-24,15.6445
2016-02-25,15.5805
2016-02-26,16.1550
2016-02-29,15.7465
2016-03-01,15.5465
2016-03-02,15.6055
2016-03-03,15.5825
2016-03-04,15.3095
2016-03-07,15.2830
2016-03-08,15.3825
2016-03-09,15.1450
2016-03-10,15.3835
2016-03-11,15.2005
2016-03-14,15.5555
2016-03-15,15.9450
2016-03-16,16.1400
2016-03-17,15.1610
2016-03-18,15.2560
2016-03-21,15.1560
2016-03-22,15.2190
2016-03-23,15.3215
2016-03-24,15.5225
2016-03-25,15.4675
2016-03-28,15.5755
2016-03-29,15.3655
2016-03-30,14.8870
2016-03-31,14.7100
2016-04-01,14.7350
2016-04-04,14.6805
2016-04-05,15.0700
2016-04-06,15.1100
2016-04-07,15.1465
2016-04-08,14.9605
2016-04-11,14.7055
2016-04-12,14.6855
2016-04-13,14.5800
2016-04-14,14.5225
2016-04-15,14.5785
2016-04-18,14.4810
2016-04-19,14.2855
2016-04-20,14.2150
2016-04-21,14.2800
2016-04-22,14.4025
2016-04-25,14.5175
2016-04-26,14.3605
2016-04-27,14.5055
2016-04-28,14.2645
2016-04-29,14.2355
2016-05-02,14.3255
2016-05-03,14.6085
2016-05-04,14.9215
2016-05-05,14.9290
2016-05-06,14.8850
2016-05-09,15.1840
2016-05-10,15.1305
2016-05-11,15.0265
2016-05-12,15.0600
2016-05-13,15.3505
2016-05-16,15.6075
2016-05-17,15.5215
2016-05-18,15.7430
2016-05-19,15.8805
2016-05-20,15.6690
2016-05-23,15.7625
2016-05-24,15.6150
2016-05-25,15.6900
2016-05-26,15.5650
2016-05-27,15.6500
2016-05-30,.
2016-05-31,15.7150
2016-06-01,15.5975
2016-06-02,15.5910
2016-06-03,15.1010
2016-06-06,14.9605
2016-06-07,14.8760
2016-06-08,14.7125
2016-06-09,14.8345
2016-06-10,15.1055
2016-06-13,15.1535
2016-06-14,15.3035
2016-06-15,15.2525
2016-06-16,15.4485
2016-06-17,15.2170
2016-06-20,14.8215
2016-06-21,14.7555
2016-06-22,14.6300
2016-06-23,14.4260
2016-06-24,15.0000
2016-06-27,15.4900
2016-06-28,15.2180
2016-06-29,14.8310
2016-06-30,14.7755
2016-07-01,14.5755
2016-07-04,.
2016-07-05,14.7865
2016-07-06,14.7775
2016-07-07,14.7000
2016-07-08,14.5750
2016-07-11,14.4360
2016-07-12,14.3310
2016-07-13,14.4240
2016-07-14,14.2320
2016-07-15,14.3530
2016-07-18,14.2585
2016-07-19,14.3320
2016-07-20,14.3380
2016-07-21,14.2245
2016-07-22,14.3460
2016-07-25,14.3700
2016-07-26,14.3635
2016-07-27,14.3505
2016-07-28,14.1990
2016-07-29,13.8875
2016-08-01,13.9005
2016-08-02,14.0125
2016-08-03,13.9645
2016-08-04,13.6800
2016-08-05,13.7970
2016-08-08,13.6275
2016-08-09,13.4205
2016-08-10,13.3105
2016-08-11,13.3210
2016-08-12,13.5175
2016-08-15,13.3105
2016-08-16,13.3060
2016-08-17,13.4905
2016-08-18,13.3500
2016-08-19,13.5065
2016-08-22,13.5705
2016-08-23,13.8000
2016-08-24,14.1900
2016-08-25,14.2320
2016-08-26,14.1205
2016-08-29,14.3925
2016-08-30,14.4850
2016-08-31,14.6985
2016-09-01,14.6845
2016-09-02,14.4705
2016-09-05,.
2016-09-06,14.0630
2016-09-07,14.0500
2016-09-08,14.1130
2016-09-09,14.3910
2016-09-12,14.3900
2016-09-13,14.4735
2016-09-14,14.2550
2016-09-15,14.1875
2016-09-16,14.2265
2016-09-19,14.0050
2016-09-20,13.8550
2016-09-21,13.6800
2016-09-22,13.6075
2016-09-23,13.6900
2016-09-26,13.6750
2016-09-27,13.4800
2016-09-28,13.6825
2016-09-29,13.8550
2016-09-30,13.7200
2016-10-03,13.6450
2016-10-04,13.7300
2016-10-05,13.7150
2016-10-06,13.8550
2016-10-07,13.9325
2016-10-10,.
2016-10-11,14.3600
2016-10-12,14.2550
2016-10-13,14.2225
2016-10-14,14.2475
2016-10-17,14.1450
2016-10-18,13.8900
2016-10-19,13.8600
2016-10-20,13.9125
2016-10-21,14.0275
2016-10-24,13.9175
2016-10-25,13.7750
2016-10-26,13.8775
2016-10-27,13.8600
2016-10-28,13.8325
2016-10-31,13.4850
2016-11-01,13.5750
2016-11-02,13.5100
2016-11-03,13.4750
2016-11-04,13.6100
2016-11-07,13.3425
2016-11-08,13.2725
2016-11-09,13.4750
2016-11-10,14.0425
2016-11-11,.
2016-11-14,14.3700
2016-11-15,14.2000
2016-11-16,14.2950
2016-11-17,14.3050
2016-11-18,14.3800
2016-11-21,14.2675
2016-11-22,14.1325
2016-11-23,14.2025
2016-11-24,.
2016-11-25,14.1050
2016-11-28,13.7325
2016-11-29,13.8800
2016-11-30,14.0775
2016-12-01,14.0750
2016-12-02,13.8825
2016-12-05,13.7725
2016-12-06,13.5975
2016-12-07,13.5200
2016-12-08,13.6500
2016-12-09,13.7650
2016-12-12,13.6450
2016-12-13,13.6375
2016-12-14,13.6725
2016-12-15,14.1025
2016-12-16,14.0750
2016-12-19,14.0925
2016-12-20,14.0150
2016-12-21,13.9385
2016-12-22,14.0305
2016-12-23,14.0081
2016-12-26,.
2016-12-27,13.9325
2016-12-28,13.8575
2016-12-29,13.6225
2016-12-30,13.7000
2017-01-02,.
2017-01-03,13.7800
2017-01-04,13.6275
2017-01-05,13.5575
2017-01-06,13.7150
2017-01-09,13.6325
2017-01-10,13.6725
2017-01-11,13.8375
2017-01-12,13.4675
2017-01-13,13.4425
2017-01-16,.
2017-01-17,13.4950
2017-01-18,13.5050
2017-01-19,13.6000
2017-01-20,.
2017-01-23,13.5000
2017-01-24,13.3375
2017-01-25,13.2625
2017-01-26,13.3825
2017-01-27,13.4900
2017-01-30,13.5350
2017-01-31,13.5075
2017-02-01,13.4250
2017-02-02,13.3675
2017-02-03,13.2300
